time,FL,FR,BL,BR,x,y,z,vx,vy,vz,r1x,r1y,r1z,r2x,r2y,r2z,r3x,r3y,r3z,wx,wy,wz
0.0,0.0,0.0,0.12505454545454545,0.12505454545454545,-1.0,8.0,-3.999474048614502,0.0,0.0,0.10180812329053879,0.7071067340592394,0.7071068273138607,-3.7605876987049865e-05,-0.7071068263138703,0.7071067350592313,3.7605851580402064e-05,5.318272329480596e-05,2.143452805181069e-11,0.999999998585799,6.047691236688024e-09,-0.017352938652038574,6.659209977470963e-15
0.01,0.0,1.5723864016381484e-09,0.11445080340124011,0.11445080497365316,-1.0,8.0,-3.9975621700286865,1.4114044688540162e-07,-1.4114036162027332e-07,0.21680361032485962,0.707106647238914,0.7071068273138329,-0.00035241553186637984,-0.7071067394935889,0.707106735059259,0.0003524153524005685,0.0004983906978548605,1.594134484790219e-10,0.9999998758033485,1.2645172908776203e-08,-0.057311564683914185,2.7243336167721843e-13
0.02,0.0,3.287200081580899e-09,0.09447149038477076,0.09447149367306058,-1.0,8.0,-3.9942703247070312,1.0502202485440648e-06,-1.050219793796714e-06,0.3319269120693207,0.7071060025794824,0.7071068462099431,-0.0010045691081205978,-0.7071061326265952,0.707106716163146,0.001004568978307686,0.0014206751652535887,2.2243280112764496e-10,0.9999989908405282,-1.1362327967390229e-08,-0.09505333751440048,4.031449382223967e-13
0.03,2.9550115548948597e-09,0.0,0.07560060692427775,0.07560060397087877,-1.0,8.0,-3.9895946979522705,3.14370367959782e-06,-3.143702997476794e-06,0.447450190782547,0.7071040293576454,0.7071068439176091,-0.0019501156530533448,-0.7071041548193073,0.7071067184554805,0.0019501159953071454,0.0027578802467540992,2.655709094474823e-12,0.999996197041041,-2.547360899995965e-08,-0.12634524703025818,-1.1459216821968488e-12
0.04,6.620846502991551e-09,0.0,0.05900920128982744,0.05900919466439725,-1.0,8.0,-3.9835305213928223,6.37040920992149e-06,-6.370409664668841e-06,0.5633549690246582,0.7070997661811742,0.7071068526951722,-0.003133614216338652,-0.7070999091937648,0.7071067096779156,0.0031336155861179356,0.004431600692571555,-5.204243238611517e-10,0.9999901804094387,-2.8680725350227476e-08,-0.15128810703754425,-8.97827038409682e-12
0.05,7.439032050082783e-09,0.0,0.04748322666548919,0.04748321919054406,-1.0,8.0,-3.9760735034942627,1.0475676390342414e-05,-1.0475678209331818e-05,0.6795541644096375,0.7070923988048854,0.7071068124146829,-0.004505040410417165,-0.7070924612524587,0.7071067499584108,0.004505041974667157,0.006371090353542628,-8.247404369686462e-10,0.9999797043978977,-3.4636798318388173e-08,-0.17100778222084045,-9.281453210163715e-12
0.06,8.987004654348318e-09,0.0,0.03667793607696552,0.03667792705283505,-0.9999997615814209,8.0,-3.9672205448150635,1.5147688827710226e-05,-1.514769064669963e-05,0.7959608435630798,0.7070810978069693,0.7071067875911382,-0.006025949438251186,-0.7070811106057352,0.7071067747819568,0.006025950714955072,0.008521980324515344,-8.256084704783007e-10,0.999963687266367,-3.2804187810597796e-08,-0.18662545084953308,-7.701726409403697e-12
0.07,8.513685378214175e-09,0.0,0.030796374013413196,0.03079636546892091,-0.9999995231628418,8.0,-3.956969738006592,2.0140132619417273e-05,-2.014013625739608e-05,0.91250079870224,0.7070652328488827,0.7071067904421353,-0.007664424764929964,-0.7070652513403148,0.7071067719309596,0.0076644266866727605,0.010839134809229557,-1.217071327400121e-09,0.9999412548527975,-2.5840185102765645e-08,-0.1990724354982376,3.701187360066749e-12
0.08,6.7258505015432846e-09,0.0,0.023591061696602047,0.023591054985556293,-0.9999992847442627,8.0,-3.9453201293945312,2.5267225282732397e-05,-2.5267228920711204e-05,1.0291093587875366,0.7070442981047671,0.7071068009215039,-0.009398542870787572,-0.7070443375527972,0.7071067614515907,0.009398544779351203,0.013291548143971066,-9.786850305865125e-10,0.9999116634722972,-1.7639138150116196e-08,-0.2091379314661026,6.241051078714754e-12
0.09,4.598658020354973e-09,0.0,0.0176128570349428,0.017612852461248985,-0.9999990463256836,8.0,-3.9322705268859863,3.007514533237554e-05,-3.0075150789343752e-05,1.1457732915878296,0.7070180013998589,0.7071067344762769,-0.011207665004136525,-0.7070179079519245,0.7071068278968149,0.011207665991986564,0.015850032549899563,-1.7457609012908049e-09,0.9998743803439346,-1.2095401125122862e-08,-0.21684186160564423,9.632388636715561e-12
0.1,3.1640690692502638e-09,0.0,0.011869981432891266,0.011869978307351751,-0.9999985694885254,8.0,-3.917820930480957,3.4228494769195095e-05,-3.42284984071739e-05,1.262463927268982,0.7069859715767497,0.7071067334970368,-0.013073004124152687,-0.706985876156294,0.7071068288760551,0.013073005483310668,0.018488020694405853,-2.20833763688727e-09,0.9998290819389098,-7.55960183340676e-09,-0.2224351018667221,1.2951581647435706e-11
0.11,1.9913996406745182e-09,0.0,0.014782451032135425,0.01478244909254211,-0.9999980926513672,8.0,-3.9019713401794434,3.837708936771378e-05,-3.837708936771378e-05,1.379084587097168,0.7069481705870153,0.7071067067400724,-0.01497963240142168,-0.70694802166111,0.7071068556330149,0.014979632379781904,0.021184399286152247,-2.215557120578693e-09,0.9997755854324933,-5.56658275030486e-09,-0.2271878719329834,1.1159587143261263e-11
0.12,1.469630689712731e-09,0.0,0.010515156389910721,0.01051515496491838,-0.999997615814209,8.0,-3.88472318649292,4.2938117985613644e-05,-4.2938117985613644e-05,1.4955781698226929,0.7069042257408722,0.7071066931415083,-0.016927496689659975,-0.706904049652508,0.7071068692315756,0.016927494510525817,0.023939093854662273,-1.4402960542975185e-09,0.9997134188283249,-3.7339198399877205e-09,-0.2317773848772049,1.0402323100122679e-11
0.13,9.91623804770525e-10,0.0,0.007238581259489435,0.007238580309474923,-0.9999971389770508,8.0,-3.8660776615142822,4.670126872952096e-05,-4.670126872952096e-05,1.6120043992996216,0.7068540069039829,0.7071066860198528,-0.01890892672272456,-0.7068538166362061,0.7071068763532294,0.018908921725138292,0.026741257087369207,-6.519557289863531e-11,0.9996423886417518,-3.2986395837042437e-09,-0.2351391613483429,1.298341816002857e-11
0.14,8.836131279790771e-10,0.0,0.005557692910747568,0.005557692079068113,-0.9999966621398926,8.0,-3.8460352420806885,4.9712256441125646e-05,-4.9712256441125646e-05,1.7283329963684082,0.706797556497779,0.7071066464492556,-0.020914221861126507,-0.7067972871467222,0.7071069159238138,0.020914213701369484,0.02957717043266602,1.3402856081923264e-10,0.9995624997913822,-3.2642413216876776e-09,-0.23755262792110443,1.2817717373603266e-11
0.15,8.743381782472248e-10,0.0,0.004350959615423252,0.004350958792355943,-0.9999959468841553,8.0,-3.8245980739593506,5.225216591497883e-05,-5.225215863902122e-05,1.844526767730713,0.7067348311307146,0.7071066133716422,-0.02293721414486112,-0.7067344956514661,0.707106949001413,0.02293720406198297,0.032438112197047855,-5.690381759543284e-10,0.9994737459668922,-3.4818323779717275e-09,-0.23939931392669678,1.1404630712030794e-11
0.16,2.000547283491172,2.000547282563086,2.004956717414105,2.0049567165316375,-0.9999926090240479,7.999997138977051,-3.8018813133239746,0.0009255611221306026,-0.0009255607146769762,1.9234154224395752,0.7066657837861094,0.7071066123427716,-0.024974162790627127,-0.7066654463133373,0.7071069500302829,0.024974150749177963,0.035318791212829055,8.118016675551232e-11,0.999376096866072,2.8887072289762727e-08,-0.24098002910614014,-8.29005440683428e-12
0.17,3.9434761888606125,4.178308196387832,3.9451679925059415,4.18,-0.9999657869338989,7.999970436096191,-3.778738498687744,0.00412003044039011,-0.0041200281120836735,1.912461757659912,0.7065905201814303,0.7071094741019063,-0.02694491464193818,-0.706589918194677,0.7071040795678156,0.027101811086938238,0.03821680645181517,-0.00011087776116889929,0.9992694648645812,-0.036202654242515564,-0.24216607213020325,-9.134726042248076e-07
0.18,3.975871726168155,4.176975772101219,3.9788996079573526,4.18,-0.9998871684074402,7.999892234802246,-3.7561898231506348,0.00912519171833992,-0.009166487492620945,1.8426893949508667,0.7065099049828254,0.7071351158878807,-0.028349286400059223,-0.7065072349474075,0.7070776916105574,0.029810484626284307,0.041125188487441885,-0.0010324267135701122,0.9991534681754117,-0.11743545532226562,-0.24301190674304962,-1.1216395250812639e-05
0.19,4.010763535391677,4.1793465679802075,4.011461832992472,4.18,-0.9997451901435852,7.999748229980469,-3.734534740447998,0.014582497999072075,-0.014918440952897072,1.7660906314849854,0.7064257320480782,0.7071891298713883,-0.02908985548409111,-0.7064154729657531,0.7070184673711509,0.03319738469699103,0.0440438946382812,-0.0029019627663539257,0.9990253820385119,-0.1918555200099945,-0.24373233318328857,-3.382370050530881e-05
0.2,4.093080965430607,4.1788065412653825,4.0944097189672455,4.18,-0.9995364546775818,7.999531269073486,-3.713809013366699,0.020232699811458588,-0.021379847079515457,1.6878122091293335,0.7063398085607446,0.7072675050642395,-0.02927031128253665,-0.7063130361939828,0.7069240980324343,0.037151238518614155,0.04696775217964251,-0.005567396270721028,0.9988808909744727,-0.2462477684020996,-0.24410387873649597,-6.685043626930565e-05
0.21,4.133731631880066,4.178076549331696,4.135922484293447,4.18,-0.999259352684021,7.999232292175293,-3.6940319538116455,0.025961894541978836,-0.02866225503385067,1.6081366539001465,0.7062534517449568,0.7073603964164751,-0.029108958756047902,-0.7061985608008808,0.7067992905848217,0.04145305237925616,0.04989643896210103,-0.008719656548280934,0.9987163325832723,-0.2757408022880554,-0.24465185403823853,-0.00010625910363160074
0.22,4.144738272205812,4.18,4.1448066815757745,4.179643372955436,-0.9989134073257446,7.99884033203125,-3.675215721130371,0.03167956322431564,-0.03681441769003868,1.527858853340149,0.7061671878431018,0.7074605607875978,-0.02876556524498,-0.7060713374466673,0.7066486476020765,0.04594513334871178,0.05283151758221499,-0.012134404487003713,0.9985297126163577,-0.2929731011390686,-0.24505573511123657,-0.00014876751811243594
0.23,4.1483212374881395,4.17969812986457,4.149218177696018,4.179999999999999,-0.9984992146492004,7.998345851898193,-3.6573636531829834,0.03733430802822113,-0.04585836082696915,1.4474823474884033,0.7060816904826035,0.7075648393054643,-0.028295662986778464,-0.7059309991378819,0.7064733718855191,0.0505648027079784,0.055768008942588904,-0.01572809573144341,0.9983198666676136,-0.3064970076084137,-0.24515555799007416,-0.00019294366938993335
0.24,4.151887364609588,4.179836393606544,4.152822745680603,4.179999999999999,-0.9980177283287048,7.997736930847168,-3.6404759883880615,0.0428972989320755,-0.055815085768699646,1.3671432733535767,0.7059972960233993,0.7076718535269142,-0.027719410769898485,-0.7057771948623626,0.7062728856045069,0.05529161122718183,0.058705785233342155,-0.019472000042750886,0.9980854031566997,-0.3183159828186035,-0.24534758925437927,-0.00023830322606954724
0.25,4.154074495614571,4.179041310170238,4.155986398348611,4.18,-0.9974701404571533,7.997003078460693,-3.624552011489868,0.04834696650505066,-0.06670523434877396,1.2868715524673462,0.7059143241510373,0.7077805216009803,-0.02704995749772762,-0.7056095184097564,0.7060464557656376,0.06011330826308978,0.06164555529749191,-0.023348137892046032,0.997824979627709,-0.32878825068473816,-0.24566416442394257,-0.00028459090390242636
0.26,4.157171763370227,4.18,4.156145226602424,4.177835099616587,-0.9968578815460205,7.996132850646973,-3.609590768814087,0.0536644347012043,-0.07854670286178589,1.2066980600357056,0.7058329983639178,0.7078899388978729,-0.02629853280636668,-0.7054276149585618,0.7057933632898784,0.06502006144134831,0.06458837723984674,-0.02734159364644828,0.9975373570861372,-0.33816808462142944,-0.24573057889938354,-0.0003316146321594715
0.27,4.159024836373616,4.18,4.159004594370062,4.178653299467808,-0.9961826801300049,7.995114326477051,-3.595590829849243,0.058833736926317215,-0.09135691821575165,1.126624584197998,0.7057535906619251,0.7079994618314017,-0.025468241286853967,-0.705231846204517,0.7055127514388011,0.06999857610138185,0.06752712319333837,-0.03144073160246213,0.9972219251648721,-0.34669116139411926,-0.24535804986953735,-0.0003790905757341534
0.28,4.162129157174638,4.18,4.162390131573156,4.178744612095581,-0.9954464435577393,7.993936538696289,-3.5825514793395996,0.06384039670228958,-0.10515279322862625,1.0466257333755493,0.7056764610711039,0.7081082119617474,-0.024566083173749708,-0.705021931236252,0.7052041503307513,0.07504120756083603,0.0704613991208527,-0.03563518638396551,0.99687778825958,-0.3542453348636627,-0.24512475728988647,-0.0004268463235348463
0.29,4.161829802073132,4.179306980382922,4.1642302069843495,4.18,-0.994651198387146,7.992586612701416,-3.5704715251922607,0.06867030262947083,-0.11994732916355133,0.9667133092880249,0.7056016923124782,0.7082154948508069,-0.023602217247398537,-0.7047976297834245,0.7048672279716521,0.08014045160358033,0.07339313903515532,-0.03991245150057257,0.996504111059147,-0.3609903156757355,-0.245224729180336,-0.00047474613529630005
0.3,4.165163989805098,4.18,4.166628390212795,4.179565415866511,-0.993799090385437,7.991053581237793,-3.5593502521514893,0.07331134378910065,-0.13575232028961182,0.8868974447250366,0.7055293589652865,0.7083207174260937,-0.022585059287412414,-0.7045583096183736,0.7045014504398038,0.08529533794946034,0.07632766199571386,-0.044265873912040184,0.9960997040563115,-0.3671305775642395,-0.2455802708864212,-0.0005227926885709167
0.31,4.165899358337185,4.179726629911261,4.168263899180207,4.18,-0.9928925037384033,7.989325046539307,-3.5491859912872314,0.0777534693479538,-0.15258046984672546,0.8071728348731995,0.7054595690807004,0.708423344920523,-0.021521170137572824,-0.7043038756318457,0.7041065836454895,0.09049845102010846,0.07926441296341108,-0.048685554723091704,0.9956640345010312,-0.372497022151947,-0.24589146673679352,-0.0005708661628887057
0.32,4.1684551297973655,4.18,4.169778401482018,4.179039807033098,-0.9919337630271912,7.9873881340026855,-3.539977788925171,0.0819874033331871,-0.17044147849082947,0.7275558114051819,0.7053925052776087,0.70852281425384,-0.020416541822679025,-0.7040340112629613,0.7036824833600852,0.09574483587728252,0.08220416341745207,-0.05316374981133106,0.9951965088477929,-0.3771953880786896,-0.24618147313594818,-0.000618879625108093
0.33,4.167595223468425,4.18,4.169851337059757,4.1797805950909,-0.9909255504608154,7.985230445861816,-3.531724452972412,0.08600514382123947,-0.18934403359889984,0.6480591297149658,0.7053283644139623,0.7086186185657927,-0.019275678328730214,-0.7037487241592298,0.7032291922848559,0.10102690910171097,0.08514476846748197,-0.057691910527360224,0.9946969447335816,-0.38147202134132385,-0.24638362228870392,-0.0006666881963610649
0.34,4.169613712792385,4.18,4.169937096222574,4.177656630644744,-0.9898704290390015,7.982839584350586,-3.524423837661743,0.08979945629835129,-0.20929472148418427,0.5687052011489868,0.7052670948959272,0.7087106045926209,-0.018099828590920013,-0.70344799773528,0.7027459821941021,0.10634377740268629,0.08808654459839188,-0.06226847876741724,0.9941646730862584,-0.385527640581131,-0.2464422881603241,-0.0007142745889723301
0.35,4.169079182827694,4.18,4.170413860652749,4.178477579469165,-0.9887712597846985,7.980203151702881,-3.5180747509002686,0.09336385130882263,-0.23030193150043488,0.4894932508468628,0.7052090482055592,0.7087982295000959,-0.016889884148179726,-0.7031320337540892,0.7022329492011432,0.11168808425746848,0.09102494953499306,-0.06688762900413112,0.9935997703544208,-0.3892112076282501,-0.24625281989574432,-0.0007614934584125876
0.36,4.171436290702884,4.18,4.173941958580928,4.179459694044393,-0.9876306653022766,7.97730827331543,-3.5126755237579346,0.09669248759746552,-0.2523765563964844,0.41039055585861206,0.7051541608475503,0.7088813350337289,-0.015648075925982996,-0.7028007890998291,0.7016895810694639,0.1170588854347153,0.09396095082556748,-0.07154708001979133,0.993001689354352,-0.3925638496875763,-0.24634850025177002,-0.0008083216962404549
0.37,4.1717226847990165,4.18,4.1732923507928845,4.178336379208906,-0.9864516258239746,7.974141597747803,-3.5082249641418457,0.09977936744689941,-0.27552568912506104,0.3313961327075958,0.705102644632541,0.7089593925044912,-0.014381943952723603,-0.7024536317912287,0.7011163568192396,0.12245304971224533,0.09689765588242777,-0.07623932043361561,0.9923700974456612,-0.39533892273902893,-0.24652346968650818,-0.000854749174322933
0.38,4.172351348836228,4.18,4.173926385068892,4.178156039535372,-0.9852369427680969,7.970691204071045,-3.504721164703369,0.10261901468038559,-0.29975104331970215,0.25254717469215393,0.7050545035616512,0.7090322377911648,-0.013093234141598346,-0.7020907862094493,0.7005132153935595,0.12786619169574787,0.09983323558430196,-0.08095999525586525,0.9917049985963263,-0.3978659212589264,-0.24651196599006653,-0.0009006960317492485
0.39,4.173408111100185,4.18,4.176062611077741,4.179051715850559,-0.9839897155761719,7.966943264007568,-3.5021631717681885,0.10520701110363007,-0.325059711933136,0.17381833493709564,0.7050098090347283,0.7090996470824751,-0.011783873400774449,-0.7017122902500561,0.6998801698929289,0.13329519684769686,0.10276687636022164,-0.08570553248276713,0.9910063222931569,-0.4000473618507385,-0.2466006726026535,-0.0009461049921810627
0.4,4.173884467733194,4.18,4.175603614143501,4.177934726441583,-0.9827129244804382,7.96288537979126,-3.500549077987671,0.1075388714671135,-0.35145461559295654,0.09521377086639404,0.7049685576757064,0.7091614410748378,-0.010458641465015975,-0.7013178447981138,0.6992174319670936,0.13873811084583773,0.10570058304646787,-0.09047117400588134,0.9902738779840828,-0.40187835693359375,-0.246733620762825,-0.000990967615507543
0.41,4.173268619389901,4.18,4.175992835148595,4.178760345296663,-0.9814097881317139,7.958504676818848,-3.4998772144317627,0.10960880666971207,-0.3789287805557251,0.016757629811763763,0.7049308820523279,0.7092173885122243,-0.00911851746872442,-0.7009075342288874,0.6985251474597507,0.144191701659681,0.10863277585566777,-0.09525394584075839,0.9895077593488887,-0.403641939163208,-0.24681659042835236,-0.0010352306999266148
0.42,4.174640806418944,4.18,4.177412063513712,4.178630334295061,-0.9800833463668823,7.953787326812744,-3.5001461505889893,0.11141321808099747,-0.4074842631816864,-0.0615612268447876,0.7048968064955445,0.709267371581566,-0.007764522017455193,-0.700481090210948,0.6978029984210651,0.1496570000081947,0.1115649337796813,-0.10005384052772619,0.9887074868465332,-0.40527650713920593,-0.24704968929290771,-0.001078932429663837
0.43,4.17497839063323,4.18,4.176738683573376,4.17744456322149,-0.9787368774414062,7.948720932006836,-3.501354217529297,0.11294707655906677,-0.4371142089366913,-0.13972866535186768,0.7048663592166493,0.7093112561831136,-0.006399804418804368,-0.7000384358503582,0.6970513262545486,0.15513103138624143,0.1144971789034542,-0.10486653621965573,0.9878731728336598,-0.40654441714286804,-0.24713997542858124,-0.0011220484739169478
0.44,4.174219633327493,4.18,4.176021015288308,4.177313188065147,-0.9773736596107483,7.943292140960693,-3.5034990310668945,0.11420747637748718,-0.4678131937980652,-0.2177082896232605,0.7048396125518537,0.7093489122777442,-0.005024064901444504,-0.6995799819783969,0.6962703242234193,0.16060972704329168,0.11742644247723263,-0.10968936254804185,0.987005204824648,-0.40779241919517517,-0.2470124214887619,-0.0011644911719486117
0.45,4.175953046646848,4.18,4.178884909155455,4.178273897820812,-0.9759969711303711,7.937489032745361,-3.5065786838531494,0.11519178748130798,-0.49958282709121704,-0.2955176532268524,0.7048166318309381,0.7093802168220494,-0.003636409767062511,-0.6991058140337726,0.6954597474354572,0.16609274662424692,0.12035188523105109,-0.11452269503688854,0.9861034307022868,-0.40889137983322144,-0.24699895083904266,-0.0012062529567629099
0.46,4.175663616479475,4.179999999999999,4.179631192428025,4.179142564121498,-0.9746100902557373,7.93129825592041,-3.5105910301208496,0.11589743196964264,-0.5324249267578125,-0.3731701970100403,0.7047974361600274,0.7094050643728711,-0.002242459447735483,-0.6986154044697139,0.6946202233846175,0.1715787338300467,0.12327648040023695,-0.11936163498891403,0.9851678585261008,-0.40964749455451965,-0.24731557071208954,-0.0012473516399040818
0.47,4.17577800894073,4.18,4.176796745046312,4.176029329545965,-0.9732164740562439,7.924706935882568,-3.515533924102783,0.11632270365953445,-0.5663276314735413,-0.45059850811958313,0.7047820366984983,0.7094234045193768,-0.0008449066536159316,-0.6981083205504748,0.6937518651049022,0.17706812937868022,0.12620243074248638,-0.1242046004929217,0.9841982339402371,-0.4103766083717346,-0.24741582572460175,-0.0012878389097750187
0.48,4.1758866039934635,4.18,4.178863459859803,4.1778255002272395,-0.9718194007873535,7.9177021980285645,-3.521404266357422,0.1164667159318924,-0.6012880206108093,-0.5277869701385498,0.7047704251052769,0.7094352217719854,0.0005603626158404429,-0.6975857174987273,0.6928546400674083,0.18255578456693164,0.1291232536714946,-0.12905081885209427,0.9831953374151501,-0.41103535890579224,-0.24721433222293854,-0.0013275897363200784
0.49,4.174976195661047,4.18,4.178133299931309,4.177846745324981,-0.9704223275184631,7.910271644592285,-3.5281999111175537,0.11632809787988663,-0.6373082995414734,-0.604754626750946,0.7047626872138865,0.7094403909789165,0.0019713849811208994,-0.6970471279948868,0.6919286080810524,0.18804282138145387,0.1320411150556583,-0.13389971234733686,0.9821588522067899,-0.41177791357040405,-0.24732734262943268,-0.001366636366583407
0.5,4.17509116661332,4.179999999999999,4.176342586213589,4.175784874133934,-0.969028651714325,7.902402877807617,-3.535917282104492,0.1159057468175888,-0.6743780970573425,-0.6814503073692322,0.7047588353791656,0.7094388619529931,0.003388968256606617,-0.6964923645962388,0.690973250373748,0.19353127221996438,0.1349569191043655,-0.13875326453377593,0.9810882537096639,-0.41266345977783203,-0.24721786379814148,-0.0014050571480765939
0.51,4.174798817602918,4.178552068720471,4.18,4.178133022525246,-0.9676417708396912,7.894083023071289,-3.544553518295288,0.11519841104745865,-0.7124982476234436,-0.7578812837600708,0.7047588180602734,0.7094306310825689,0.0048153969799631935,-0.695922174859479,0.6899884442166812,0.19901827400089825,0.13786709145093032,-0.14361102509637644,0.9799839481163091,-0.4133371412754059,-0.24726909399032593,-0.0014427854912355542
0.52,4.146094430558145,4.150239617536284,4.18,4.1783740450131965,-0.9662650227546692,7.885299205780029,-3.5541045665740967,0.11420587450265884,-0.7516183257102966,-0.8338062763214111,0.7047628255925199,0.7094156089765891,0.006233249812316682,-0.6953322762839229,0.6889748926703605,0.20451558089222344,0.1407919927434291,-0.14846915844794345,0.9788434623417034,-0.41379302740097046,-0.251997709274292,-0.001480121398344636
0.53,2.223729520931366,3.7782308493310754,4.18,2.627780842806331,-0.9649015665054321,7.876051425933838,-3.5645089149475098,0.11304932832717896,-0.7880349159240723,-0.8916168808937073,0.7047855363336207,0.7093810727713551,0.007472708256847677,-0.694659479738068,0.6879451496306148,0.21018962464819105,0.14396372801843924,-0.1533295949693739,0.9776320781979081,-0.41426634788513184,-0.31392598152160645,0.004486671648919582
0.54,0.0,3.4514836524984798,4.18,0.7294266760658454,-0.9635515809059143,7.866414546966553,-3.5753536224365234,0.11201260983943939,-0.8158758878707886,-0.9047084450721741,0.7049349740500338,0.7092301949439902,0.007694994528119642,-0.6935477835781826,0.6869946135361272,0.21686371957092662,0.14851987831555893,-0.1582116669277486,0.9761715598157297,-0.4145607054233551,-0.49336230754852295,0.026114795356988907
0.55,0.0,3.5110194338066587,4.18,0.670654827255831,-0.9622125625610352,7.8564910888671875,-3.5861129760742188,0.11118549108505249,-0.8378351926803589,-0.8869988322257996,0.7053457796841569,0.708837829226754,0.006021871706703805,-0.6915680932841298,0.6862463621363124,0.22538745041823055,0.1556306635374341,-0.1631406212804779,0.9742506013624614,-0.41454529762268066,-0.7352817058563232,0.059017352759838104
0.56,0.0,3.5944374914914787,4.18,0.5854925492229748,-0.9608824849128723,7.846305847167969,-3.5966312885284424,0.11055149137973785,-0.8599188327789307,-0.865850567817688,0.7060374117933779,0.7081706884116998,0.0023343570008022146,-0.6885833552463305,0.6857316471007365,0.2358496789105655,0.16542108700469227,-0.16812609624627003,0.971786746017446,-0.4140279293060303,-0.9617563486099243,0.09368374943733215
0.57,0.0,3.679632328741497,4.18,0.5015031956879366,-0.9595580101013184,7.835849285125732,-3.606891632080078,0.11028491705656052,-0.8829655647277832,-0.8441712856292725,0.7069784402094557,0.7072279694930573,-0.0031755701428829164,-0.68457724700205,0.6854493534551149,0.24801850079189466,0.17758231321305434,-0.1731698097668646,0.968750091106684,-0.4128152132034302,-1.159882664680481,0.12921613454818726
0.58,0.018373601436614706,3.7613366496346208,4.18,0.4398275863907548,-0.9582335948944092,7.825109481811523,-3.6168906688690186,0.11056485027074814,-0.9072520732879639,-0.8223557472229004,0.7081270567383027,0.7060102750577137,-0.010274386992904117,-0.679550629366618,0.6853953439703636,0.26161835675498807,0.1917472650198224,-0.17827707081023672,0.9651167143826387,-0.41108861565589905,-1.3288698196411133,0.16545900702476501
0.59,0.17535292387008639,3.8467896879318406,4.18,0.513272792160814,-0.9569017291069031,7.81406831741333,-3.6266322135925293,0.11156908422708511,-0.933334231376648,-0.8018426299095154,0.7094380758937162,0.7045188492311825,-0.018729857185578652,-0.6735131832631391,0.6855634166165584,0.2763743724873644,0.20755145974667363,-0.18345569730864594,0.9608675240021506,-0.40884310007095337,-1.4688122272491455,0.2017718404531479
0.6,0.31794979453086825,3.868181089424306,4.18,0.5373186567060291,-0.9555526375770569,7.802700996398926,-3.636143207550049,0.11348064988851547,-0.9617071151733398,-0.783730149269104,0.7108621720868848,0.7027607608583304,-0.028324641105169177,-0.6664948543478353,0.6859470124127878,0.29199538573379635,0.22463210238915965,-0.18869024659422978,0.9560002141299105,-0.39842087030410767,-1.5810872316360474,0.2374245524406433
0.61,0.44539272069931,3.866954189538955,4.18,0.5512596786022179,-0.954174280166626,7.790979385375977,-3.645447015762329,0.11644703894853592,-0.9922986626625061,-0.7671119570732117,0.7123526307735577,0.7007384616499351,-0.03897868384737756,-0.6585325038025213,0.6865860579504001,0.30811446974089396,0.2426698804251854,-0.19381742283038508,0.9505504382944726,-0.3678548038005829,-1.6702935695648193,0.272363543510437
0.62,0.5598738718032834,3.6911394448851667,4.18,0.400719747123631,-0.9527536034584045,7.778879165649414,-3.654552698135376,0.12054009735584259,-1.0245991945266724,-0.7499903440475464,0.7138655539776504,0.69844075896634,-0.05075900963085611,-0.6496648812453654,0.6875806648052263,0.32429673365985107,0.2614029703745303,-0.19852792146326964,0.944592584916294,-0.2889863848686218,-1.7408863306045532,0.306629478931427
0.63,0.6637021231651303,3.6079219779637075,4.18,0.3507377705242849,-0.9512768983840942,7.766384601593018,-3.6634395122528076,0.1258145570755005,-1.0581505298614502,-0.7309292554855347,0.7153545744341342,0.6958166614407266,-0.06408593057481492,-0.6399365193478399,0.6892036478737782,0.3398228699814784,0.28062267200126656,-0.2020829171873722,0.9383034746498125,-0.1423523873090744,-1.796413540840149,0.3403146266937256
0.64,4.18,2.9842616713667343,2.7625821580106558,2.928102336152293,-0.9497250318527222,7.753458499908447,-3.672145366668701,0.13373683393001556,-1.0996638536453247,-0.7285418510437012,0.7167618258406272,0.6928246079992493,-0.07903510339271329,-0.6295606072429494,0.6916813666269513,0.35387897488966735,0.2998431703832843,-0.2038895524831016,0.9319458801683397,0.04680626466870308,-1.7232880592346191,0.35800838470458984
0.65,4.18,2.956152859404683,2.6023392009735105,2.810525599196553,-0.9480531811714172,7.739954471588135,-3.681004762649536,0.14537228643894196,-1.15152108669281,-0.7483771443367004,0.7180576046747471,0.6895969099581463,-0.09407113343072239,-0.619684053753381,0.6950019027557387,0.3646423298105687,0.3168358406060485,-0.2035398166012709,0.9263836101558467,0.25304195284843445,-1.4643806219100952,0.35386499762535095
0.66,4.18,3.018060912489891,2.74007969379425,2.9936005967855452,-0.9462271928787231,7.725813865661621,-3.6901094913482666,0.15946650505065918,-1.205877661705017,-0.7697980999946594,0.7193526969537132,0.6861402233395807,-0.10836646760381928,-0.6109225984111538,0.6991554145895135,0.3714233231781894,0.33061348450416145,-0.2009808452705778,0.9221179011917839,0.45016592741012573,-1.180491328239441,0.3473550081253052
0.67,4.18,3.082333124876022,2.8950443196296693,3.186797477006912,-0.9442163705825806,7.711004257202148,-3.699490785598755,0.17618314921855927,-1.2628532648086548,-0.7946340441703796,0.7207253928795626,0.6824177815548075,-0.12190520692905354,-0.6033100847042682,0.7040842540658498,0.37454279444499367,0.3414261995698765,-0.19639586195831876,0.9191609302254529,0.6267272233963013,-0.9362473487854004,0.3407801389694214
0.68,4.18,3.1413888001441954,3.0303160476684567,3.354825403690338,-0.9419890642166138,7.695497512817383,-3.709193229675293,0.19554848968982697,-1.3219915628433228,-0.8232235312461853,0.7222013139684618,0.6784039710995677,-0.13488259375680828,-0.596704017342143,0.7096938496348131,0.37453832311028834,0.3498136329389905,-0.19000708351757878,0.9173482056575731,0.7830268144607544,-0.7379515767097473,0.33432790637016296
0.69,4.18,3.19493115901947,3.1423683989048,3.4946111834049223,-0.939513623714447,7.679271221160889,-3.71925950050354,0.21751950681209564,-1.382601022720337,-0.855222761631012,0.7237809859016746,0.6740823193787544,-0.1474927494765722,-0.5909373153914614,0.7158795382370828,0.3718999543041026,0.3562782251627685,-0.18201514616762016,0.9164803941386022,0.9211700558662415,-0.5795524716377258,0.32798728346824646
0.7,4.18,3.24352964758873,3.234249197244644,3.60972797870636,-0.9367592334747314,7.6623125076293945,-3.7297282218933105,0.24204511940479279,-1.4440031051635742,-0.8901953101158142,0.725454326329963,0.6694415099306298,-0.15988772683022917,-0.5858560386030885,0.7225365507779079,0.36703356089363287,0.36123222785548353,-0.172594894396567,0.9163636177777912,1.0432993173599243,-0.4536120891571045,0.3217407464981079
0.71,4.18,3.287776329517364,3.309712462425231,3.7044517779350277,-0.933695375919342,7.644615173339844,-3.7406325340270996,0.2690843939781189,-1.5055937767028809,-0.9277523756027222,0.7272066515626892,0.6644738531903259,-0.17217718881833005,-0.5813284780726137,0.7295637966191983,0.36026915944104865,0.36500368012495493,-0.16189862596384874,0.9168212194349874,1.151333212852478,-0.35360562801361084,0.31557872891426086
0.72,4.18,3.3281891775131225,3.3720397281646726,3.782543821334839,-0.9302921295166016,7.6261796951293945,-3.7520017623901367,0.29860901832580566,-1.5668491125106812,-0.9675684571266174,0.7290223318648646,0.6591736487552996,-0.18443573522758538,-0.5772450575940439,0.7368663600983449,0.3518751352947027,0.36785130572768676,-0.15006021505396153,0.9176967629518994,1.2469528913497925,-0.2742144763469696,0.3094976246356964
0.73,4.18,3.3652125024795527,3.423897512555122,3.8471005135774607,-0.9265196919441223,7.607013702392578,-3.7638609409332275,0.33060136437416077,-1.6273175477981567,-1.0093716382980347,0.7308858453052625,0.6535369689017433,-0.19671123864978804,-0.5735164574918771,0.7443562182754908,0.34207118162829475,0.36997939688363723,-0.13719785199970053,0.9188536310470173,1.3316289186477661,-0.21118903160095215,0.30349740386009216
0.74,4.18,3.3992287111282344,3.4674106764793393,3.9006290030479427,-0.9223485589027405,7.58712911605835,-3.7762324810028076,0.3650517165660858,-1.6866097450256348,-1.0529310703277588,0.7327824887053369,0.6475614457900195,-0.20903109379504367,-0.5700709571634527,0.7519524315370254,0.33103873565536124,0.3715493615195129,-0.12341683285473984,0.9201735473933966,1.4066483974456787,-0.16115446388721466,0.29757973551750183
0.75,4.18,3.430569112300873,3.5042632970213887,3.945151351392269,-0.9177493453025818,7.5665411949157715,-3.7891366481781006,0.4019557237625122,-1.7443891763687134,-1.0980467796325684,0.7346992658673863,0.6412453959125076,-0.22140761268514464,-0.5668510536034556,0.7595817256582699,0.31892865201273024,0.3726887062450056,-0.10881150797142794,0.9215547644987833,1.4731396436691284,-0.1214342936873436,0.291747123003006
0.76,4.18,3.459522061347961,3.535788607150316,3.9822991605103013,-0.9126925468444824,7.5452704429626465,-3.8025906085968018,0.4413120150566101,-1.8003642559051514,-1.1445424556732178,0.7366244759611271,0.6345882893807708,-0.23384200733782157,-0.5638113645280836,0.7671777090844742,0.30586779482789345,0.3734984961736463,-0.09346692283735923,0.9229099672727237,1.532092571258545,-0.08990714699029922,0.28600218892097473
0.77,4.18,3.4863396906852717,3.5630420486629006,4.013390495032072,-0.9071488380432129,7.523339748382568,-3.816610097885132,0.48312050104141235,-1.8542805910110474,-1.192258596420288,0.7385481479691309,0.6275901839299061,-0.2463274125350109,-0.5609160720757991,0.7746809014667954,0.2919634583122522,0.3740585425016032,-0.07746006672744311,0.9241645658886497,1.5843796730041504,-0.06488961726427078,0.28034737706184387
0.78,4.18,3.5112439608573913,3.5868604372441766,4.039493906348944,-0.9010885953903198,7.5007758140563965,-3.8312084674835205,0.5273808836936951,-1.9059158563613892,-1.241048812866211,0.7404614477608518,0.620252194839196,-0.2588514229767019,-0.5581373641071173,0.7820378239291947,0.277307635545163,0.37443227313823074,-0.06086096237531714,0.9252547844195607,1.630767822265625,-0.045047204941511154,0.27478477358818054
0.79,4.18,3.548536268430883,3.607906850352883,4.075582213136489,-0.894482433795929,7.477606773376465,-3.8463988304138184,0.5741259455680847,-1.9551104307174683,-1.2908978462219238,0.7423570301944846,0.6125776866950785,-0.27139384201586325,-0.5554533890958757,0.7891992220622972,0.2619849622367106,0.37466995110727896,-0.04373974919419675,0.9261259428812574,1.669757604598999,-0.029322851449251175,0.2693159580230713
0.8,4.18,3.5730905156950516,3.6267066582292316,4.097061006016569,-0.8873002529144287,7.453863143920898,-3.8621935844421387,0.6233747005462646,-2.0017101764678955,-1.3417482376098633,0.7442284087505264,0.6045822283698046,-0.2839091487572401,-0.5528477585060962,0.7961118579712498,0.246100112784106,0.3748111945012374,-0.026196158820826237,0.9267309910322357,1.7006534337997437,-0.016886085271835327,0.2639419734477997
0.81,4.18,3.591871400437788,3.6436730104684827,4.11131230469747,-0.8795123100280762,7.429576873779297,-3.878603219985962,0.6750737428665161,-2.0455219745635986,-1.3933223485946655,0.7460704497707291,0.596277584499017,-0.29636451576212636,-0.5503075081171985,0.8027353571371801,0.22973374351993495,0.3748873570670815,-0.008305939192015221,0.9270331606179992,1.7267265319824219,-0.007075111381709576,0.2586636245250702
0.82,4.18,3.6092071038107436,3.6591351952590045,4.122996797170029,-0.871089518070221,7.404781818389893,-3.8956351280212402,0.7291858196258545,-2.0864031314849854,-1.4454337358474731,0.7478787148191022,0.5876700394165874,-0.3087415629497181,-0.5478230122913273,0.8090403390811136,0.21294054790850198,0.374923158960052,0.009882029731961131,0.9270032202553518,1.7496371269226074,0.0006432117661461234,0.2534812390804291
0.83,4.18,3.6250369930208377,3.6733591277222146,4.132321077064769,-0.8620030283927917,7.379514694213867,-3.913295030593872,0.7856858968734741,-2.1242423057556152,-1.4979535341262817,0.7496494489306738,0.578764472129943,-0.32102552782930777,-0.5453872450326416,0.8150025561303226,0.19576410921500856,0.37493793709578477,0.028328771614540393,0.9266169780579074,1.7700144052505493,0.006695063319057226,0.24839478731155396
0.84,4.18,3.640999625287489,3.6865579570364204,4.141136731570126,-0.8522242307662964,7.353811740875244,-3.931586742401123,0.8445521593093872,-2.1589438915252686,-1.5507737398147583,0.7513798633709506,0.5695650124720356,-0.3332026372770499,-0.5429946589186448,0.8206014223661307,0.1782417066696449,0.3749467979680262,0.04700002317460186,0.9258541442987178,1.7881380319595337,0.011420860886573792,0.24340394139289856
0.85,4.18,3.655693460069136,3.6989025476574895,4.14821177329822,-0.8417250514030457,7.327712059020996,-3.950514078140259,0.9057627320289612,-2.1904244422912598,-1.6037943363189697,0.7530674980591889,0.5600771148255514,-0.34525782947756517,-0.5406414822925094,0.8258182687761723,0.16040877338875137,0.3749615060128593,0.06586207105923494,0.9246978190762412,1.8041434288024902,0.015091443434357643,0.23850809037685394
0.86,4.148213350430537,3.695438097529113,3.678742891394008,4.18,-0.8304774165153503,7.301254749298096,-3.970078229904175,0.969269871711731,-2.2185988426208496,-1.6568535566329956,0.7547105387178119,0.5503159968864025,-0.35716145693396845,-0.5383249308758372,0.8306330843833005,0.14231987888348493,0.3749910286204126,0.08485860415308319,0.9231363635754987,1.8094679117202759,0.017917081713676453,0.23370639979839325
0.87,4.144905620277708,3.703628659546375,3.6864513615377597,4.18,-0.8184542059898376,7.274479389190674,-3.9902780055999756,1.035003423690796,-2.243391990661621,-1.7097556591033936,0.756307487073295,0.5403528397439735,-0.3688059023083841,-0.5360432438216177,0.8350115836771805,0.1241502955216965,0.37504216529621753,0.10380011418852365,0.9211780015525631,1.8011664152145386,0.020032592117786407,0.22899803519248962
0.88,4.087425890530781,3.7119876335561273,3.639446116204695,4.18,-0.8056297898292542,7.247426986694336,-4.011109828948975,1.1027098894119263,-2.2647149562835693,-1.761908769607544,0.7578574323023048,0.5302316835449452,-0.38014007164366453,-0.5337951211522893,0.8389440791470576,0.10599811648377672,0.3751198221077768,0.12258545521059425,0.9188350914242671,1.7823220491409302,0.021558037027716637,0.22438202798366547
0.89,4.067245612345864,3.7204569255188105,3.629260574892391,4.18,-0.7919824719429016,7.220139503479004,-4.032559394836426,1.172184705734253,-2.282546043395996,-1.812910556793213,0.7593595554281432,0.5200360700188773,-0.39106975267756783,-0.5315799912244514,0.8424204265731723,0.08803713887949019,0.3752276355890979,0.14103301305579455,0.9161407701432238,1.7482397556304932,0.022576849907636642,0.21985740959644318
0.9,4.015523420400435,3.728996755853295,3.5870970261613673,4.18,-0.7774907946586609,7.1926589012146,-4.054615497589111,1.243375301361084,-2.296959638595581,-1.8627980947494507,0.7608133920794171,0.5098397386409541,-0.4015301026512643,-0.5293976540130712,0.8454473509341804,0.07040526062613069,0.37536796128341565,0.15900382920200506,0.9131356284479496,1.700790524482727,0.02316136658191681,0.2154231071472168
0.91,3.7980217803435323,3.557682193323699,3.558647158430966,4.18,-0.7621376514434814,7.16502571105957,-4.077256679534912,1.3154103755950928,-2.3079123497009277,-1.9097787141799927,0.7621873315850829,0.49974417247130765,-0.4114926896703985,-0.5272439204568926,0.8480389296022111,0.05332749966370157,0.37561192727662,0.1763114742723912,0.9098516055530369,1.6360766887664795,-0.001599491573870182,0.2110823541879654
0.92,3.785118715798559,3.5763441283200947,3.5444451707266023,4.18,-0.7459184527397156,7.13728141784668,-4.100438594818115,1.3880438804626465,-2.315570116043091,-1.9535609483718872,0.7632764955003299,0.4898451733139709,-0.42126084270644076,-0.5250990389348978,0.8502263970044979,0.03723000330911454,0.3764040259168086,0.19278687719281057,0.9061750544215299,1.5587249994277954,-0.05993589013814926,0.2068726122379303
0.93,3.821975081581484,3.6139318115023045,3.560552821127458,4.18,-0.7288182377815247,7.109463214874268,-4.124139785766602,1.462381362915039,-2.320310115814209,-1.9966871738433838,0.7640126988922213,0.48020911972121794,-0.43091042835837345,-0.5229760884824886,0.8520558695092902,0.022289147815105007,0.3778632117671423,0.20832665833094977,0.9021193915561728,1.4768325090408325,-0.11631796509027481,0.20280390977859497
0.94,3.869676348376339,3.64847843571522,3.5899822735467386,4.18,-0.710813581943512,7.081604480743408,-4.148359298706055,1.5388251543045044,-2.3223581314086914,-2.0399863719940186,0.7644206711490203,0.47085400242672687,-0.4404061147609251,-0.5208956046451865,0.8535784295210833,0.00846367045947373,0.37990631290017646,0.2229358047848145,0.8977587762665092,1.3993722200393677,-0.16381628811359406,0.19886234402656555
0.95,4.097637912301106,3.8641834560036656,3.6180050801911783,4.18,-0.691876232624054,7.053736209869385,-4.173104763031006,1.6182013750076294,-2.3218917846679688,-2.0850930213928223,0.7645739137084652,0.4617647365758348,-0.4496666082016435,-0.5188729753049618,0.8548399920150374,-0.004407215663808611,0.38235790298449035,0.23668949302151268,0.8931856010474656,1.3297793865203857,-0.17703872919082642,0.1950291395187378
0.96,3.8982719968273853,3.6538792673761193,3.6442761713763145,4.18,-0.6719682812690735,7.025887966156006,-4.1984028816223145,1.699763536453247,-2.3190243244171143,-2.1304852962493896,0.7646958390715368,0.4529207364876807,-0.45837002537920735,-0.5169124312097001,0.8558761369203998,-0.01666063357409389,0.3847620201729316,0.24967748138282317,0.8886052797067856,1.26785147190094,-0.18010640144348145,0.19126397371292114
0.97,4.140488908936587,3.887525253295898,3.667907760789004,4.18,-0.65107661485672,6.998088359832764,-4.224231719970703,1.7829220294952393,-2.3138391971588135,-2.1751065254211426,0.7646520042323561,0.4443012447681877,-0.4668015813178869,-0.5150178617270956,0.8567150206864662,-0.02821303656535165,0.3873808391305525,0.2619843072163419,0.8839119346670699,1.2129255533218384,-0.18958333134651184,0.18758106231689453
0.98,4.030235385445941,3.770356813766739,3.689554322411624,4.18,-0.6291690468788147,6.970364570617676,-4.250608444213867,1.8684585094451904,-2.306419849395752,-2.220566987991333,0.7646157135465426,0.4358859925150926,-0.47472751355577053,-0.513180230977423,0.8573797654733865,-0.03931905760264018,0.38988313778832556,0.2736847443427083,0.8792541154765191,1.1640969514846802,-0.17710568010807037,0.1839601844549179
0.99,3.8788374508498364,3.6135051984169264,3.709491514613238,4.18,-0.6062322854995728,6.942742347717285,-4.277514457702637,1.9542431831359863,-2.2969753742218018,-2.263007402420044,0.764490906564891,0.42765788222131973,-0.482350898779682,-0.5114053523905858,0.8578880443684942,-0.04992663493428355,0.3924515502910542,0.2848452897689838,0.8745541387304572,1.120688796043396,-0.20720483362674713,0.1804070770740509
1.0,3.9355367843875446,3.666024626301635,3.727883849789706,4.18,-0.5822649598121643,6.915245056152344,-4.304912567138672,2.0406503677368164,-2.285597324371338,-2.303278684616089,0.764017329317235,0.41959597556579875,-0.49011910572017625,-0.5097221566611303,0.8582574203031299,-0.05981240258794859,0.3955513159018509,0.2955222796738045,0.8696009077184268,1.0821927785873413,-0.264924019575119,0.17695283889770508
1.01,4.094642432809396,3.8215381501739674,3.7452929270446083,4.18,-0.5572484731674194,6.887895584106445,-4.332796573638916,2.1294026374816895,-2.272233247756958,-2.3444180488586426,0.7631948273112813,0.4116774913893959,-0.49805150200419773,-0.5081383531315357,0.8585044968166742,-0.06903218830603478,0.3991604560099538,0.3057640790362448,0.8643953136898896,1.0481536388397217,-0.2970067262649536,0.1735982745885849
1.02,4.18,3.906248487830249,3.684300087690353,4.104941673874942,-0.5311501622200012,6.860718727111816,-4.361182689666748,2.2206506729125977,-2.256951332092285,-2.3865373134613037,0.7622668664711066,0.40388375371408225,-0.5057935722863061,-0.5066255705422947,0.8586412498783442,-0.07788283045735582,0.4028396151733521,0.3156154582608043,0.8591316121257604,1.0178014039993286,-0.27873262763023376,0.170314759016037
1.03,4.18,3.9342141197350236,3.700004168152809,4.135477323951981,-0.5039466619491577,6.833735466003418,-4.390071868896484,2.3135948181152344,-2.239896297454834,-2.428248643875122,0.7615215644247859,0.3962126925089098,-0.5129331430224281,-0.5051382732573972,0.858675590368394,-0.08666922981096065,0.4061037205032252,0.32510264963597296,0.8540421742473309,0.9859130382537842,-0.22921627759933472,0.16706939041614532
1.04,4.164356567035501,3.9604693579673764,3.715609647403543,4.18,-0.47561800479888916,6.806967735290527,-4.419459342956543,2.4081552028656006,-2.221067190170288,-2.4696152210235596,0.7610339752377111,0.3887149179899707,-0.5193534452239028,-0.5036565198373253,0.8586215762567365,-0.09538919651486323,0.40884887007210985,0.3341701682054334,0.8492189942072136,0.9440760612487793,-0.1815376877784729,0.16385208070278168
1.05,4.121121431600917,3.943064682483673,3.7026484263061175,4.18,-0.446146696805954,6.7804365158081055,-4.449339389801025,2.5038444995880127,-2.200531482696533,-2.5100977420806885,0.7607761696580515,0.3814771549497363,-0.5250664719174886,-0.5021768433834203,0.8585027263747045,-0.10388208111442121,0.411142356915324,0.34270723520033,0.8446974093078883,0.8911064863204956,-0.1419345736503601,0.16066624224185944
1.06,4.077349418563669,3.929634802341461,3.68504964725477,4.18,-0.41552379727363586,6.7541608810424805,-4.4796953201293945,2.6000335216522217,-2.1784279346466064,-2.548957347869873,0.7607044573928092,0.37457191616036145,-0.530117541802445,-0.5007002229706161,0.8583445085756616,-0.11199996122848169,0.41307144081851876,0.3506288411154469,0.8404947355921699,0.8293589949607849,-0.11031188070774078,0.1575177013874054
1.07,4.019522601664066,3.9201205375790593,3.649331258535385,4.18,-0.3837448060512543,6.728159427642822,-4.510508060455322,2.696455955505371,-2.154869318008423,-2.5860595703125,0.7607785249961951,0.36807525795240087,-0.5345433942982432,-0.49922892097527977,0.8581767845604119,-0.11959553044913561,0.414712575606855,0.3578452332012064,0.8366362822091227,0.7554244995117188,-0.08538931608200073,0.1544116884469986
1.08,4.026284288167953,3.913871281147003,3.6747662532329555,4.18,-0.3508076071739197,6.702449321746826,-4.5417561531066895,2.793196201324463,-2.129922866821289,-2.6218161582946777,0.7609647779350937,0.36207891276367865,-0.5383599796363636,-0.49776550534621666,0.8580361214412564,-0.1265050038119873,0.41612751462696984,0.3642428794553406,0.833165659599856,0.6748212575912476,-0.06587070971727371,0.15135212242603302
1.09,4.037481827884912,3.279976564552025,3.071587682719664,4.18,-0.31671538949012756,6.677044868469238,-4.573414325714111,2.88742995262146,-2.1043691635131836,-2.652139186859131,0.761233367639556,0.3565896686579379,-0.5416341645414944,-0.49631914548644523,0.8579357140266407,-0.1327163005105362,0.41736203207257055,0.369851482089798,0.8300715724443491,0.6005023121833801,-0.050643231719732285,0.14590050280094147
1.1,4.0491910146921875,2.4393387920761644,2.25788657504862,4.18,-0.281535804271698,6.651942253112793,-4.6053619384765625,2.9736645221710205,-2.0797266960144043,-2.6689200401306152,0.7615420756520799,0.35161278374093863,-0.5444466156763854,-0.4949423443523169,0.8578518987530599,-0.13828302705973122,0.41843248293906904,0.37477802779207553,0.8273183710674675,0.5339658260345459,-0.03882157802581787,0.13386216759681702
1.11,4.060579674243927,2.0527046356374563,1.8944627318555658,4.18,-0.24537411332130432,6.627127647399902,-4.637424468994141,3.052114486694336,-2.056199789047241,-2.672874927520752,0.7618441755557037,0.34717133302852804,-0.54686883042924,-0.4937114302502172,0.8577436434876015,-0.14326501909712397,0.41933575546587354,0.37914101279050416,0.8248694542823464,0.47472083568573,-0.0297098346054554,0.11550354957580566
1.12,3.665718409115347,1.3430114545147527,1.6104382108428261,4.18,-0.20830640196800232,6.602590560913086,-4.66947603225708,3.123993396759033,-2.033703327178955,-2.666170597076416,0.7620126257713816,0.3432692490604415,-0.5490928708465307,-0.49270348909389267,0.8575823929591646,-0.1476337059114119,0.420214266773165,0.3830387211965828,0.8226185677848379,0.422035276889801,-0.07903241366147995,0.09342116117477417
1.13,3.69516885302121,0.8339102481175547,1.0992830511136484,4.18,-0.1704239845275879,6.578313827514648,-4.701371669769287,3.1882894039154053,-2.012704849243164,-2.6474807262420654,0.7614139501999673,0.33989979401451426,-0.5520117086346744,-0.49212312770209926,0.8573475273569028,-0.15089746358275297,0.42197585668090676,0.38655316240317544,0.8200689172347158,0.37527531385421753,-0.20546755194664001,0.06744956225156784
1.14,3.777671285280314,0.6009982878338203,0.808183839349313,4.18,-0.13180428743362427,6.554281711578369,-4.732987880706787,3.247631549835205,-1.992739200592041,-2.62073016166687,0.7598403467919297,0.33706565955005113,-0.5559041181167927,-0.4920714562613318,0.8570132549149307,-0.1529508510370836,0.42486271820433036,0.38976277663754,0.8170536387703213,0.33375877141952515,-0.3278028070926666,0.03730940818786621
1.15,3.869305941159074,0.49775531444332777,0.6348948121460996,4.18,-0.09248794615268707,6.530486106872559,-4.764255523681641,3.304835796356201,-1.9732367992401123,-2.5899910926818848,0.7573801288940147,0.33476459563282257,-0.5606317917022531,-0.4925542302078483,0.8565581249926906,-0.15394319995816727,0.4286789832273559,0.39273508121862377,0.8136298208149461,0.29679977893829346,-0.42596888542175293,0.004520430229604244
1.16,3.892252863823284,0.5728890367971227,0.7063002879259264,4.18,-0.052488308399915695,6.506924152374268,-4.795144081115723,3.362030506134033,-1.9537570476531982,-2.5582616329193115,0.7541766294858647,0.33298517582924286,-0.5659845264804585,-0.4935440591023565,0.8559673573290869,-0.15405890078742257,0.4331649492538729,0.3955259231264463,0.8098934318000499,0.26379144191741943,-0.505422830581665,-0.02921578288078308
1.17,3.9375801858468487,0.7076520719614894,0.8129003363175824,4.18,-0.011793144978582859,6.483597278594971,-4.825658798217773,3.4209890365600586,-1.9339255094528198,-2.5279717445373535,0.750294639553462,0.3317020622863802,-0.5718668514018825,-0.4950149761868978,0.855236291411662,-0.1533983676676898,0.43819873026747297,0.39817662880609794,0.80587669346159,0.23422086238861084,-0.5754997730255127,-0.062362171709537506
1.18,3.9826706441098993,1.036656048113649,1.1121905555616725,4.18,0.029626917093992233,6.460512161254883,-4.855827808380127,3.483393669128418,-1.913393497467041,-2.501330852508545,0.7458036511185344,0.3308834348668007,-0.5781808250962764,-0.4969292766418616,0.8543652664055941,-0.15205684981576634,0.4436645219019203,0.40071953295346857,0.8016144010152851,0.20765678584575653,-0.6329445242881775,-0.09382756054401398
1.19,4.035608770551464,2.3600182923230255,2.396427993131767,4.18,0.07184183597564697,6.437684059143066,-4.885732173919678,3.556180000305176,-1.8904482126235962,-2.487720251083374,0.7407976496447037,0.3304789335134818,-0.5848098124900732,-0.49922110976135436,0.8533681148261428,-0.15013708458178132,0.44944090362307343,0.40317060297331553,0.7971551536862874,0.18374845385551453,-0.6760461926460266,-0.11872036755084991
1.2,3.894784666895866,4.18,3.7942023056745526,3.6045361685752866,0.11503549665212631,6.41515588760376,-4.915607929229736,3.646749258041382,-1.8633490800857544,-2.4967613220214844,0.7355147470960754,0.3303747120106407,-0.5914986107068066,-0.5017211916655163,0.8523032369085703,-0.1478344959368672,0.4552954015119529,0.4055018397233971,0.792637593950104,0.16227930784225464,-0.650006115436554,-0.12895725667476654
1.21,3.8108746847932986,4.18,3.7437861404245547,3.5970824289321897,0.1594032496213913,6.392971515655518,-4.945699214935303,3.7483575344085693,-1.8340084552764893,-2.518711566925049,0.7307409924736088,0.3304382579751685,-0.5973509517737634,-0.5040893163958591,0.8512628581093047,-0.1457583874057796,0.4603385308816117,0.4076298616023043,0.7886230613644554,0.13260599970817566,-0.5422370433807373,-0.12780024111270905
1.22,3.783671776032274,4.18,3.7681537365673234,3.653280996084213,0.20500078797340393,6.371138095855713,-4.976056098937988,3.8514466285705566,-1.8048211336135864,-2.540775775909424,0.7267330791324393,0.3307515612584654,-0.6020485332759904,-0.5062287289181141,0.8503035373045789,-0.14393181880762584,0.4643183236882152,0.40937427761451783,0.7853796503061162,0.08515238761901855,-0.4354025721549988,-0.12535537779331207
1.23,3.7730841690869763,4.18,3.806093638596101,3.711587958335876,0.25184157490730286,6.349654674530029,-5.00667667388916,3.9555599689483643,-1.7758145332336426,-2.56274676322937,0.7234247261912949,0.33141695531617127,-0.6056562286181897,-0.5081613704348809,0.8494499607974636,-0.14215057403658768,0.467363549212809,0.41060633924739454,0.7829263995019327,0.027713563293218613,-0.3457282483577728,-0.12284096330404282
1.24,3.7359605469356776,4.18,3.808778349364877,3.7614539492130277,0.2999368906021118,6.328517913818359,-5.037561416625977,4.060408115386963,-1.747007966041565,-2.5846478939056396,0.7206980049129664,0.3325039917357415,-0.6083054176926813,-0.5099221143545564,0.8487147741931661,-0.14022364051193992,0.4696528750115859,0.4112472827217718,0.781218182998393,-0.04021483659744263,-0.27353984117507935,-0.1203782930970192
1.25,3.6999669076849324,4.18,3.803953573291431,3.8024734932184217,0.3492922782897949,6.307724952697754,-5.068706512451172,4.1655073165893555,-1.7185055017471313,-2.6062209606170654,0.7184421952136752,0.3341197314690951,-0.6100859096713962,-0.5115417865729567,0.8481181291554207,-0.137915334853151,0.4713446856879824,0.4111686321218204,0.7802400548759133,-0.12379434704780579,-0.21609444916248322,-0.1179756298661232
1.26,3.6649349068638193,4.18,3.792838942014824,3.8360015156865117,0.39990895986557007,6.287271976470947,-5.100109100341797,4.270566940307617,-1.6904091835021973,-2.6274399757385254,0.71656447369398,0.3363840080330526,-0.6110492240231458,-0.5130450135026466,0.8476812173914491,-0.13498654674381444,0.4725676344818152,0.4102223212129858,0.7799983833437678,-0.2231975793838501,-0.170501708984375,-0.1156301200389862
1.27,3.642846766925465,4.18,3.78885615251125,3.86348890542984,0.4517851173877716,6.267153263092041,-5.1317644119262695,4.3754119873046875,-1.6628392934799194,-2.6484155654907227,0.7149892659753951,0.33940965335025325,-0.6112212666069683,-0.5144515156562179,0.8474200982406225,-0.13122048291663144,0.4734236871756481,0.4082649437687672,0.7805060846082492,-0.3362217843532562,-0.1343080997467041,-0.11333795636892319
1.28,3.6361061148303637,4.18,3.795627977694858,3.8861700373888013,0.5049178600311279,6.247361660003662,-5.163671493530273,4.479998588562012,-1.6359270811080933,-2.669424533843994,0.713655713212325,0.343277489524804,-0.6106194299110993,-0.515777075156927,0.8473391202520946,-0.1264532484081459,0.4739931768939017,0.4051875867742676,0.7817630637105286,-0.4576835334300995,-0.10553957521915436,-0.11109543591737747
1.29,3.6562875741297978,4.18,3.8257086583549755,3.9050393405556676,0.5593042969703674,6.227888584136963,-5.195831775665283,4.584399700164795,-1.6098124980926514,-2.690885543823242,0.7125150592120868,0.3480195664059512,-0.6092656824363327,-0.517034351895919,0.847427080499716,-0.12059362419006628,0.4743392977137395,0.4009360605312793,0.7837426274039807,-0.5798196792602539,-0.0826362743973732,-0.10889910161495209
1.3,3.68201673155958,4.18,3.8584967975907976,3.920883659571409,0.6149427890777588,6.208723068237305,-5.228254795074463,4.6886749267578125,-1.584660530090332,-2.713196039199829,0.7115280491090734,0.35360186503223273,-0.6072014133520794,-0.5182336506095525,0.8476548106059676,-0.11364508538629142,0.47451208489029273,0.39553387099247,0.7863785590863854,-0.6956067681312561,-0.06437470018863678,-0.10674586892127991
1.31,3.6920918400533846,4.18,3.873396227801626,3.9343209120631215,0.6718310713768005,6.189852714538574,-5.260951519012451,4.7926225662231445,-1.560693621635437,-2.7363994121551514,0.7106631751587815,0.3599631523996528,-0.60447033044455,-0.5193836654317356,0.8479848125441973,-0.10565209783566704,0.4745507976559875,0.3890350711811042,0.7895905608827776,-0.8055850267410278,-0.04979609698057175,-0.1046333909034729
1.32,3.708025325145721,4.18,3.892394058462381,3.945835169702768,0.7299634218215942,6.171261310577393,-5.29393196105957,4.895998001098633,-1.5381369590759277,-2.7604570388793945,0.7098952131307738,0.367061729099168,-0.601094396417686,-0.5204912975797001,0.8483812414575933,-0.09663373265414482,0.4744866652687021,0.38146422659746443,0.793314217891363,-0.9119845032691956,-0.03814040496945381,-0.10256009548902512
1.33,3.7184874162355763,4.18,3.9045374047288997,3.9558096065372226,0.7893322110176086,6.1529316902160645,-5.327206134796143,4.998652458190918,-1.5171935558319092,-2.7854371070861816,0.7092042053403051,0.37485419756449406,-0.5970877035209363,-0.5215619327062632,0.8488058436668287,-0.08661287495950476,0.4743443321884786,0.3728444318014186,0.7974863536107334,-1.014711856842041,-0.028805498033761978,-0.10052487254142761
1.34,3.722775337696075,4.18,3.9094223337620493,3.9645475059002635,0.8499276041984558,6.1348419189453125,-5.360785484313965,5.100371837615967,-1.498072862625122,-2.81130313873291,0.7085740074814042,0.38330408061820415,-0.592453253601646,-0.5226000986410404,0.8492191793304469,-0.0756037192054537,0.4741434517338797,0.3631869590703326,0.8020493874688308,-1.1157567501068115,-0.021313786506652832,-0.09852688759565353
1.35,3.7530429798364633,4.18,3.939439861774444,3.9722893315553662,0.9117374420166016,6.116970062255859,-5.394681453704834,5.201112270355225,-1.4809575080871582,-2.8382351398468018,0.7079915647968029,0.39238000518024047,-0.587184703233428,-0.5236095889571786,0.8495800770393628,-0.0636136074270657,0.4738997177976253,0.35249343856665594,0.8069494613907281,-1.2125253677368164,-0.015285677276551723,-0.09656551480293274
1.36,3.782125566005707,4.18,3.9676137569732965,3.9792261317558584,0.9747507572174072,6.09929084777832,-5.428908348083496,5.3009257316589355,-1.466020941734314,-2.8665366172790527,0.7074466012743158,0.4020064587314993,-0.5813003642555015,-0.5245931536742524,0.8498412374815548,-0.05071384617559316,0.4736257271976698,0.340823529431257,0.81210713106246,-1.299769401550293,-0.010427109897136688,-0.09464012831449509
1.37,3.8086597877740855,4.18,3.9927264894545074,3.985506188422441,1.0389556884765625,6.0817766189575195,-5.463483810424805,5.399679660797119,-1.4534521102905273,-2.896247148513794,0.7069309715205162,0.41209459743997245,-0.5748274908751722,-0.5255531127570281,0.8499559198139679,-0.036998108662337964,0.4733313080459157,0.3282574860288471,0.8174377625786343,-1.377522349357605,-0.006509049795567989,-0.09275023639202118
1.38,3.832655338048935,4.18,4.014901285935194,3.9912450023181734,1.1043384075164795,6.064398288726807,-5.498424053192139,5.497220993041992,-1.4434256553649902,-2.927351713180542,0.7064378649302778,0.4225605985455141,-0.5677922890895997,-0.5264914026568245,0.8498811839269184,-0.02255606648839953,0.4730246779198735,0.3148722181518028,0.822862771253484,-1.446668267250061,-0.0033493912778794765,-0.0908953920006752
1.39,3.8543429654836654,4.18,4.034459053846076,3.9965345203597096,1.1708836555480957,6.04712438583374,-5.533745765686035,5.593402862548828,-1.436097502708435,-2.959820508956909,0.705962176189348,0.4333280312004717,-0.5602180139605679,-0.5274093814954601,0.8495784490112258,-0.007470159720931097,0.47271212180414435,0.30073788645862864,0.8283115196276222,-1.5081353187561035,-0.0008034706697799265,-0.08907519280910492
1.4,3.873964797258377,4.18,4.051713447541697,4.0014478790469,1.2385743856430054,6.029922008514404,-5.569464683532715,5.688088893890381,-1.431605577468872,-2.9936153888702393,0.7054996767823517,0.4443276290420163,-0.552126040075903,-0.5283081520587786,0.8490132579368506,0.008184394644287274,0.47239888074405495,0.2859186001598275,0.8337204876662255,-1.5627728700637817,0.0012458112323656678,-0.08728925883769989
1.41,3.8917424285411832,4.18,4.066943851832766,4.006044387940783,1.30739164352417,6.012755870819092,-5.605597019195557,5.781152725219727,-1.4300718307495117,-3.028691530227661,0.705047122241246,0.4554966258806905,-0.5435359962602694,-0.5291884446390837,0.8481551810542218,0.024338835455863142,0.47208912874562664,0.2704729425694673,0.8390329206044354,-1.6113390922546387,0.002892427844926715,-0.08553721010684967
1.42,3.9078737437725066,4.18,4.08039437790867,4.010371793708764,1.3773154020309448,5.995589733123779,-5.642158031463623,5.87247896194458,-1.4316025972366333,-3.0649983882904053,0.7046017434654823,0.4667785979119833,-0.5344662043915646,-0.5300511437074146,0.8469772663174869,0.04093037253456891,0.47178614663835183,0.2544548110621606,0.8441981882043196,-1.6545082330703735,0.004212249536067247,-0.08381863683462143
1.43,3.9225348669290536,4.18,4.09227826536633,4.0144688510987905,1.4483240842819214,5.978386402130127,-5.679161548614502,5.961959362030029,-1.4362908601760864,-3.102479934692383,0.7041616256621845,0.4781221868354724,-0.5249338809797433,-0.530896602135257,0.8454562286536199,0.0579013235775884,0.4714925267552268,0.23791372361943222,0.8491712767913834,-1.6928813457489014,0.005264617502689362,-0.08213312923908234
1.44,3.935882891416549,4.18,4.102781458646058,4.01836605027318,1.520395040512085,5.96110725402832,-5.716621398925781,6.049493789672852,-1.4442167282104492,-3.141075372695923,0.7037251314689186,0.4894811108318925,-0.5149555140765364,-0.5317252469550694,0.8435718102777012,0.07519882083764756,0.4712103575788882,0.2208955478129398,0.8539121476280787,-1.7269901037216187,0.006101028993725777,-0.08048024028539658
1.45,4.010305673669555,4.18,4.174316668737211,4.0220900339260695,1.5935052633285522,5.9437127113342285,-5.754552841186523,6.135284423828125,-1.4554942846298218,-3.1812126636505127,0.7032912396689861,0.500798376237028,-0.5045616102749165,-0.5325371295990728,0.8413095531128378,0.09274934738022411,0.4709412254233441,0.20346798814416284,0.8583793683432319,-1.7477151155471802,0.006758511532098055,-0.07885953038930893
1.46,4.018901683455333,4.156140632373502,4.18,4.001800827360933,1.6676349639892578,5.9261627197265625,-5.792976379394531,6.2192254066467285,-1.4701865911483765,-3.222804069519043,0.702859025090464,0.5119383797945601,-0.49387071804491806,-0.5333325833615218,0.8386783089265106,0.11034060748923619,0.4706862504618205,0.18584345409373182,0.862506037194351,-1.7484712600708008,0.007256115786731243,-0.07727059721946716
1.47,4.0218307476677,4.129884323579136,4.18,3.978971187033567,1.7427574396133423,5.908415794372559,-5.831901550292969,6.300689220428467,-1.4882031679153442,-3.264805316925049,0.7024276630841731,0.5228058915568974,-0.48297968682699793,-0.5341117700371372,0.8356961087811798,0.12781483042194555,0.4704465912746139,0.16818446278236296,0.8662528448649991,-1.7373067140579224,0.007610245142132044,-0.07571303099393845
1.48,4.024768815441057,4.127636949955692,4.18,3.980016010538881,1.8188422918319702,5.890433311462402,-5.871332168579102,6.379660129547119,-1.509508490562439,-3.3071467876434326,0.7019969614176725,0.5333420952236562,-0.47196024792644925,-0.5348745821019946,0.8323850498414949,0.14506657168896234,0.4702227637849656,0.15060324784948273,0.8696029060183825,-1.7194364070892334,0.007839355617761612,-0.07418642193078995
1.49,4.027707478329539,4.133170856347919,4.18,3.9887176902952195,1.8958606719970703,5.872175693511963,-5.911274433135986,6.456305027008057,-1.534096121788025,-3.3500661849975586,0.7015667722096889,0.5435325015891898,-0.4608432313135086,-0.5356211051942744,0.8287617701688959,0.16206159315822521,0.47001499529455704,0.13314033206626624,0.8725591992383909,-1.7013200521469116,0.007965854369103909,-0.07269030064344406
1.5,4.03063647152856,4.13781785925725,4.18,3.996420185154914,1.9737850427627563,5.853602886199951,-5.951735496520996,6.530674934387207,-1.5619328022003174,-3.39359712600708,0.701136870654778,0.5533869027907614,-0.44963321099322007,-0.5363514129468134,0.8248363321919427,0.1788076813956827,0.4698236375900876,0.11579274984122068,0.8751330119735093,-1.685028314590454,0.008012854494154453,-0.07122417539358139
1.51,4.03354522196576,4.141028029141223,4.18,4.002586105601138,2.0525879859924316,5.834677219390869,-5.992722511291504,6.602756023406982,-1.5929687023162842,-3.4376590251922607,0.7007073006609064,0.5629179001650929,-0.43832946110685844,-0.5370655598304205,0.8206163758411669,0.19531858115741502,0.4696486593662792,0.09855050164779094,0.8773357027845301,-1.6703630685806274,0.007999618537724018,-0.06978750973939896
1.52,4.03642517125234,4.1448476110819925,4.18,4.009272400872057,2.132242202758789,5.815360069274902,-6.034241676330566,6.672533988952637,-1.6271554231643677,-3.482171058654785,0.700278191247488,0.5721354362475303,-0.42693266149709697,-0.5377634634122456,0.8161090509499751,0.2116045235253667,0.4694900555730792,0.08140675369635633,0.8791769037973005,-1.6570961475372314,0.00794103555381298,-0.06837974488735199
1.53,4.039269992448389,4.104135756590686,4.18,3.971346784592889,2.212719440460205,5.795614242553711,-6.076295852661133,6.739826202392578,-1.6643613576889038,-3.526707649230957,0.6998497254483337,0.5810403913822324,-0.4154544805057155,-0.5384452449341766,0.8113249849554319,0.2276587072677932,0.46934750451841806,0.06437260573761351,0.8806640038248885,-1.638451099395752,0.007849234156310558,-0.0670003741979599
1.54,4.042074634525925,4.086697733442586,4.18,3.9566216021248213,2.2939882278442383,5.77540397644043,-6.118881702423096,6.8044891357421875,-1.704447865486145,-3.5708889961242676,0.6994221630166072,0.5895837741998959,-0.40397971617567224,-0.5391110265201322,0.8063052849133114,0.24337437951697588,0.46922056536940054,0.04756848453619038,0.8817989001543097,-1.6084946393966675,0.007724551018327475,-0.0656488835811615
1.55,4.044839957328513,4.093054936429521,4.18,3.9656194447763617,2.3760180473327637,5.754695892333984,-6.161997318267822,6.866734981536865,-1.7474374771118164,-3.615053176879883,0.6989957776959306,0.5977357391989334,-0.392577239339682,-0.5397607711553044,0.8010903153851913,0.2586747311159057,0.46910895609132486,0.031085248597358936,0.8825930515444521,-1.574838638305664,0.007567457854747772,-0.06432480365037918
1.56,4.0475666637718675,4.102886225113153,4.18,3.9780203467397683,2.4587814807891846,5.733454704284668,-6.205643653869629,6.926733493804932,-1.7933337688446045,-3.6594581604003906,0.6985708586584913,0.6055073770749603,-0.3812605037778499,-0.5403946399081468,0.7956996497823587,0.273561145806154,0.4690121411985859,0.014929288128824214,0.8830655285788729,-1.543545126914978,0.007384478114545345,-0.06302760541439056
1.57,4.050252550113946,4.055994027944832,4.18,3.933631056173324,2.5422511100769043,5.71164608001709,-6.249823093414307,6.984334945678711,-1.841933012008667,-3.7036468982696533,0.6981476324245507,0.6129141800961251,-0.3700352566676441,-0.5410128528645919,0.7901489675454944,0.28804461828353034,0.4689296070577223,-0.0009038384170364788,0.883235080089557,-1.5071969032287598,0.007183598820120096,-0.06175675243139267
1.58,4.052894695727154,4.028804642114098,4.18,3.908882936661373,2.6263961791992188,5.689239025115967,-6.294528484344482,7.039371490478516,-1.8929904699325562,-3.747086763381958,0.6977262748406009,0.6199146961336974,-0.35900392047235913,-0.5416155712502948,0.7845003006002826,0.30201299862304465,0.46886097979707714,-0.016280291014964365,0.8831219246220722,-1.4568300247192383,0.006963199470192194,-0.06051178649067879
1.59,4.055494827283546,3.9913716847469924,4.18,3.873829711500731,2.711186647415161,5.666204929351807,-6.33975076675415,7.091933250427246,-1.9464036226272583,-3.7897961139678955,0.6973074056188558,0.6264714244040289,-0.3482756616163232,-0.5422027607949721,0.778825213691761,0.31535290184853726,0.46880544819296943,-0.03106188859631534,0.882755125060976,-1.393778681755066,0.006719293538480997,-0.05929224565625191
1.6,4.058055861918255,3.968177895974442,4.18,3.8529530514311787,2.796593427658081,5.642516613006592,-6.385481357574463,7.1421051025390625,-2.0020344257354736,-3.831744909286499,0.696891075774245,0.6325506627970694,-0.33796817527868495,-0.5427747472890927,0.7732045666178508,0.3279485811321087,0.46876262885545517,-0.0451038485751486,0.8821718883711003,-1.318379521369934,0.0064485445618629456,-0.05809768661856651
1.61,4.060580354481935,3.9452203248901583,4.18,3.8322492239339567,2.8825888633728027,5.618148326873779,-6.431710720062256,7.190040111541748,-2.0597732067108154,-3.8730432987213135,0.6964777815867957,0.6381353998965374,-0.328179693391931,-0.5433316891186969,0.7677142497365418,0.3397138595213367,0.468731666687199,-0.05829272810861516,0.8814151022612987,-1.2335046529769897,0.006149331107735634,-0.05692765489220619
1.62,4.0630700246617195,3.9416075792175693,4.18,3.8308269349870248,2.969146490097046,5.593075275421143,-6.478432655334473,7.235908508300781,-2.119511604309082,-3.913832664489746,0.6960676623976503,0.6432205430624572,-0.3189939534641817,-0.5438739235622768,0.7624248990424498,0.35058441007706675,0.4687120274040827,-0.07053797773219625,0.8805301977014796,-1.1424897909164429,0.005823495332151651,-0.05578168109059334
1.63,4.065524890152737,3.932683815786558,4.18,3.824032201271447,3.0562431812286377,5.567273139953613,-6.525641441345215,7.279887676239014,-2.1811347007751465,-3.9542601108551025,0.6956613124540239,0.6478207583083437,-0.31045708795185767,-0.5444015057318754,0.7573881285036889,0.36054156952915495,0.4687028257986202,-0.081801515306761,0.8795602157794007,-1.0486807823181152,0.005476317834109068,-0.05465928465127945
1.64,4.067943271780386,3.9046048376802354,4.18,3.798024427294731,3.143857002258301,5.540721416473389,-6.573332786560059,7.322025299072266,-2.2443788051605225,-3.994109630584717,0.6952587553234426,0.6519496777567265,-0.3026167226360726,-0.5449149826578193,0.7526551613983958,0.3695644324003367,0.4687034508312539,-0.092042521115271,0.8785472380501911,-0.9484352469444275,0.005112081300467253,-0.05355997756123543
1.65,4.070324004227295,3.930850795144215,4.18,3.8262868806719776,3.2319657802581787,5.513401985168457,-6.621499061584473,7.362523555755615,-2.3091461658477783,-4.03358793258667,0.6948603807098368,0.6556090112826498,-0.29554335662431463,-0.5454145562049124,0.7482898012628952,0.37760473408808715,0.4687131459641162,-0.10118892059372411,0.8775356341194915,-0.8459436297416687,0.004732681438326836,-0.05248328298330307
1.66,4.07266709331423,3.9576883155480025,4.18,3.8550880903005598,3.3205525875091553,5.48529577255249,-6.670139789581299,7.401712894439697,-2.375495672225952,-4.073279857635498,0.6944664628694133,0.658842301704685,-0.2892112609047556,-0.5459006626293849,0.7442991140804402,0.38472236134629645,0.46873105134015214,-0.10929615850314475,0.876553222141138,-0.7524612545967102,0.004346318077296019,-0.05142870545387268
1.67,4.074969430053606,3.982186914766207,4.18,3.8815026628971094,3.409602642059326,5.456384658813477,-6.719258785247803,7.439726829528809,-2.443272590637207,-4.113227367401123,0.6940773771599367,0.6617051893957491,-0.2835539399153518,-0.5463735411642991,0.7406624721900363,0.39101797376198394,0.4687563845222451,-0.116470359388471,0.8756152735954036,-0.668963611125946,0.003963977564126253,-0.05039571598172188
1.68,4.077226579254493,4.004087472325191,4.18,3.90527802914381,3.4991018772125244,5.426652431488037,-6.768858432769775,7.47665548324585,-2.5123000144958496,-4.15338659286499,0.6936931953333572,0.664248112877766,-0.27850349241351263,-0.5468338374819759,0.7373539820012132,0.3965877701237024,0.4687883370274187,-0.12281510397862852,0.8747307844713057,-0.5946738719940186,0.003593691159039736,-0.04938381910324097
1.69,4.079435516213998,4.023587947702035,4.18,3.926617155075073,3.589038133621216,5.396084785461426,-6.818941116333008,7.512577533721924,-2.5824131965637207,-4.193702697753906,0.6933141753393389,0.6665139824527986,-0.27399738222917924,-0.5472818319485666,0.7343476145976076,0.4015173437771081,0.46882624787073646,-0.1284238767897707,0.8739046041632534,-0.5286248326301575,0.0032415632158517838,-0.04839252308011055
1.7,4.081594172231853,4.040936761908233,4.18,3.9457724973559376,3.6794002056121826,5.364670276641846,-6.869507789611816,7.5475640296936035,-2.6534626483917236,-4.234127998352051,0.6929403483707187,0.6685396255539815,-0.2699785966776057,-0.5477181956948096,0.7316177928178823,0.40588198203063003,0.4688693332952043,-0.13337981217722777,0.8731388056883499,-0.46990951895713806,0.0029117290396243334,-0.04742135852575302
1.71,4.0837014184286815,4.056367660551331,4.18,3.962980808019637,3.770176887512207,5.332398891448975,-6.920560359954834,7.58167839050293,-2.7253150939941406,-4.274620532989502,0.6925720829404531,0.6703559837694985,-0.266395880140722,-0.5481430524604746,0.7291405223525537,0.4097478403881571,0.4689169478392048,-0.13775686439474827,0.8724333455005554,-0.4177168011665344,0.0026058927178382874,-0.04646987468004227
1.72,4.085757304280996,4.070090685337782,4.18,3.9784538823366162,3.8613579273223877,5.29926061630249,-6.9720988273620605,7.614978313446045,-2.7978506088256836,-4.315144062042236,0.6922093555524155,0.671989933753318,-0.26320284386746506,-0.548557093652251,0.7268928268790396,0.413173006421758,0.46896836043544043,-0.1416204334339153,0.8717868602729022,-0.3713211119174957,0.0023246381897479296,-0.04553763568401337
1.73,4.087762409537099,4.082294191806577,4.18,3.992381239533424,3.9529335498809814,5.265247821807861,-7.024123668670654,7.647516250610352,-2.8709628582000732,-4.3556671142578125,0.6918522548268157,0.6734643722542699,-0.2603578245323405,-0.5489607181864391,0.7248533656147964,0.4162087556084463,0.46902301369898675,-0.1450287477056341,0.8711969208850865,-0.33007898926734924,0.0020676020067185163,-0.04462422430515289
1.74,4.089717750386335,4.09314566178713,4.18,4.004931014180183,4.044895172119141,5.230355262756348,-7.076634407043457,7.679339408874512,-2.9445555210113525,-4.3961615562438965,0.6915009218858177,0.6747988713444079,-0.25782350215482175,-0.5493542894707993,0.723002503466099,0.418900041324642,0.4690803126023275,-0.1480333179188618,0.8706605521756661,-0.293417364358902,0.0018354172352701426,-0.04372923821210861
1.75,4.091623814958147,4.102793776649051,4.18,4.016253008842469,4.137234687805176,5.194576740264893,-7.129631042480469,7.7104902267456055,-3.018543004989624,-4.436603546142578,0.6911553046408055,0.6760104328759785,-0.25556650701863765,-0.5497382318931413,0.7213220516032434,0.4212865702415527,0.46913987387758677,-0.1506797680968485,0.870174342430528,-0.26082855463027954,0.001625960343517363,-0.042852286249399185
1.76,4.093482447329443,4.111371595624368,4.18,4.026480003297328,4.229944229125977,5.157908916473389,-7.183112144470215,7.741006374359131,-3.092848300933838,-4.476971626281738,0.6908156162698074,0.677113516497013,-0.2535568379965633,-0.550112788901246,0.719795541534662,0.42340323318807555,0.4692011336357355,-0.15300870617017853,0.8697348055764289,-0.23185932636260986,0.0014376897597685456,-0.04199298843741417
1.77,4.095295178245287,4.118997730265837,4.18,4.035730598270893,4.323016166687012,5.12034797668457,-7.237077236175537,7.770922660827637,-3.167402744293213,-4.517247200012207,0.690481737913222,0.6781209155666768,-0.2517677371692978,-0.5504783246581713,0.7184076966596104,0.42528107818449457,0.4692638742646503,-0.1550561358065048,0.869338260436572,-0.20610758662223816,0.00126922270283103,-0.04115097224712372
1.78,4.097063444154337,4.125777416126802,4.18,4.04411008298397,4.416443824768066,5.081891059875488,-7.291525363922119,7.800269603729248,-3.2421443462371826,-4.557415008544922,0.6901536980968532,0.6790436311449908,-0.2501751786342187,-0.5508352104876595,0.7171447446106127,0.4269472873369672,0.4693276508903491,-0.15685395206626,0.8689812390557934,-0.1832156926393509,0.0011189840734004974,-0.04032588750123978
1.79,4.09878873296082,4.131804427877068,4.18,4.0517121449112885,4.510220527648926,5.04253625869751,-7.34645414352417,7.829074382781982,-3.3170177936553955,-4.597458839416504,0.6898313945891152,0.6798913374515011,-0.2487577462063154,-0.5511838209340559,0.7159941052686847,0.42842599916558566,0.469392205495331,-0.15843045944168999,0.8686603173515663,-0.16286683082580566,0.00098586012609303,-0.039517372846603394
1.8,4.100472324243746,4.137161693922243,4.18,4.058619878292083,4.604339599609375,5.00228214263916,-7.401863098144531,7.857362270355225,-3.3919734954833984,-4.63736629486084,0.689514754576727,0.6806724573153107,-0.2474962809282849,-0.5515244694150712,0.7149444026667651,0.42973859581364915,0.4694573067462262,-0.15981084740341986,0.8683722302070584,-0.14477822184562683,0.0008672474068589509,-0.038725100457668304
1.81,4.102116175381234,4.1419240386167075,4.18,4.0649074614048,4.698794841766357,4.961129188537598,-7.45775032043457,7.88515567779541,-3.4669668674468994,-4.677125453948975,0.689203875053432,0.6813941377743851,-0.24637379653290148,-0.5518573175340582,0.7139855987447596,0.4309037779704429,0.4695226508864583,-0.16101737108706407,0.8681139824428379,-0.12869882583618164,0.0007626613951288164,-0.03794873133301735
1.82,4.103721206636401,4.146156974585027,4.18,4.070640842616557,4.793581485748291,4.919075965881348,-7.514113426208496,7.912473678588867,-3.5419576168060303,-4.716726303100586,0.688898719030829,0.6820627833977018,-0.24537504848998531,-0.5521826077162932,0.713108488046662,0.43193825022963406,0.469588035040627,-0.16206987313990054,0.8678827303081329,-0.11440546810626984,0.0006701844977214932,-0.03718795254826546
1.83,4.105289002654608,4.149919486043508,4.18,4.075878673195838,4.888692855834961,4.87612247467041,-7.570950508117676,7.939335346221924,-3.616909980773926,-4.756159782409668,0.6885990655946318,0.6826841952555096,-0.2444864340010247,-0.552500761415208,0.7123046430825799,0.4328567939614833,0.4696533141561077,-0.16298584291691037,0.8676758493301797,-0.10169970989227295,0.000588166993111372,-0.036442436277866364
1.84,4.106821043947711,4.153263991931453,4.18,4.080673202872276,4.984124183654785,4.83227014541626,-7.628260135650635,7.965756416320801,-3.69179105758667,-4.795417785644531,0.6883050165923257,0.6832631369599943,-0.24369589616041204,-0.5528118150903457,0.7115667776808282,0.4336724777956751,0.4697183211567925,-0.1637809713382814,0.867490917645328,-0.09040560573339462,0.0005153421661816537,-0.035711877048015594
1.85,4.108318574820878,4.156236871426227,4.18,4.085070788413287,5.079869747161865,4.787519931793213,-7.686039447784424,7.991750717163086,-3.7665719985961914,-4.834492206573486,0.68801634108181,0.6838041487286851,-0.24299259368515091,-0.5531161470598066,0.7108880415377583,0.43439696161497826,0.4697829735804747,-0.16446908092419305,0.8673257053459434,-0.0803658664226532,0.00045132896048016846,-0.03499597683548927
1.86,4.109782381848781,4.15887921024987,4.18,4.089112921059131,5.175924777984619,4.741873264312744,-7.744287014007568,8.01733112335205,-3.841226577758789,-4.873376846313477,0.6877331581089365,0.6843108628611037,-0.2423669659994951,-0.5534137874420251,0.7102626372660898,0.43504041878070593,0.46984708481226284,-0.1650625005084761,0.8671782330174735,-0.07144088298082352,0.00039490568451583385,-0.034294433891773224
1.87,4.111213679374195,4.161227917582728,4.18,4.09283650264144,5.272284030914307,4.69533109664917,-7.802999973297119,8.042510032653809,-3.9157307147979736,-4.9120659828186035,0.6874552773936706,0.6847867732351411,-0.24181049767492485,-0.553705004747814,0.7096851146820136,0.4356119898671301,0.4699106396973948,-0.1655720785669513,0.8670466409012865,-0.06350645422935486,0.0003458804276306182,-0.033606965094804764
1.88,4.112613129596575,4.163315381686552,4.18,4.096274391710757,5.368943691253662,4.6478962898254395,-7.862175941467285,8.067299842834473,-3.990063190460205,-4.950552940368652,0.6871827570136388,0.6852347630339937,-0.2413155154416739,-0.5539899366096825,0.709150776068828,0.4361196245712623,0.4699734126504755,-0.16600751889816734,0.8669293483732918,-0.05645401030778885,0.000302738364553079,-0.03293328732252121
1.89,4.113982056172681,4.165170588137698,4.18,4.0994553826749325,5.465898036956787,4.599570274353027,-7.921812534332275,8.091707229614258,-4.064204692840576,-4.988833904266357,0.6869154524134878,0.685657544868085,-0.2408752631571856,-0.5542687498086428,0.7086552579472057,0.43657058807178406,0.4700354393246719,-0.16637745204579082,0.8668247973088986,-0.050184134393930435,0.0002642037288751453,-0.032273124903440475
1.9,4.115321648328681,4.166820023193139,4.18,4.102405875250696,5.563143253326416,4.550355911254883,-7.981907367706299,8.115742683410645,-4.1381378173828125,-5.026904582977295,0.6866532523963682,0.6860574862572552,-0.24048375521823884,-0.554541597603153,0.7081947054101779,0.4369712527806996,0.47009672143212433,-0.16668948610925524,0.8667316122764879,-0.04461083561182022,0.0002313276199856773,-0.03162619471549988
1.91,4.116631946759007,4.168285518930933,4.18,4.105148793309926,5.660674571990967,4.500255584716797,-8.042458534240723,8.139412879943848,-4.211846351623535,-5.064760208129883,0.6863960716549542,0.6864367128230228,-0.24013552861950693,-0.5548086970677791,0.7077656372370471,0.4373272372084662,0.4701571465739943,-0.1669504178945345,0.866648611312705,-0.0396563820540905,0.00020134133228566498,-0.030992239713668823
1.92,4.117914849906519,4.1695886699997935,4.18,4.107704861238599,5.758487701416016,4.449272155761719,-8.103461265563965,8.162726402282715,-4.285316467285156,-5.102397918701172,0.6861438044245298,0.6867970721179515,-0.2398258980594918,-0.5550701718561906,0.7073650014985751,0.4376435295653984,0.47021674147713133,-0.16716619390633433,0.8665746820958355,-0.03525206074118614,0.00017524264694657177,-0.03037099353969097
1.93,4.1191703915971445,4.170746842883817,4.18,4.110092477127909,5.856578826904297,4.397408485412598,-8.164915084838867,8.185687065124512,-4.358534812927246,-5.139813423156738,0.6858963918165881,0.6871402318498883,-0.2395504987810861,-0.5553262123134552,0.7069900226958218,0.4379245434160465,0.4702753848656941,-0.16734219307109358,0.8665088878987799,-0.03133750706911087,0.00015291386807803065,-0.029762208461761475
1.94,4.120399126142438,4.171775791227992,4.18,4.112327831238508,5.954943656921387,4.344667911529541,-8.226816177368164,8.208303451538086,-4.43148946762085,-5.177003860473633,0.6856537889165433,0.687467620808215,-0.23930556216828872,-0.5555768898104684,0.7066382745856612,0.43817424433565977,0.47033307480222475,-0.1674831908905848,0.8664503329771377,-0.027857458218932152,0.0001343407348031178,-0.029165631160140038
1.95,4.121601567312318,4.1726898904956755,4.18,4.114425798542797,6.053577423095703,4.291053295135498,-8.289161682128906,8.23058032989502,-4.504169464111328,-5.213966369628906,0.6854158726905704,0.6877806004088024,-0.23908769764488352,-0.5558224001850413,0.7063075211063765,0.43839610523031036,0.4703897755227719,-0.1675933510908857,0.8663982500869698,-0.024764223024249077,0.00011858201469294727,-0.02858101762831211
1.96,4.122778673736029,4.173502011006349,4.18,4.116399266757071,6.1524763107299805,4.236568450927734,-8.351949691772461,8.252521514892578,-4.576565265655518,-5.250699043273926,0.6851826832584151,0.6880801951901006,-0.23889398391326558,-0.5560626920759595,0.7059959265347051,0.43859324458732823,0.47044550486112124,-0.1676764643697985,0.8663519090141191,-0.022014109417796135,0.0001043224983732216,-0.028008125722408295
1.97,4.1239315873059965,4.174224170302185,4.18,4.118260080106555,6.251636981964111,4.181216716766357,-8.415177345275879,8.27413272857666,-4.64866828918457,-5.2871994972229,0.6849539790571149,0.6883676300531588,-0.23872170506433432,-0.5562980548298803,0.7057015752984221,0.4387684592285742,0.47050028774307573,-0.16773578186040983,0.8663106756339553,-0.019570404663681984,9.034085087478161e-05,-0.027446718886494637
1.98,4.125061391801573,4.174866524362004,4.18,4.120018257014452,6.351054668426514,4.125001907348633,-8.478840827941895,8.295418739318848,-4.720469951629639,-5.3234663009643555,0.6847296453054947,0.688643858314568,-0.23856854202814892,-0.5565286088171206,0.7054228926041173,0.43892419636894053,0.47055416309697207,-0.16777419049324946,0.8662739754814541,-0.017397793009877205,7.891191489761695e-05,-0.02689656801521778
1.99,4.126167408012115,4.175437117859984,4.18,4.121683437786997,6.45072603225708,4.06792688369751,-8.542938232421875,8.31638240814209,-4.791962623596191,-5.359496593475342,0.684509729118181,0.688909633667653,-0.23843227001069822,-0.5567544350348244,0.705158539211507,0.4390625623372449,0.47060698019856007,-0.16779437182752494,0.8662413745437229,-0.0154655110090971,6.782737909816206e-05,-0.02635745145380497
2.0,4.127251183402841,4.1759450534480855,4.18,4.123264064230025,6.550647258758545,4.009995460510254,-8.607467651367188,8.337027549743652,-4.863140106201172,-5.395288467407227,0.6842941992672595,0.6891656170486267,-0.23831114352284444,-0.5569754653988057,0.7049073360491576,0.4391855855192243,0.4706588783747353,-0.16779868849924234,0.8662123413718892,-0.013747882097959518,5.870721724932082e-05,-0.025829145684838295
2.01,4.1283123550216985,4.176396197045905,4.18,4.124767259284853,6.650813579559326,3.9512124061584473,-8.67242431640625,8.357358932495117,-4.933995723724365,-5.43084192276001,0.6840828518433886,0.6894126216264502,-0.23820346125940617,-0.5571919984763845,0.7046680604528689,0.4392948911738953,0.4707098136301272,-0.16778903933134878,0.8661865328164332,-0.012221683748066425,5.062498530605808e-05,-0.025311429053544998
2.02,4.129351829400257,4.1767970497328495,4.18,4.1261995041184125,6.751222133636475,3.8915810585021973,-8.73780632019043,8.377378463745117,-5.004524230957031,-5.466154098510742,0.6838756647631329,0.6896512194671154,-0.2381076870500063,-0.5574041353118218,0.7044397380723,0.4393919495870513,0.4707597105552508,-0.1677672522042071,0.8661636358135723,-0.010864805430173874,4.4363881897879764e-05,-0.024804092943668365
2.03,4.130369632171714,4.177152968647206,4.18,4.127566964700819,6.851870059967041,3.8311052322387695,-8.803610801696777,8.397089958190918,-5.07472038269043,-5.501224994659424,0.6836724640742886,0.689882050342423,-0.23802251675403555,-0.5576119489064411,0.7042213546744878,0.43947832490031835,0.4708087470548431,-0.16773502984100763,0.8661432234110505,-0.00965859740972519,3.859639764414169e-05,-0.024306928738951683
2.04,4.131366844323274,4.1774694664746495,4.18,4.128874907195568,6.952751636505127,3.769788980484009,-8.869834899902344,8.416497230529785,-5.1445794105529785,-5.536052703857422,0.6834733217401598,0.6901054411622474,-0.23794683975151218,-0.5578154023607453,0.7040122687885371,0.4395551185964468,0.47085687353864947,-0.16769378483854588,0.8661250482279863,-0.008584927767515182,3.374922016519122e-05,-0.023819735273718834
2.05,4.1323436548424795,4.177751044170364,4.18,4.130128448233009,7.053864002227783,3.707636833190918,-8.93647575378418,8.435603141784668,-5.214096546173096,-5.57063627243042,0.6832779874683922,0.6903220307740795,-0.23787956126808085,-0.5580147890566828,0.7038115894419297,0.4396234090232803,0.4709041166046115,-0.1676446849595164,0.8661088687743909,-0.007631269749253988,2.9207250918261707e-05,-0.023342307657003403
2.06,4.133300781060534,4.178001266239734,4.18,4.131331254551187,7.1552042961120605,3.6446523666381836,-9.003528594970703,8.454408645629883,-5.283267974853516,-5.604975700378418,0.6830865735885501,0.6905320308471289,-0.23781977915470787,-0.5582100584694832,0.7036188511254391,0.4396840262784325,0.4709503833808296,-0.16758886214500343,0.8660945154418151,-0.0067840986885130405,2.5478839233983308e-05,-0.02287445403635502
2.07,4.134238352507673,4.178223394921369,4.18,4.132487226268276,7.256768703460693,3.5808398723602295,-9.070993423461914,8.472917556762695,-5.352089881896973,-5.639069080352783,0.6828989182007947,0.6907359165794941,-0.2377666104970802,-0.5584013761204961,0.7034333566587536,0.4397378945309749,0.4709957225569255,-0.1675273299700223,0.8660817646424585,-0.006031017284840345,2.1725816623074934e-05,-0.022415978834033012
2.08,4.135157179423622,4.178421072597629,4.18,4.133599977837875,7.358552932739258,3.5162034034729004,-9.13886547088623,8.491130828857422,-5.420559406280518,-5.672916412353516,0.6827149699341876,0.6909340074678005,-0.23771930328066862,-0.558588827810629,0.7032545937044551,0.43978574087699707,0.4710401164156921,-0.16746096189281534,0.8660704561229555,-0.0053615872748196125,1.9385479390621185e-05,-0.02196669764816761
2.09,4.136056911963969,4.178596294568852,4.18,4.134672592012212,7.460554122924805,3.450747489929199,-9.20714282989502,8.509054183959961,-5.488672733306885,-5.706516742706299,0.6825347186935341,0.691126527110579,-0.23767726290499172,-0.5587724016765606,0.7030821640721767,0.43982823202722365,0.4710836028801543,-0.16739054360284208,0.866060416489403,-0.0047662146389484406,1.7029624359565787e-05,-0.021526426076889038
2.1,4.136938633034042,4.178752269381693,4.18,4.135707932040095,7.562768936157227,3.38447642326355,-9.275821685791016,8.526687622070312,-5.556427001953125,-5.739869594573975,0.6823579780095901,0.6913138912730526,-0.23763984005122893,-0.5589523299633167,0.7029155154961328,0.4398659692490263,0.47112618551216545,-0.16731671108324986,0.8660515201285897,-0.0042373910546302795,1.4641267625847831e-05,-0.021094977855682373
2.11,4.137802723654822,4.1788909576919835,4.18,4.136708322614432,7.665193557739258,3.317394495010376,-9.344898223876953,8.54403305053711,-5.623819828033447,-5.772975921630859,0.6821846994152811,0.6914963290039222,-0.23760652949315553,-0.559128558212816,0.7027542474048946,0.4398996739544573,0.47116800748198095,-0.16724023059204254,0.8660435404741382,-0.0037674126215279102,1.3213611055107322e-05,-0.020672179758548737
2.12,4.138649033677375,4.179013865912875,4.18,4.137676113201305,7.767824649810791,3.2495059967041016,-9.414371490478516,8.561094284057617,-5.6908488273620605,-5.8058342933654785,0.6820148663239748,0.6916740226208489,-0.23757686870691822,-0.5593012286475347,0.7025980938259289,0.4399296013972339,0.47120893215902515,-0.16716149372288058,0.866036475715594,-0.0033485954627394676,1.1783704394474626e-05,-0.02025785855948925
2.13,4.139478391028824,4.17912347332749,4.18,4.1386136480607085,7.870658874511719,3.1808152198791504,-9.484236717224121,8.577873229980469,-5.757511138916016,-5.838443756103516,0.6818483601755281,0.6918472182705792,-0.23755050051979498,-0.5594704147445314,0.7024467124212184,0.43995621513305627,0.47124905172480236,-0.16708094678892552,0.8660301891207898,-0.0029759318567812443,9.829610462475102e-06,-0.019851844757795334
2.14,4.140291395679178,4.179221342912005,4.18,4.139522568201645,7.973691940307617,3.1113269329071045,-9.554491996765137,8.594371795654297,-5.823805809020996,-5.870804786682129,0.681685262081226,0.6920159349635693,-0.23752715469551544,-0.559636025360591,0.7022999913944965,0.43997981908934186,0.4712883645708327,-0.16699900551735997,0.8660246010226054,-0.002645445754751563,8.463761332677677e-06,-0.019453970715403557
2.15,4.141087826688526,4.179307952223098,4.18,4.1404042426729575,8.076922416687012,3.0410454273223877,-9.625134468078613,8.610591888427734,-5.889730930328369,-5.902917385101318,0.6815253175068718,0.6921806028546902,-0.23750632545023995,-0.5597983627473018,0.7021574166559604,0.4400008582951497,0.47132688726890803,-0.16691607252372587,0.8660196245297541,-0.0023526446893811226,7.625193575222511e-06,-0.019064076244831085
2.16,4.14186803491355,4.179384499783973,4.18,4.1412601598910985,8.18034553527832,2.969974994659424,-9.696162223815918,8.626537322998047,-5.9552836418151855,-5.934782028198242,0.6813685650802557,0.6923412615717899,-0.23748780188813046,-0.5599573973644392,0.7020188867923056,0.44001954016127015,0.4713646058597496,-0.16683243123587949,0.8660152124706635,-0.0020913477055728436,5.6145850066968706e-06,-0.018681999295949936
2.17,4.1426331941155965,4.179453442304048,4.18,4.142092251004652,8.283958435058594,2.8981199264526367,-9.767569541931152,8.642208099365234,-6.020462989807129,-5.966397762298584,0.6812149219404321,0.6924980670398188,-0.23747138200592854,-0.5601131937626559,0.7018841976261921,0.4400361158991771,0.4714015701063039,-0.16674831414065652,0.866011292901288,-0.0018599833128973842,4.975021056452533e-06,-0.018307579681277275
2.18,4.143382353126917,4.1795139168281175,4.18,4.142901244976091,8.38775634765625,2.8254852294921875,-9.839354515075684,8.657607078552246,-6.085268020629883,-5.997765064239502,0.6810643035264847,0.6926512247074267,-0.2374567231587391,-0.5602658641662009,0.701753070692172,0.44005089390229346,0.47143777522816765,-0.1666640593691672,0.86600780331502,-0.0016528036212548614,5.313874680723529e-06,-0.017940666526556015
2.19,4.144116010009547,4.179567614121133,4.18,4.143688938005361,8.491737365722656,2.752074956893921,-9.911515235900879,8.672736167907715,-6.1496968269348145,-6.028883934020996,0.6809166103752178,0.6928008816149889,-0.23744369469122123,-0.5604154991596326,0.7016253373653923,0.4400640342820112,0.4714732633106394,-0.1665797838886625,0.8660046983607093,-0.0014692693948745728,5.170643362362171e-06,-0.017581110820174217
2.2,4.14483519303797,4.179615404635651,4.18,4.144455768316984,8.59589958190918,2.677893877029419,-9.984046936035156,8.68759822845459,-6.213747978210449,-6.059754848480225,0.6807719549830648,0.6929469749044748,-0.237432169849145,-0.5605619806763686,0.7015010052049465,0.44007568157833504,0.471508018095899,-0.16649573468166318,0.8660019394921068,-0.0013068472035229206,3.675680090964306e-06,-0.017228763550519943
2.21,4.145540635058914,4.179658381887037,4.18,4.145202692626043,8.700239181518555,2.6029467582702637,-10.0569486618042,8.702195167541504,-6.277421474456787,-6.0903778076171875,0.6806301290768118,0.6930898079023085,-0.23742187257037606,-0.5607055670929912,0.701379745814773,0.44008603612445096,0.47154203887226187,-0.16641204987243494,0.8659995007120065,-0.0011617722921073437,3.3259354950132547e-06,-0.016883479431271553
2.22,4.146231378169709,4.179696276236305,4.18,4.145930980341509,8.8047513961792,2.5272374153137207,-10.130215644836426,8.71652889251709,-6.3407158851623535,-6.120752811431885,0.6804911274287139,0.6932294103111272,-0.23741274222434783,-0.5608462141151613,0.7012614977298826,0.4400952577730557,0.4715753912191437,-0.16632888047879288,0.8659973174988378,-0.0010326134506613016,2.753634134933236e-06,-0.016545116901397705
2.23,4.146908389380137,4.1797301436857595,4.18,4.1466412867000315,8.909435272216797,2.450770854949951,-10.203845977783203,8.730603218078613,-6.403629779815674,-6.150881290435791,0.6803549279413604,0.6933658683195929,-0.23740460120925017,-0.5609840060648432,0.7011461510172949,0.44010341949713655,0.4716080119817158,-0.16624634601412897,0.8659954015302878,-0.0009167318930849433,1.530063855170738e-06,-0.016213538125157356
2.24,4.147572158717757,4.17976088467587,4.18,4.147334573457483,9.014286041259766,2.373551607131958,-10.277835845947266,8.744418144226074,-6.466163158416748,-6.18076229095459,0.6802213641921875,0.6934993677243652,-0.23739739396721551,-0.5611190421179583,0.7010335103232994,0.4401107110448659,0.4716400282727756,-0.16616450995834875,0.8659936716634581,-0.0008138695848174393,2.2886047190695535e-07,-0.015888607129454613
2.25,4.1482226713108545,4.179788279477711,4.18,4.148011179649037,9.119300842285156,2.295584201812744,-10.35218334197998,8.757975578308105,-6.52831506729126,-6.210397243499756,0.6800905137146654,0.6936298693592771,-0.23739102234068268,-0.5612513061658992,0.7009235970364971,0.44011712355291316,0.47167135219599077,-0.1660834592909552,0.8659921593568589,-0.0007225605077110231,-1.03062154721556e-06,-0.015570191666483879
2.26,4.148860131977806,4.179812649578768,4.18,4.148671750935026,9.224475860595703,2.2168731689453125,-10.426884651184082,8.771279335021973,-6.590085029602051,-6.239786148071289,0.6799621882764997,0.6937576026265553,-0.23738536457011966,-0.5613809469866156,0.7008161660590475,0.44012286210864837,0.4717020827541944,-0.16600328366677589,0.8659907937947164,-0.0006407167529687285,-1.9183187305316096e-06,-0.015258158557116985
2.27,4.149484642045131,4.179834372803594,4.18,4.149317096529995,9.32981014251709,2.137423276901245,-10.501936912536621,8.784330368041992,-6.651473045349121,-6.268929481506348,0.6798363789603287,0.693882613546636,-0.23738032028750444,-0.5615079985043832,0.7007111544321921,0.44012798782843415,0.4717321967575566,-0.1659240689954123,0.8659895714558551,-0.0005689131212420762,-2.590199528640369e-06,-0.014952380210161209
2.28,4.150096534679442,4.179853377688241,4.18,4.149947322168154,9.435297966003418,2.057239294052124,-10.577338218688965,8.797130584716797,-6.712477684020996,-6.297828197479248,0.6797131821138378,0.694004807881075,-0.2373758974677777,-0.5616323886614678,0.7006086532429107,0.44013245166377923,0.4717616453963746,-0.16584583696646463,0.8659885151050204,-0.0005059764953330159,-1.9037478296013433e-06,-0.014652733691036701
2.29,4.150695484491841,4.179869397985128,4.18,4.150562978729139,9.540938377380371,1.9763253927230835,-10.653084754943848,8.809682846069336,-6.773099422454834,-6.326481342315674,0.6795923148585807,0.6941245254030042,-0.23737192087357356,-0.5617543771188673,0.7005083125502043,0.4401364831911333,0.4717905312455403,-0.16576865590973378,0.8659875561143654,-0.000450874533271417,-1.4207805065780121e-07,-0.014359093271195889
2.3,4.151281884496633,4.1798828436603745,4.18,4.151164586078957,9.646728515625,1.8946863412857056,-10.72917366027832,8.821989059448242,-6.833338260650635,-6.354890823364258,0.6794739044312098,0.6942416500696931,-0.23736837301021596,-0.5618738468490283,0.700410227554922,0.440140083795531,0.47181881419044935,-0.16569262036968418,0.8659866985877704,-0.0004008157702628523,3.1044851311889943e-07,-0.014071340672671795
2.31,4.1518571634304,4.179895632675475,4.18,4.151753106554388,9.752664566040039,1.8123267889022827,-10.805601119995117,8.834051132202148,-6.89319372177124,-6.383057594299316,0.6793577436610478,0.694356405308127,-0.23736520076739598,-0.561990987544041,0.7003141894759746,0.44014334703353436,0.4718465704517133,-0.165617687540265,0.8659859095428583,-0.00035641028080135584,-5.343355837794661e-07,-0.01378935668617487
2.32,4.152421553795442,4.179907600494783,4.18,4.152328619954641,9.858744621276855,1.7292511463165283,-10.882364273071289,8.845870971679688,-6.95266580581665,-6.41098165512085,0.6792441050431609,0.6944685257009855,-0.23736240766982253,-0.5621056032452916,0.7002204481573493,0.4401461288964926,0.47187364470201376,-0.16554392405950946,0.8659852612155804,-0.00031732977367937565,1.5414167364724563e-07,-0.013513026759028435
2.33,4.152973869411106,4.1799174171880065,4.18,4.152891440740786,9.964964866638184,1.645464301109314,-10.95946216583252,8.857451438903809,-7.011754512786865,-6.438663482666016,0.6791326256677497,0.6945783919229244,-0.23735992548741816,-0.5622179943138,0.7001286429854867,0.44014862278674566,0.47190020515294995,-0.1654712686391973,0.8659846740165431,-0.00028250672039575875,9.095223845179135e-07,-0.013242234475910664
2.34,4.153515076286986,4.179926093491504,4.18,4.153442079300875,10.07132339477539,1.5609705448150635,-11.036890983581543,8.868794441223145,-7.070459842681885,-6.466104507446289,0.6790232956468699,0.6946860567629886,-0.23735763418932476,-0.5623282345223807,0.7000387117390148,0.4401508363342309,0.4719261813332737,-0.16539977208530343,0.8659841769722607,-0.0002508504258003086,7.61327100917697e-07,-0.012976870872080326
2.35,4.154045877592289,4.1799343982257415,4.18,4.153981037145131,10.177815437316895,1.4757746458053589,-11.11464786529541,8.879901885986328,-7.128782272338867,-6.493305206298828,0.6789161933921318,0.6947914015071325,-0.23735566296528993,-0.5624361248338491,0.6999507571689496,0.4401528632424164,0.47195170074046827,-0.1653295071376222,0.865983687050634,-0.00022308806364890188,8.400431852351176e-07,-0.012716827914118767
2.36,4.15456592415017,4.179941577081859,4.18,4.154508341275214,10.284440040588379,1.3898811340332031,-11.192728996276855,8.890775680541992,-7.1867218017578125,-6.520266532897949,0.6788112490547968,0.69489451912577,-0.23735394550255806,-0.562541813648304,0.6998647075649276,0.4401546307859719,0.47197669015952837,-0.16526039572148882,0.8659832593947954,-0.0001966042909771204,-7.853103056731925e-08,-0.012461996637284756
2.37,4.1550760459909455,4.179948922149862,4.18,4.155024889609777,10.391193389892578,1.3032947778701782,-11.271134376525879,8.901419639587402,-7.2442779541015625,-6.546989440917969,0.6787082937813629,0.6949956138772954,-0.23735237231532486,-0.5626454856251951,0.699780361528021,0.440156225816812,0.47200117527182023,-0.16519244023572463,0.8659828798717599,-0.00017484724230598658,3.078693850966374e-07,-0.012212274596095085
2.38,4.155620911090809,4.18,4.077863796035873,4.053393786560683,10.49807357788086,1.216021180152893,-11.349854469299316,8.911608695983887,-7.3010358810424805,-6.5726542472839355,0.6786176822402987,0.6950946254185781,-0.23732151833538304,-0.5627661732859317,0.699697774194404,0.4401332286847989,0.4719875798746336,-0.16512566881500707,0.8660030242109337,-0.0001546507264720276,0.014169028028845787,-0.011967555619776249
2.39,4.15610509794933,4.179999999999999,3.856761086839669,3.832785766411233,10.605069160461426,1.128076195716858,-11.42886734008789,8.92077922821045,-7.3559370040893555,-6.595187664031982,0.678628180289883,0.6951915504956686,-0.2370073860365334,-0.5630685838203796,0.6996169566600484,0.4398748502338411,0.47161166528294673,-0.1650600559589155,0.8662203040196446,-0.0001336448040092364,0.0786563828587532,-0.011727740988135338
2.4,4.156579265672772,4.18,3.8842356663511457,3.8607454367258325,10.71216869354248,1.0394845008850098,-11.508130073547363,8.929071426391602,-7.409255027770996,-6.615222454071045,0.6789034936478497,0.695286481603159,-0.23593803172156047,-0.563857734712583,0.6995378049838055,0.4389889684299978,0.4702706681449933,-0.1649956602409265,0.866961320235293,-0.00010205361468251795,0.18399035930633545,-0.011492726393043995
2.41,4.157041081153729,4.18,3.9387853499566208,3.915773363230716,10.819366455078125,0.9502549171447754,-11.587635040283203,8.937180519104004,-7.462362766265869,-6.63573694229126,0.6794698870014688,0.695379377306498,-0.23402605469271626,-0.5651863126009922,0.6994603611815025,0.4374010004381971,0.4678515840592021,-0.16493248543773675,0.8682811586926358,-5.911782864131965e-05,0.28125181794166565,-0.011262421496212482
2.42,4.157490527643022,4.18,3.988386734151734,3.9658465205238618,10.926660537719727,0.8603881001472473,-11.66739273071289,8.94514274597168,-7.515443801879883,-6.65742301940918,0.6802789887567591,0.6954704892302871,-0.23138992213548581,-0.5669714213645699,0.6993843792862073,0.43520672945886957,0.4645039341188839,-0.16487052077382264,0.8700883900891035,-8.410956979787443e-06,0.36100101470947266,-0.011036736890673637
2.43,4.1579287130674665,4.18,4.029193603294459,4.007117942664298,11.034048080444336,0.7698850035667419,-11.747417449951172,8.952836990356445,-7.568376541137695,-6.680334568023682,0.6812750226156237,0.6955598147369922,-0.22816855103874972,-0.5691163012245474,0.6993098889466152,0.4325185717422583,0.4604030617193718,-0.16480965792244662,0.872276789450983,4.671763599617407e-05,0.42439842224121094,-0.010815588757395744
2.44,4.158356675899849,4.18,4.05131433726252,4.029695306333087,11.141526222229004,0.6787484884262085,-11.827723503112793,8.960111618041992,-7.620965957641602,-6.704318523406982,0.6824105408281793,0.6956472660182126,-0.22447880756984157,-0.5715387627847551,0.6992369507418159,0.4294311695158593,0.45569649592800604,-0.1647500166879307,0.8747560434774162,0.00010298380948370323,0.47573933005332947,-0.010598890483379364
2.45,4.158775443242774,4.18,4.077951980145288,4.056780974968996,11.249089241027832,0.5869837999343872,-11.908324241638184,8.966852188110352,-7.673063278198242,-6.7292680740356445,0.683652217065353,0.6957329028251583,-0.22039821693495237,-0.5741827593257788,0.699165504359126,0.4260067562930001,0.4504817476820368,-0.16469160707433647,0.8774638850486156,0.00015764965792186558,0.5181764960289001,-0.010386554524302483
2.46,4.159185902040335,4.18,4.09915635001248,4.078424229874935,11.356729507446289,0.4945971369743347,-11.989230155944824,8.972999572753906,-7.72461462020874,-6.755227565765381,0.6849697831145563,0.6958167508783268,-0.21599871623953248,-0.5769968049843777,0.6990955105621743,0.4223033911178463,0.4448495063027693,-0.16463449307159536,0.8803433423575379,0.00020838281488977373,0.5519992709159851,-0.010178497061133385
2.47,4.159588826345861,4.179999999999999,4.091218183198849,4.0709153686084525,11.464439392089844,0.4015958309173584,-12.070452690124512,8.978437423706055,-7.775439262390137,-6.781948089599609,0.6863393252896177,0.6958990649681087,-0.2113358037283419,-0.5799411133605674,0.6990267448018253,0.41836576710561457,0.438869725083763,-0.1645785570123759,0.8833500229108654,0.00025814332184381783,0.5822349786758423,-0.009974630549550056
2.48,4.15998362163722,4.18,4.113959462983333,4.094077319147912,11.572210311889648,0.3079896569252014,-12.151999473571777,8.983110427856445,-7.825468063354492,-6.809382438659668,0.6877533304135686,0.6959797928892264,-0.20641580461513603,-0.5830064139382767,0.698959229765773,0.41419743653488267,0.43254927790007397,-0.1645239283967737,0.8864722213205656,0.00030434629297815263,0.610345721244812,-0.009774874895811081
2.49,4.1603711201722025,4.18,4.124184639677139,4.104714019921692,11.680030822753906,0.21378734707832336,-12.233880996704102,8.987037658691406,-7.874773979187012,-6.837774276733398,0.689194064349498,0.6960589459516667,-0.2012796199968455,-0.586162904267533,0.6988929427756663,0.40983131188212096,0.42593965690702107,-0.1644706609065093,0.8896768010771694,0.00034649501321837306,0.6327788233757019,-0.009579146280884743
2.5,4.160751618734793,4.18,4.139208413893504,4.1201402100351725,11.787895202636719,0.11899807304143906,-12.316108703613281,8.990174293518066,-7.923300266265869,-6.867082595825195,0.6906457809592994,0.6961365775539858,-0.19596497297870066,-0.5893838013884027,0.6988278460384294,0.4052978858349067,0.4190884631006625,-0.16441869417043992,0.8929341258475969,0.00038526736898347735,0.6506961584091187,-0.009387360885739326
2.51,4.161125108712586,4.18,4.14721154605226,4.1285369937967165,11.895792961120605,0.023631228134036064,-12.398694038391113,8.992494583129883,-7.9710187911987305,-6.897308826446533,0.6920937564084149,0.6962126336351647,-0.1905103700780555,-0.5926428424282811,0.6987640029661815,0.40062866781747647,0.41204452873326347,-0.16436799239957373,0.8962156377878688,0.0004203875723760575,0.6643552780151367,-0.00919943954795599
2.52,4.16149182013527,4.18,4.150213792784205,4.131924214457111,12.00371265411377,-0.07230307161808014,-12.481646537780762,8.993952751159668,-8.017861366271973,-6.928347587585449,0.6935274835192861,0.696287283715988,-0.1849422832637725,-0.59592187586931,0.6987012294719073,0.3958455630607065,0.40484163257230477,-0.16431862484166604,0.8995013296634612,0.00045217620208859444,0.6757199168205261,-0.00901530496776104
2.53,4.161851824251935,4.18,4.155887847143175,4.137974803020196,12.111644744873047,-0.16879402101039886,-12.564976692199707,8.99453067779541,-8.063797950744629,-6.960161209106445,0.6949407417805463,0.6963606049582146,-0.179274296193664,-0.5992108362160952,0.6986394632280265,0.3909594277948327,0.3974968417166508,-0.1642705338235817,0.902779847217805,0.0004798915470018983,0.6855215430259705,-0.00883487705141306
2.54,4.162205474094953,4.179999999999999,4.160781454256219,4.143236471955613,12.21957778930664,-0.2658308148384094,-12.648693084716797,8.994220733642578,-8.108827590942383,-6.992770671844482,0.6963275506546505,0.6964326147828177,-0.17352105136283186,-0.6024993105464944,0.6985786436718175,0.3859824599598314,0.39002887455968444,-0.1642239071280771,0.9060397261363845,0.000503853487316519,0.6934701204299927,-0.008658078499138355
2.55,4.162552841095021,4.18,4.157113149217384,4.139927994125809,12.32750129699707,-0.3634023368358612,-12.732805252075195,8.993001937866211,-8.152909278869629,-7.026097297668457,0.6976829353226719,0.6965033440370662,-0.16769500143034888,-0.6057787658086965,0.6985187836751942,0.3809246588870557,0.38245340716855025,-0.16417856315034413,0.9092715715049358,0.0005246881046332419,0.7008578181266785,-0.008484836667776108
2.56,4.162893907757242,4.18,4.142656126519769,4.1258228720914225,12.435405731201172,-0.4614967703819275,-12.817320823669434,8.990832328796387,-8.195956230163574,-7.059948444366455,0.6990070522480958,0.6965727563551931,-0.16178855339966638,-0.609051652140528,0.6984599022955131,0.37577899077813715,0.37476022458676317,-0.16413457889509708,0.9124771855112915,0.000542703433893621,0.7108407616615295,-0.008315079845488071
2.57,4.163228737416212,4.18,4.142842914301589,4.126353857503425,12.543277740478516,-0.5601014494895935,-12.90224552154541,8.987706184387207,-8.23796272277832,-7.094310760498047,0.7003047229250166,0.6966408411649532,-0.1557717351444166,-0.6123320783130608,0.6984020234082475,0.3705186089362764,0.3669096904113101,-0.1640919014462694,0.9156697696014784,0.0005575230461545289,0.7236428260803223,-0.008148735389113426
2.58,4.150390207090703,4.16683263386093,4.179999999999999,4.163847485213773,12.651105880737305,-0.6592044830322266,-12.987587928771973,8.983677864074707,-8.27906608581543,-7.129546642303467,0.7015721016382108,0.6967076559847658,-0.14964968524910877,-0.6156148520742775,0.6983450907685222,0.36514721429181124,0.3589079827873844,-0.1640505296904518,0.9188430135772774,0.0005708341486752033,0.7297362089157104,-0.0079857362434268
2.59,4.077014968509836,4.093134857875345,4.18,4.1641769443918015,12.758881568908691,-0.758794903755188,-13.073357582092285,8.978650093078613,-8.31904411315918,-7.165121555328369,0.7027823589990669,0.6967733159348198,-0.1435405938433526,-0.6188370822664525,0.69828897914285,0.3597682131867409,0.3509097056105038,-0.16401051127544278,0.9219343418592875,0.0005819235229864717,0.7159537672996521,-0.007826010696589947
2.6,3.8063710949569938,3.82217441646615,4.18,4.164499278722796,12.866588592529297,-0.8588538765907288,-13.159543991088867,8.972198486328125,-8.356812477111816,-7.198204517364502,0.7038856702318116,0.6968377336330663,-0.13770307268701398,-0.6218691094564052,0.6982338061017674,0.35461015597489165,0.34325467796697373,-0.16397172012810982,0.924818631436466,0.0005867332802154124,0.6493852734565735,-0.00766947865486145
2.61,3.83996840596199,3.8554599139245695,4.18,4.164813593343133,12.97420883178711,-0.9593507051467896,-13.24610710144043,8.964428901672363,-8.392501831054688,-7.2288818359375,0.7047822256693945,0.6969009529904551,-0.13270672967672087,-0.6244349552712543,0.6981795059063505,0.3501804737099875,0.3366942248032798,-0.16393425283741028,0.927233821498525,0.0005815796903334558,0.533684492111206,-0.007516051176935434
2.62,3.898125651590526,3.9133089646638837,4.18,4.165119108365616,13.081731796264648,-1.0602715015411377,-13.33304214477539,8.95599365234375,-8.42758560180664,-7.260585308074951,0.7054698622186801,0.6969630172739052,-0.12866555892549758,-0.6264962849854969,0.6981260462414041,0.3465868267241499,0.33138297844114967,-0.16389806622348885,0.9291516267475796,0.0005650011589750648,0.4266383647918701,-0.00736565375700593
2.63,3.951949510090053,3.9668277179053977,4.18,4.165415592787321,13.189151763916016,-1.161611557006836,-13.420366287231445,8.947087287902832,-8.462388038635254,-7.293788433074951,0.7059887613491747,0.6970240116851085,-0.1254487783242865,-0.6281329358392138,0.6980733604190578,0.34371877805446505,0.3271526918163268,-0.16386308494484683,0.9306556858633,0.0005401390371844172,0.3383088707923889,-0.0072182281874120235
2.64,3.996409108228981,4.010986000753473,4.18,4.165703979774843,13.296462059020996,-1.2633678913116455,-13.508097648620605,8.937789916992188,-8.496957778930664,-7.328294277191162,0.706377661398247,0.6970839201435506,-0.12290080453293883,-0.6294310957168778,0.698021468249828,0.3414418334167695,0.3238010117683299,-0.16382929573081395,0.9318330680106557,0.0005089493934065104,0.26761430501937866,-0.007073722779750824
2.65,4.032045401930809,4.046325174332596,4.18,4.1659848812827835,13.403657913208008,-1.3655375242233276,-13.596248626708984,8.928152084350586,-8.531290054321289,-7.363810062408447,0.7066675145467418,0.6971424690486121,-0.12088590378177014,-0.6304628329400936,0.6979706492891984,0.3396374375889183,0.321150494574556,-0.16379667450720667,0.9327555999590129,0.00047428085235878825,0.2115374207496643,-0.006932084448635578
2.66,4.060367120727896,4.07435460264678,4.18,4.166259144124341,13.510736465454102,-1.4681178331375122,-13.684831619262695,8.918210983276367,-8.56536865234375,-7.400071620941162,0.7068814282343701,0.6971999144067516,-0.11929344394624215,-0.631285719044189,0.6979206614109177,0.33820865054964,0.3190564015157796,-0.16376516640288738,0.933479503216239,0.0004396077711135149,0.16717301309108734,-0.006793266162276268
2.67,4.0828269611299035,4.096527791474946,4.18,4.166527765695937,13.617692947387695,-1.5711053609848022,-13.773853302001953,8.907997131347656,-8.599183082580566,-7.436861038208008,0.7070369549081597,0.6972563751714972,-0.11803512899514922,-0.6319446791380671,0.6978713771326963,0.33707783001556113,0.31740300392920445,-0.1637348107813927,0.9340483096901888,0.00040374111267738044,0.13210543990135193,-0.0066572148352861404
2.68,4.1006328503787515,4.11405225273862,4.18,4.166790543018724,13.724526405334473,-1.6744970083236694,-13.86331844329834,8.897537231445312,-8.632720947265625,-7.474005222320557,0.707147503511742,0.6973118414456202,-0.11704103578159716,-0.6324747494440869,0.6978228518259322,0.3361829245889245,0.3160982435774521,-0.16370541606569217,0.9344958197648657,0.00037003570469096303,0.1043907031416893,-0.006523876916617155
2.69,4.114756894595921,4.127900857712374,4.18,4.167048455449985,13.831233024597168,-1.7782894372940063,-13.953230857849121,8.886850357055664,-8.665977478027344,-7.511366844177246,0.7072234114799921,0.6973662130873184,-0.11625580028047926,-0.6329031913792387,0.6977751926239332,0.3354747842992196,0.31506919334739264,-0.1636769544037459,0.9348482539966245,0.0003367876051925123,0.08249153941869736,-0.0063932049088180065
2.7,4.125967820473015,4.138841795068002,4.18,4.1673011549597145,13.937809944152832,-1.8824793100357056,-14.043591499328613,8.875955581665039,-8.698945999145508,-7.548836708068848,0.7072725063966665,0.6974195424833574,-0.1156355631182807,-0.6332514441195278,0.6977283312582829,0.33491459251586,0.3142581903720409,-0.16364949594128447,0.9351259980677757,0.00030540250008925796,0.06518620997667313,-0.00626514432951808
2.71,4.134876606352627,4.147486299661686,4.18,4.167549115990987,14.044255256652832,-1.987062931060791,-14.13440227508545,8.864867210388184,-8.731622695922852,-7.586329460144043,0.7073008815493407,0.6974718019223136,-0.11514577058132247,-0.6335363164530012,0.6976823382194592,0.3344713600172528,0.31361951261789867,-0.1636228604439764,0.9353450490837286,0.00027621601475402713,0.05151115730404854,-0.00613964581862092
2.72,4.141965129710734,4.154316237511811,4.18,4.167792524526593,14.150565147399902,-2.092036724090576,-14.225663185119629,8.853597640991211,-8.764005661010742,-7.623776912689209,0.707313216775403,0.6975230459417181,-0.114758937582306,-0.6337710617895664,0.69763714591493,0.3341207175225689,0.3131169982817242,-0.16359710578081332,0.9355178952682756,0.00024901109281927347,0.04070613905787468,-0.006016660947352648
2.73,4.147613608576357,4.159711673355195,4.18,4.168031420989427,14.256741523742676,-2.197397470474243,-14.31737232208252,8.842157363891602,-8.796091079711914,-7.661125659942627,0.7073130857270054,0.6975733639551988,-0.11445348688253089,-0.6339661583688344,0.6975927007146192,0.3338432775311577,0.3127220951618287,-0.16357208138894436,0.9356543514501948,0.00022388117213267833,0.0321674570441246,-0.005896137561649084
2.74,4.152123996354639,4.1639744805826915,4.18,4.168265933981456,14.362776756286621,-2.3031418323516846,-14.409528732299805,8.83055305480957,-8.827880859375,-7.698333740234375,0.7073034726740041,0.6976226312059406,-0.11421235472835055,-0.6341296706357131,0.6975491373410067,0.33362368293372024,0.31241216103528435,-0.16354774661889304,0.9357621365566924,0.0002017490623984486,0.02541910856962204,-0.0057780263014137745
2.75,4.155734393112361,4.167342900471413,4.18,4.168496402153396,14.468672752380371,-2.4092655181884766,-14.502131462097168,8.818792343139648,-8.85937213897705,-7.735367774963379,0.7072865779329858,0.6976709023794868,-0.11402196564188546,-0.6342680643234778,0.6975063826288572,0.33344994942473,0.3121693759086489,-0.1635241822025077,0.9358472752430311,0.00018169255054090172,0.020086055621504784,-0.005662280134856701
2.76,4.158632411919534,4.170004212252389,4.18,4.168722679793428,14.574427604675293,-2.5157651901245117,-14.59517765045166,8.806882858276367,-8.890565872192383,-7.772202014923096,0.7072640573100326,0.6977182717432096,-0.11387171076707173,-0.6343865061902965,0.6974643726029934,0.33331248058418367,0.31197966921102394,-0.16350126062260667,0.935914538712696,0.00016264202713500708,0.015873029828071594,-0.005548854824155569
2.77,4.160965775437653,4.172105772013019,4.18,4.168944577278744,14.680037498474121,-2.6226377487182617,-14.688664436340332,8.794829368591309,-8.921462059020996,-7.808815956115723,0.7072374024285933,0.6977646276257516,-0.11375315837528255,-0.6344889238972267,0.6974232307532316,0.33320360540886096,0.3118317848741453,-0.163478933321761,0.9359677218270852,0.00014626089250668883,0.012542740441858768,-0.005437701009213924
2.78,4.1628532277606425,4.173766657611122,4.18,4.169162625813623,14.785502433776855,-2.729879140853882,-14.782588958740234,8.782635688781738,-8.95206069946289,-7.845193386077881,0.7072074833296422,0.6978101946063273,-0.11365961387420552,-0.6345786359428376,0.697382719697078,0.3331175424273456,0.3117170677513207,-0.16345725609891548,0.936009719554841,0.0001309221115661785,0.009911236353218555,-0.005328775383532047
2.79,4.164386831056326,4.1750784215723975,4.18,4.169376488981943,14.890820503234863,-2.8374860286712646,-14.876948356628418,8.770306587219238,-8.982361793518066,-7.881322383880615,0.7071753436541535,0.6978547839541018,-0.11358579946456274,-0.6346579979367675,0.6973430345398428,0.3330494225091187,0.3116283988703916,-0.16343620373447681,0.9360429201304493,0.0001158526647486724,0.007832761853933334,-0.005222033243626356
2.8,4.16563955258578,4.176113740765867,4.18,4.169586055205581,14.995989799499512,-2.9454548358917236,-14.971739768981934,8.757847785949707,-9.012367248535156,-7.917193412780762,0.7071414982253408,0.6978985542989489,-0.11352757107882376,-0.6347291317473398,0.6973040383111198,0.3329955066757996,0.311560316470003,-0.16341568487278516,0.9360691657878013,0.00010429169196868315,0.006189126055687666,-0.005117430351674557
2.81,4.166670576268807,4.176932552812067,4.18,4.169792255136562,15.101008415222168,-3.053781747817993,-15.0669584274292,8.745260238647461,-9.04207706451416,-7.952798366546631,0.707106581615683,0.6979413939641606,-0.11348168498549888,-0.6347934991104913,0.6972658536148694,0.33295276372150207,0.3115084199870725,-0.16339565469770612,0.9360899338755148,9.386346937390044e-05,0.004889799747616053,-0.005014922935515642
2.82,4.16752525425516,4.177579504628229,4.18,4.169994558631005,15.2058744430542,-3.162463426589966,-15.162604331970215,8.732549667358398,-9.071493148803711,-7.988132476806641,0.7070708653088442,0.6979834587045894,-0.11344550588798566,-0.6348524665090303,0.6972283256057807,0.33291892067042395,0.3114693198355223,-0.16337611008877068,0.9361063558450284,8.279577741632238e-05,0.003864491591230035,-0.004914470016956329
2.83,4.168238814170472,4.178089281106512,4.18,4.170192586868215,15.310587882995605,-3.271496534347534,-15.258672714233398,8.719717025756836,-9.100616455078125,-8.02319049835205,0.7070347014369065,0.698024731910345,-0.11341695025663297,-0.6349070024483092,0.697191471168942,0.33289210079452014,0.3114402498170831,-0.16335705118169033,0.9361193538342722,7.293564704013988e-05,0.0030544812325388193,-0.004816028755158186
2.84,4.168840701873414,4.178491722651961,4.18,4.170386905757914,15.415146827697754,-3.3808772563934326,-15.3551607131958,8.706765174865723,-9.129446983337402,-8.057969093322754,0.7069983580786087,0.6980651983254681,-0.11339444678191488,-0.634957848029088,0.6971553126986014,0.3328708476307065,0.31141909527262657,-0.16333844882005066,0.9361296375164277,6.548100645886734e-05,0.002413305453956127,-0.004719559568911791
2.85,4.169354228135198,4.1788103723347,4.18,4.170577905923855,15.519549369812012,-3.4906020164489746,-15.45206356048584,8.693697929382324,-9.157986640930176,-8.09246826171875,0.7069620051959439,0.6981048932616142,-0.11337672253827248,-0.6350056438670119,0.697119822103413,0.3328540008585561,0.31140416738761206,-0.16332027318950995,0.9361377745283714,5.823715036967769e-05,0.0019069373374804854,-0.004625024739652872
2.86,4.169796481851954,4.179061672990356,4.18,4.17076509217979,15.623795509338379,-3.600667715072632,-15.549378395080566,8.68051815032959,-9.186238288879395,-8.126684188842773,0.706925882780949,0.6981437387485799,-0.11336276417118053,-0.6350507949625123,0.6970850721969127,0.3328406374493751,0.31139409768307624,-0.16330254794821739,0.93614421632661,5.100098860566504e-05,0.0015068405773490667,-0.004532383754849434
2.87,4.170181812201626,4.179259839968363,4.18,4.170948492747339,15.72788143157959,-3.7110707759857178,-15.647102355957031,8.667228698730469,-9.214201927185059,-8.160615921020508,0.7068900886247677,0.6981817613256933,-0.11335180085124744,-0.6350937217171186,0.6970510558616612,0.3328299718439471,0.31138780843117064,-0.16328519122779034,0.936149335889385,4.4353448174661025e-05,0.0011918051168322563,-0.004441600758582354
2.88,4.171105266586309,4.18,3.9810207342982538,3.9721490646776147,15.831806182861328,-3.821805715560913,-15.745226860046387,8.653623580932617,-9.2412691116333,-8.192543029785156,0.7068642265460131,0.6982190787258166,-0.1132831996934172,-0.6351630287205497,0.6970176372348444,0.3327676972455301,0.31130514318919417,-0.16326828071253377,0.9361797777868995,4.0602248191135004e-05,0.028601836413145065,-0.004352636635303497
2.89,4.1712841701448635,4.18,3.975635816167497,3.9669410994814194,15.935565948486328,-3.932857036590576,-15.84371280670166,8.639627456665039,-9.26719856262207,-8.221789360046387,0.7069104761670608,0.6982556381214785,-0.11276809174951122,-0.6354415872658431,0.6969848808932921,0.3323041753863911,0.3106309190314531,-0.16325176764044663,0.9364065850387557,3.904034019797109e-05,0.09517326951026917,-0.004265455529093742
2.9,4.171458938453361,4.18,3.9277583024485008,3.919237541878765,16.039155960083008,-4.044216632843018,-15.942546844482422,8.625407218933105,-9.292571067810059,-8.25013542175293,0.7070536393902032,0.6982914520786431,-0.1116431770372398,-0.6360050327352004,0.6969527810799807,0.3312920453019921,0.3091484261007406,-0.16323562386556603,0.936899878183712,4.158049705438316e-05,0.17355921864509583,-0.004180022981017828
2.91,4.17162914310873,4.18,3.9698233438478585,3.9614741088150573,16.142574310302734,-4.155877113342285,-16.041715621948242,8.610958099365234,-9.317512512207031,-8.278179168701172,0.7073057706856558,0.6983265343076983,-0.10981164891107706,-0.6368957421131234,0.6969213433048518,0.32964292033097703,0.30672847998342845,-0.16321976818988576,0.9376976841387076,4.775028719450347e-05,0.25580894947052,-0.004096306394785643
2.92,4.171794972135757,4.18,4.126473877842406,4.118293680127506,16.245819091796875,-4.267837047576904,-16.14122772216797,8.596434593200684,-9.342674255371094,-8.30807113647461,0.7076469404565016,0.6983610874365024,-0.10736665784617888,-0.6380654432846519,0.6968903417299701,0.3274390656128957,0.3034934888074425,-0.16320429883428766,0.9387523949868226,5.696176958736032e-05,0.30929356813430786,-0.004014270845800638
2.93,4.0173246742412445,4.025368025992938,4.18,4.1719862683684905,16.348888397216797,-4.380100250244141,-16.241111755371094,8.581659317016602,-9.367716789245605,-8.33913516998291,0.7080129143247058,0.6983949975137962,-0.10470024162885906,-0.6393280457713615,0.6968598939578541,0.3250322108395112,0.2999622693600125,-0.16318920197351683,0.9398893133340958,6.73702743370086e-05,0.3030223250389099,-0.003933881875127554
2.94,4.02062107373029,4.028506353751872,4.18,4.172149752521072,16.451778411865234,-4.492658615112305,-16.34136199951172,8.566364288330078,-9.391897201538086,-8.369348526000977,0.7083272052511216,0.6984281086756705,-0.10232666960700638,-0.640446791950464,0.6968301672857891,0.3228863958744909,0.2968172450877724,-0.16317443112260316,0.9408898065375776,7.498178456444293e-05,0.25383591651916504,-0.003855103859677911
2.95,4.045371834021061,4.0531015370044035,4.18,4.17230928754463,16.554481506347656,-4.605504035949707,-16.441978454589844,8.550707817077637,-9.415632247924805,-8.39979076385498,0.7085726812118283,0.6984605391365226,-0.10038740314102668,-0.6413605123233912,0.6968010366293613,0.3211308278327148,0.29424725771459276,-0.16316001538785707,0.94169918801392,7.647889287909493e-05,0.20404455065727234,-0.0037779035046696663
2.96,4.070421917662024,4.077997609183512,4.18,4.172464077502809,16.656993865966797,-4.718632698059082,-16.54296112060547,8.534782409667969,-9.439087867736816,-8.430763244628906,0.7087589589763106,0.6984923138776805,-0.09883939257512908,-0.6420920728406591,0.6967724703429568,0.319727844529311,0.2921960096681717,-0.16314598378745784,0.9423401084046144,7.7040349424351e-05,0.16207781434059143,-0.003702247515320778
2.97,4.0915565977990624,4.098981123320554,4.18,4.172615535460208,16.759315490722656,-4.8320417404174805,-16.644319534301758,8.518634796142578,-9.462305068969727,-8.462209701538086,0.7088982886640437,0.6985234942855403,-0.09761221368409302,-0.6426756489396022,0.696744410270668,0.3186145587016395,0.29057051913305243,-0.16313232263318617,0.9428449600666329,7.709664350841194e-05,0.12828294932842255,-0.003628103295341134
2.98,4.108602318745106,4.115878570463101,4.18,4.17276383853663,16.861440658569336,-4.945727348327637,-16.746057510375977,8.502296447753906,-9.485284805297852,-8.494000434875488,0.7090011311584952,0.698554087043206,-0.09664152053443507,-0.6431417172730213,0.6967168696513644,0.3177331192153459,0.28928554668196566,-0.16311894745380479,0.9432423238290779,7.440704939654097e-05,0.10142655670642853,-0.0035554440692067146
2.99,4.122175833508372,4.129306067479629,4.18,4.1729084576944295,16.963369369506836,-5.059687614440918,-16.848176956176758,8.48578929901123,-9.508024215698242,-8.526009559631348,0.7090757864738501,0.6985840462318441,-0.09587418519515974,-0.6435149669285906,0.6966898744356194,0.3170358121691871,0.2882707345107828,-0.16310594473907336,0.9435552100515306,7.066562830004841e-05,0.08016692101955414,-0.0034842416644096375
3.0,4.132948056161403,4.139934912553581,4.18,4.173049889734539,17.065099716186523,-5.173919200897217,-16.950681686401367,8.469132423400879,-9.530519485473633,-8.55813217163086,0.7091285629462101,0.6986134359572462,-0.09526777164316277,-0.6438150433898078,0.6966633743314469,0.3164843325823611,0.28746977426996256,-0.16309325542502698,0.9438017370804335,6.775480869691819e-05,0.06335653364658356,-0.0034144658129662275
3.01,4.1414928015507755,4.148339349426969,4.18,4.1731886846243285,17.166629791259766,-5.288419246673584,-17.053571701049805,8.45234203338623,-9.552765846252441,-8.59028434753418,0.7091644404063259,0.6986421986966258,-0.09478857876098346,-0.644057305749288,0.696637424188658,0.3160482338674906,0.28683790435392426,-0.1630808922594434,0.9439961012661614,6.239891081349924e-05,0.05007219687104225,-0.003346086712554097
3.02,4.14827172813937,4.1549801252812895,4.18,4.173324050291702,17.267955780029297,-5.403184413909912,-17.156848907470703,8.435430526733398,-9.574762344360352,-8.622398376464844,0.709187176695521,0.6986703907560105,-0.09440992263252589,-0.6442539350775874,0.6966119750960214,0.31570337864816056,0.2863396855968095,-0.16306882361035063,0.9441494284373934,5.714262442779727e-05,0.03957141563296318,-0.0032790759578347206
3.03,4.153656140267849,4.16022914926587,4.18,4.173456705166682,17.369077682495117,-5.51821231842041,-17.260509490966797,8.418407440185547,-9.59650707244873,-8.654424667358398,0.709199622747664,0.6986981273112326,-0.09411069007476015,-0.6444145580960959,0.6965869066218273,0.315430751254292,0.28594714967697177,-0.16305707103591097,0.944270416341,5.322960714693181e-05,0.03127265349030495,-0.0032134077046066523
3.04,4.157936857845634,4.164377512952706,4.18,4.173587024288645,17.469995498657227,-5.633499622344971,-17.36455535888672,8.40128231048584,-9.617999076843262,-8.686320304870605,0.7092042769206282,0.6987252022634463,-0.09387430595959305,-0.6445464940958314,0.6965624410499206,0.31521513711645943,0.2856380761492793,-0.1630455686011802,0.9443659417901815,4.9789265176514164e-05,0.024714119732379913,-0.0031490556430071592
3.05,4.161344828847795,3.9958857035245736,4.18,4.001944652104749,17.570707321166992,-5.74904203414917,-17.468976974487305,8.38391399383545,-9.638737678527832,-8.71654987335205,0.7092028902449534,0.6987440768993315,-0.09374420230769379,-0.6446557035455275,0.6965640488023788,0.31498817406731044,0.2853949620340652,-0.16295778874953643,0.9444545911431824,0.026492375880479813,0.01953100599348545,-0.00308604771271348
3.06,4.16406240157783,3.930377787459454,4.18,3.93397119503077,17.671205520629883,-5.864825248718262,-17.57374382019043,8.366217613220215,-9.658329010009766,-8.74393367767334,0.7091968714837208,0.698702622174463,-0.09409805122441375,-0.6447468450052527,0.696766379519836,0.31435349246762423,0.28520396794833613,-0.1622690917499371,0.9446308477543887,0.1001116931438446,0.015432674437761307,-0.0030248125549405813
3.07,4.166234037671238,3.8636974302712463,4.18,3.865364142380246,17.7714900970459,-5.980838298797607,-17.6788272857666,8.348392486572266,-9.677046775817871,-8.769515037536621,0.709187279617521,0.6985595770343896,-0.09522562555444154,-0.6448236537625213,0.6973018649996119,0.31300569422362756,0.28505413166107957,-0.1605759209894113,0.9449653515454153,0.20281869173049927,0.012189102359116077,-0.0029654516838490963
3.08,4.1679745454527435,3.830473945034008,4.18,3.830637592845868,17.87156105041504,-6.097071170806885,-17.784208297729492,8.330625534057617,-9.694892883300781,-8.793726921081543,0.7091751506668389,0.6982802299948707,-0.09734128658989961,-0.64488887379037,0.6982649984704055,0.3107158386251224,0.2849367405900031,-0.1575776389892784,0.9455053366071023,0.32749637961387634,0.009623241610825062,-0.0029078288935124874
3.09,4.169372721407562,3.790181801530559,4.18,3.7891777645489464,17.971424102783203,-6.213512897491455,-17.88987159729004,8.313138008117676,-9.711816787719727,-8.816965103149414,0.7091610987601737,0.6978347331755123,-0.10058439828882437,-0.644944846354048,0.6997105526434365,0.3073292821726724,0.2848450125359694,-0.15307458212674763,0.9462724190951066,0.46777573227882385,0.007591491099447012,-0.0028517302125692368
3.1,4.170500794025138,3.7810026721154975,4.18,3.7790949572400825,18.07107925415039,-6.330151081085205,-17.99580955505371,8.296163558959961,-9.72769546508789,-8.83951187133789,0.7091456816507287,0.6971888400292612,-0.1050719921519366,-0.6449933868783164,0.7016761179134008,0.3027113417650844,0.2847734767834986,-0.14689570071527802,0.9472727801599736,0.6194654703140259,0.005981864873319864,-0.0027969565708190203
3.11,4.171415154421702,3.818070089844986,4.18,3.815467109140008,18.170534133911133,-6.44697380065918,-18.102018356323242,8.280017852783203,-9.742559432983398,-8.862189292907715,0.7091293747095551,0.696311529716782,-0.11084125363559594,-0.6450358818246124,0.7041561633681641,0.29680432737642487,0.28471782712499777,-0.13897608130215205,0.9484837414226548,0.7687956094741821,0.0047013964504003525,-0.002743326360359788
3.12,4.17216264905408,3.8575361602380873,4.18,3.854400205742568,18.26980209350586,-6.563968181610107,-18.208505630493164,8.265013694763184,-9.756363868713379,-8.885664939880371,0.7091124109294973,0.6951844363109752,-0.11780572217319306,-0.6450735341187639,0.7070854057445477,0.2896728578286137,0.2846747692460357,-0.12941726505401085,0.9498481179960595,0.9047290086746216,0.0036861998960375786,-0.0026906640268862247
3.13,4.1727755719982085,3.8933864423073827,4.18,3.889848214201629,18.368898391723633,-6.681120872497559,-18.315279006958008,8.251394271850586,-9.76889705657959,-8.910030364990234,0.7090949578172874,0.693793522929692,-0.12583675273506764,-0.645107381196452,0.7103782370936794,0.28142357219950825,0.2846415421612859,-0.11837781804241569,0.9512969487344957,1.026124119758606,0.002877740887925029,-0.0026388487312942743
3.14,4.173283432093449,3.925353400693275,4.18,3.921514573674649,18.46784210205078,-6.798415660858154,-18.42234992980957,8.239367485046387,-9.779924392700195,-8.935237884521484,0.7090772163236316,0.6921243504842185,-0.13480869689129216,-0.6451381434706256,0.7139503711939074,0.2721610613430151,0.28461601699483485,-0.10601297533264778,0.9527617603216008,1.134140133857727,0.002235669642686844,-0.0025878141168504953
3.15,4.173706536944955,3.953758599981665,4.18,3.9497008065693073,18.566650390625,-6.91583251953125,-18.529727935791016,8.229118347167969,-9.789234161376953,-8.961216926574707,0.709059252841223,0.6901621639509622,-0.14460692725720944,-0.6451664807430942,0.7177232150416708,0.2619801494690357,0.2845965356180875,-0.09246390669213991,0.9541777810625282,1.2301877737045288,0.0017263211775571108,-0.002537534339353442
3.16,4.174061770732514,3.9789856605743985,4.18,3.97477375248447,18.665348052978516,-7.033349990844727,-18.637420654296875,8.22081470489502,-9.796637535095215,-8.987894058227539,0.7090411192917395,0.6878924272494904,-0.15512801064386111,-0.6451929082528673,0.7216246845946557,0.2509659851929558,0.2845818024641147,-0.07785771070657305,0.9554848897757657,1.315581202507019,0.0013211045879870653,-0.0024880014825612307
3.17,4.174363444740884,4.001390560357832,4.18,3.9970751096867025,18.763957977294922,-7.150943756103516,-18.745437622070312,8.214605331420898,-9.801971435546875,-9.015196800231934,0.7090229792617602,0.6853012850500748,-0.1662785722439723,-0.6452177582209773,0.7255892395935162,0.2391951083580085,0.2845706579306345,-0.06230894072939412,0.956628003222834,1.391502022743225,0.0009989814134314656,-0.002439223462715745
3.18,4.1746220623678525,4.021291035206522,4.18,4.016912078987806,18.862506866455078,-7.268589019775391,-18.85378646850586,8.210622787475586,-9.805092811584473,-9.043048858642578,0.7090049023387166,0.6823761236929767,-0.17797436409048972,-0.6452413009023029,0.7295574533395182,0.2267368207562696,0.2845623166717104,-0.045921107243882334,0.9575570687117949,1.4590023756027222,0.0007410303805954754,-0.00239120633341372
3.19,4.1748470721428745,4.0389701024664095,4.18,4.03455820498988,18.961023330688477,-7.386257648468018,-18.96247100830078,8.208986282348633,-9.805877685546875,-9.071377754211426,0.7089869985695989,0.6791056854517841,-0.19013916967930097,-0.6452637211834544,0.7334757809369385,0.213653946613278,0.28455608583151537,-0.02878796217189933,0.9582270541214314,1.519012689590454,0.000536334584467113,-0.002343960804864764
3.2,4.175043911098037,4.076231495637648,4.18,4.071811741320152,19.05953598022461,-7.503921031951904,-19.071500778198242,8.209837913513184,-9.804261207580566,-9.100298881530762,0.7089692604478807,0.6754824116749008,-0.2026970627755738,-0.6452852570031482,0.7372939805495364,0.20001130802982314,0.2845514449697385,-0.01100444288819756,0.9585976097416237,1.5690488815307617,0.00037265330320224166,-0.0022974973544478416
3.21,4.175218678639503,4.117119109819123,4.18,4.112710441761829,19.158071517944336,-7.621550559997559,-19.18088150024414,8.213336944580078,-9.800213813781738,-9.130046844482422,0.708951772328625,0.6715154486859864,-0.21553279724478072,-0.6453060432192157,0.7409548247823954,0.18591949391187976,0.28454787839107354,0.007276661854730748,0.9586342133970552,1.604413390159607,0.0002464864810463041,-0.002251826925203204
3.22,4.17537310290907,4.137306420019156,4.18,4.132926009409273,19.25666618347168,-7.739116191864014,-19.29062271118164,8.21954345703125,-9.793638229370117,-9.1604642868042,0.7089344580095993,0.6672267421165536,-0.22851785236861893,-0.645326255544334,0.7444049315949572,0.17150895522460638,0.28454517769901627,0.025879961778124766,0.9583132418090643,1.6270692348480225,0.00014501788245979697,-0.002206956734880805
3.23,4.175513577589008,4.167564764846528,4.18,4.163223360317996,19.355350494384766,-7.856587886810303,-19.400732040405273,8.228479385375977,-9.784456253051758,-9.1913423538208,0.7089172954621432,0.6626346425049443,-0.24156075580893768,-0.6453460333710523,0.7476088964056609,0.15687394693625334,0.28454308181168103,0.04467962138889084,0.9576215150181497,1.6397548913955688,6.412972288671881e-05,-0.0021628879476338625
3.24,4.113243406887339,4.18,4.11760124764405,4.175706288966175,19.454158782958984,-7.973933219909668,-19.511213302612305,8.240023612976074,-9.77254581451416,-9.222016334533691,0.7089003817583642,0.6577715119526464,-0.25455232626392366,-0.6453653737129204,0.7505342863055591,0.1421331048425662,0.2845413557907325,0.0635210448854135,0.9565569997137845,1.6339198350906372,1.2879736459581181e-06,-0.002119623124599457
3.25,4.029945232990871,4.18,4.034185123226893,4.175761397737624,19.553119659423828,-8.091118812561035,-19.622055053710938,8.253837585449219,-9.757735252380371,-9.251169204711914,0.7088837354747226,0.6527176919022469,-0.2672891023914124,-0.6453843355659165,0.7531387041809937,0.1275192207893161,0.28453981968354475,0.08210789817293553,0.955141551850865,1.598528504371643,-4.590673779603094e-05,-0.0020771643612533808
3.26,4.002983169231776,4.18,4.007114544585384,4.175822717908595,19.652257919311523,-8.208108901977539,-19.733234405517578,8.269844055175781,-9.740120887756348,-9.278746604919434,0.7088675368029793,0.6475823473213613,-0.2795423379465669,-0.645402780713421,0.7553921152504348,0.11330491103591941,0.2845383382151878,0.10009922904413229,0.953424395760099,1.5393741130828857,-8.149622590281069e-05,-0.0020355135202407837
3.27,3.97824588537615,4.18,3.98227616430368,4.175888224846567,19.751604080200195,-8.324872016906738,-19.844741821289062,8.288111686706543,-9.719924926757812,-9.305373191833496,0.7088515767319883,0.64244538470736,-0.29119301130484987,-0.6454209855689773,0.75729956221839,0.09964499210198671,0.28453680526734015,0.1173085705822347,0.9514607221090152,1.468539834022522,-0.00010839012975338846,-0.0019946678075939417
3.28,3.960004125720774,4.18,3.963939266271085,4.175956469319935,19.85118293762207,-8.441377639770508,-19.956562042236328,8.308548927307129,-9.697304725646973,-9.331167221069336,0.7088360015157298,0.6373727838076633,-0.30217123856591976,-0.6454388077030349,0.7588820868060535,0.08664135176562293,0.28453517966338915,0.13361853459067458,0.9493080736766982,1.3887743949890137,-0.00012641747889574617,-0.0019546237308532
3.29,3.9604581371138767,4.18,3.9643041758361353,4.176027543798845,19.951017379760742,-8.557599067687988,-20.068687438964844,8.331085205078125,-9.672431945800781,-9.356350898742676,0.7088208409488724,0.632422822753816,-0.31243301473536483,-0.6454562584473369,0.7601681983263044,0.07436752439408577,0.284533361607559,0.1489485935262086,0.9470243305316217,1.3045061826705933,-0.00013712326472159475,-0.0019153747707605362
3.3,3.981954733873215,4.18,3.9857169217823754,4.176100688826118,20.05113410949707,-8.67350959777832,-20.181114196777344,8.35570240020752,-9.645486831665039,-9.381318092346191,0.7088058702973019,0.6276312744733753,-0.3219832628181332,-0.6454735619442237,0.7611932075306977,0.06283933195192758,0.2845314025957783,0.1632907961645565,0.9446576082501132,1.2231359481811523,-0.00014295088476501405,-0.0018769120797514915
3.31,4.003187920222487,4.18,4.006870268939608,4.176174700398114,20.151559829711914,-8.789084434509277,-20.293838500976562,8.382341384887695,-9.61662483215332,-9.40632152557373,0.7087913531441452,0.6230034298014435,-0.33087995430930783,-0.6454904535193331,0.7619956765364232,0.052006378024281694,0.2845292465169398,0.17671818071561474,0.9422387131088734,1.1495591402053833,-0.00014121411368250847,-0.0018392244819551706
3.32,4.021901629128145,4.18,4.025509471035214,4.176250943979248,20.252317428588867,-8.904302597045898,-20.406864166259766,8.410867691040039,-9.58596134185791,-9.4313383102417,0.7087771980899056,0.6185325222223255,-0.3391937535113394,-0.6455070648691392,0.762609614155608,0.041799588532226054,0.28452682241196814,0.1893253690098689,0.9397874185034748,1.083864450454712,-0.00014032641774974763,-0.0018022994045168161
3.33,4.0395477349818325,4.18,4.043082170581991,4.176325237982091,20.353429794311523,-9.01914119720459,-20.520191192626953,8.441144943237305,-9.55360221862793,-9.456311225891113,0.7087634449762639,0.614208777984831,-0.3469898501566858,-0.6455233046433305,0.7630634408898045,0.03215351209068479,0.28452423838353835,0.20120080075335822,0.9373175532062092,1.0253854990005493,-0.00013773239334113896,-0.0017661211313679814
3.34,4.054332982542576,4.18,4.057796358608641,4.176398891540593,20.454914093017578,-9.133583068847656,-20.63381576538086,8.473045349121094,-9.519635200500488,-9.481181144714355,0.7087500241698061,0.6100210220992989,-0.3543271875487767,-0.6455392921508857,0.7633804326873181,0.023007330993760483,0.2845213973124563,0.21242567544214094,0.9348384389210349,0.9734034538269043,-0.00013244673027656972,-0.0017306753434240818
3.35,4.068410842227248,4.18,4.071805969548958,4.176472425948013,20.556787490844727,-9.247608184814453,-20.747737884521484,8.506452560424805,-9.48414421081543,-9.505889892578125,0.7087369240580325,0.6059581331610427,-0.3612571291099216,-0.6455549748296131,0.7635797710928105,0.014307608136537378,0.28451844746781574,0.22307100670825658,0.9323564656378314,0.9271669387817383,-0.00012820723350159824,-0.0016959458589553833
3.36,4.080010158744292,4.18,4.083337946845452,4.176544004665338,20.65907096862793,-9.361197471618652,-20.861955642700195,8.541260719299316,-9.447203636169434,-9.530390739440918,0.7087241425597781,0.6020086794637443,-0.3678255559408918,-0.6455704184175266,0.7636771376355286,0.006005357360359398,0.28451524496435504,0.23320115630743504,0.9298754196556377,0.8860771656036377,-0.00012384296860545874,-0.0016619190573692322
3.37,4.0907615533737705,4.18,4.094023470004206,4.1766142404009585,20.76177978515625,-9.474336624145508,-20.976465225219727,8.577376365661621,-9.408879280090332,-9.554635047912598,0.7087116612512373,0.5981620823781943,-0.37407205777963914,-0.6455856069002512,0.7636854415053049,-0.001941802276686569,0.28451187210685214,0.2428717143634262,0.927397608899454,0.8494521975517273,-0.00011972341599175707,-0.0016285808524116874
3.38,4.094885994204455,4.18,4.098083294201283,4.1766829765871805,20.864931106567383,-9.587006568908691,-21.091264724731445,8.61469554901123,-9.369232177734375,-9.578542709350586,0.7086996519289914,0.5944088090103214,-0.38003022396469655,-0.6456003064264353,0.7636155169776797,-0.009570087408361808,0.28450843168141615,0.252129946658151,0.9249245603292946,0.8160321712493896,-0.00011676846770569682,-0.0015959154115989804
3.39,4.063420895561052,4.18,4.066554342150397,4.176749784942949,20.968534469604492,-9.699193000793457,-21.206348419189453,8.652992248535156,-9.32832145690918,-9.601719856262207,0.7086878786047022,0.5907529985243634,-0.38571023509007435,-0.6456148138824349,0.7634764908114213,-0.016886683328186963,0.28450483794536047,0.26098762942475084,0.9224654218305058,0.7788981795310974,-0.00011076571536250412,-0.0015639085322618484
3.4,4.072648110802845,4.18,4.075720545009688,4.176816800077795,21.07260513305664,-9.810881614685059,-21.32170295715332,8.69216537475586,-9.286208152770996,-9.62408447265625,0.7086763660290936,0.5872355349016283,-0.39106551213396046,-0.6456290947982632,0.7632793859737357,-0.023825425442838805,0.28450110752292945,0.2693677885277962,0.920054408348697,0.7365583181381226,-0.00010414901771582663,-0.001532548340037465
3.41,4.054429013331285,4.18,4.057442035502502,4.176882828811067,21.17715072631836,-9.922057151794434,-21.43732261657715,8.732219696044922,-9.242960929870605,-9.64583969116211,0.708665216285528,0.5838702892768001,-0.39609228284177855,-0.6456430212604513,0.7630350278471608,-0.030374913595911726,0.28449727648021916,0.2772598629050161,0.917708160635629,0.6926484107971191,-9.888257045531645e-05,-0.0015018226113170385
3.42,4.066909222515569,4.18,4.069863426452976,4.176946913492138,21.282184600830078,-10.032708168029785,-21.553199768066406,8.77306842803955,-9.198647499084473,-9.666975021362305,0.7086543683219766,0.5806824556799415,-0.40077034810935447,-0.645656691421816,0.7627548860412102,-0.036502337493563394,0.28449327422702647,0.2846275978990321,0.9154510950530415,0.6468908190727234,-9.326585859525949e-05,-0.0014717159792780876
3.43,4.080341318718899,4.18,4.083238117748158,4.177009935112146,21.387710571289062,-10.142821311950684,-21.669328689575195,8.814775466918945,-9.153328895568848,-9.68783187866211,0.708643837419102,0.5776697866093697,-0.4051191544800301,-0.6456700194606414,0.7624481183235975,-0.04222668391551056,0.28448925754345145,0.2914969716883705,0.913288222763704,0.6054365634918213,-8.637468272354454e-05,-0.0014422176172956824
3.44,4.090686785530263,4.18,4.0935280334234925,4.177072377424047,21.493741989135742,-10.252385139465332,-21.785707473754883,8.857270240783691,-9.10706901550293,-9.7084379196167,0.7086336399406022,0.5748158812404156,-0.4091760831455541,-0.6456830319311446,0.7621210112822381,-0.04759187365867493,0.2844851254824011,0.29792325662147157,0.9112134473016295,0.568671703338623,-8.131117647280917e-05,-0.0014133162330836058
3.45,4.100795088302155,4.18,4.1035810651800855,4.177132711945596,21.600290298461914,-10.361388206481934,-21.90233039855957,8.900465965270996,-9.059928894042969,-9.728760719299316,0.7086235466670441,0.5721054102425994,-0.4129746586416249,-0.6456959411578173,0.7617782204515465,-0.05263738612427099,0.2844809671688778,0.3039561521285959,0.9092201256581587,0.5359808206558228,-7.663773430977017e-05,-0.0013849979732185602
3.46,4.1088597179557755,4.18,4.111591395035058,4.177191685186408,21.70735740661621,-10.469820022583008,-22.019197463989258,8.944291114807129,-9.01196002960205,-9.748778343200684,0.7086136516078276,0.5695236464548884,-0.4165447261504432,-0.6457086841155065,0.761423419497345,-0.0573992290783705,0.28447669151064264,0.30964042431455496,0.9073013940347833,0.5069339871406555,-6.943698099348694e-05,-0.0013572504976764321
3.47,4.116467389620803,4.18,4.119147172125659,4.17725078051415,21.81495475769043,-10.577672004699707,-22.136301040649414,8.988676071166992,-8.963211059570312,-9.76846981048584,0.70860405951188,0.5670577261074868,-0.41991168369681087,-0.6457211367446042,0.7610595249542425,-0.06190810155124246,0.28447231922375205,0.31501418180492946,0.9054510284146959,0.4810155928134918,-6.469619256677106e-05,-0.001330062747001648
3.48,4.123260547647217,4.18,4.1258883250449365,4.177307526409713,21.92308807373047,-10.684935569763184,-22.253639221191406,9.033562660217285,-8.913726806640625,-9.787822723388672,0.7085948240979423,0.5646957170567116,-0.42309824201881596,-0.6457331917102657,0.7606887147819735,-0.06619157293056788,0.2844679602086668,0.3201115842033143,0.9036628537643698,0.45795392990112305,-5.874631096958183e-05,-0.0013034205185249448
3.49,4.129309864461385,4.18,4.13188733234295,4.177363785807465,22.031761169433594,-10.791600227355957,-22.37120819091797,9.078897476196289,-8.863544464111328,-9.806822776794434,0.7085858177493094,0.5624268079507032,-0.426124658501389,-0.645744992520027,0.7603123727036813,-0.07027446583936775,0.28446360667026066,0.3249633542602628,0.9019308592503452,0.43744683265686035,-5.52478595636785e-05,-0.001277314848266542
3.5,4.134693921085411,4.18,4.137220926852162,4.177417746373685,22.14098358154297,-10.897658348083496,-22.48900032043457,9.1246337890625,-8.812701225280762,-9.825459480285645,0.7085769783065701,0.5602410992938652,-0.42900883030065,-0.6457566087534846,0.7599315051305863,-0.0741789037473636,0.28445925554484847,0.32959675085164775,0.9002493619897253,0.419216513633728,-5.146669354871847e-05,-0.0012517331633716822
3.51,4.13997660376485,4.18,4.142454336744819,4.177470800326482,22.250755310058594,-11.00310230255127,-22.60701560974121,9.170730590820312,-8.76122760772705,-9.843728065490723,0.7085683451792946,0.5581294144324473,-0.431766669574169,-0.6457680067998626,0.7595468426638674,-0.07792480473560945,0.2844548850057049,0.33403615155345645,0.8986129688869104,0.4030822217464447,-4.868457108386792e-05,-0.0012266661506146193
3.52,4.144221653681058,4.18,4.146650643696745,4.1775223254132285,22.361082077026367,-11.107924461364746,-22.725248336791992,9.217147827148438,-8.709152221679688,-9.861618995666504,0.7085599961546026,0.5560828753823117,-0.43441289984982023,-0.6457791125971972,0.7591587851476436,-0.08153083261153796,0.2844504694715164,0.33830426340750486,0.8970162516798341,0.3888451159000397,-4.414598879520781e-05,-0.0012021030997857451
3.53,4.147480790939145,4.18,4.149862924144319,4.177573720806031,22.471967697143555,-11.212119102478027,-22.843690872192383,9.263850212097168,-8.656502723693848,-9.87911605834961,0.7085517303199917,0.5540941178481552,-0.4369601286463336,-0.6457901120239739,0.7587674072887569,-0.08501266287066292,0.2844460874622976,0.3424203998046441,0.8954544617818477,0.3761332631111145,-4.2701132770162076e-05,-0.0011780323693528771
3.54,4.149850741397859,4.18,4.15218545557018,4.177622584694909,22.58341407775879,-11.315678596496582,-22.962343215942383,9.310799598693848,-8.603302955627441,-9.896201133728027,0.7085437423048782,0.5521571781530301,-0.43941804224983916,-0.6458007786666997,0.758373173513464,-0.08838259991990416,0.2844417682304814,0.34639945194702654,0.893924102022491,0.3645712435245514,-3.8150130421854556e-05,-0.0011544441804289818
3.55,4.1543789519591225,4.18,4.15666876525477,4.177672036573931,22.69542694091797,-11.418596267700195,-23.08119773864746,9.357976913452148,-8.54957389831543,-9.912880897521973,0.7085359255748488,0.5502675478601183,-0.441794599267357,-0.6458113038421874,0.7579761849755435,-0.09165076562459501,0.284437342835722,0.35025380623475455,0.8924223603309259,0.35427966713905334,-3.636549809016287e-05,-0.0011313289869576693
3.56,4.085624628569931,4.18,4.087869103794802,4.177719159277039,22.808006286621094,-11.520866394042969,-23.200246810913086,9.405071258544922,-8.495392799377441,-9.92857837677002,0.7085283852032178,0.5484331797332037,-0.44408172077788594,-0.6458215456923003,0.7575793800086918,-0.09480513754672917,0.28443287166030745,0.3539696743414237,0.890956458625054,0.3344183564186096,-3.507041037664749e-05,-0.0011086768936365843
3.57,4.090833873543888,4.18,4.093033692125973,4.177765111007538,22.9211483001709,-11.62248420715332,-23.319477081298828,9.451948165893555,-8.440814018249512,-9.943079948425293,0.7085210133375174,0.5467452774381509,-0.44616989506045424,-0.6458315965979031,0.7572038318519065,-0.09769291614335696,0.2844284136561973,0.35736809962260047,0.8896002017070085,0.30077117681503296,-3.2677213312126696e-05,-0.0010864792857319117
3.58,4.099626535456627,4.18,4.101783155421435,4.17781070282188,23.034852981567383,-11.723444938659668,-23.438879013061523,9.49894905090332,-8.38580322265625,-9.957189559936523,0.7085138010723466,0.5452304348615421,-0.44803121162560644,-0.6458414289791162,0.7568580710297805,-0.10027317154300419,0.2844240536667537,0.36040204385903984,0.8883767919514772,0.26799657940864563,-2.8431259124772623e-05,-0.0010647301096469164
3.59,4.1081914291344575,4.18,4.110306673724189,4.1778563241511435,23.14912223815918,-11.823742866516113,-23.558448791503906,9.546079635620117,-8.330398559570312,-9.971041679382324,0.7085067080754364,0.5438776402425678,-0.4496836188436092,-0.6458510561354482,0.7565421962135067,-0.10256860453944935,0.28441986200129266,0.3630991845110919,0.8872791693185103,0.23837999999523163,-2.573474012024235e-05,-0.001043416908942163
3.6,4.115934366183355,4.18,4.118008332631179,4.177900298812055,23.263959884643555,-11.92337417602539,-23.678184509277344,9.593287467956543,-8.274648666381836,-9.98465347290039,0.7084998298894406,0.5426711824585688,-0.451149619057417,-0.6458604467636166,0.7562547276748932,-0.10460913046036927,0.28441567177800753,0.36549524565771274,0.8862961982591785,0.2119685262441635,-2.4549321096856147e-05,-0.0010225320002064109
3.61,4.122843119176105,4.18,4.124875908515969,4.1779426613390385,23.379362106323242,-12.022335052490234,-23.798080444335938,9.640520095825195,-8.218598365783691,-9.99802303314209,0.7084932354011702,0.5415958278347673,-0.4524503228673345,-0.6458695157712392,0.7559938796682966,-0.10642284764796683,0.28441150466921566,0.36762373859157993,0.8854167848170389,0.18847285211086273,-2.1200488845352083e-05,-0.0010020640911534429
3.62,4.069410384814324,4.18,4.071403912752208,4.17798527157327,23.495332717895508,-12.120620727539062,-23.918132781982422,9.68747615814209,-8.162347793579102,-10.01065731048584,0.7084867752484221,0.5406505940924456,-0.4535894888614346,-0.6458784348013454,0.7557605902590945,-0.10801378462858019,0.2844073430076235,0.36949000706204604,0.8846409429393561,0.15841177105903625,-2.025647154368926e-05,-0.000982007011771202
3.63,4.034569652773834,4.18,4.036523538561605,4.1780258577406855,23.611862182617188,-12.218230247497559,-24.038330078125,9.733841896057129,-8.106008529663086,-10.022040367126465,0.7084803258434627,0.5399143452789237,-0.45447566233492864,-0.6458873409734187,0.755574848262681,-0.10925287842026593,0.2844031832856794,0.3709435919851665,0.8840337555218775,0.11174346506595612,-1.9135351976728998e-05,-0.0009623542428016663
3.64,4.011987808779066,4.18,4.013902949588681,4.178065723838408,23.72894287109375,-12.315163612365723,-24.158658981323242,9.779681205749512,-8.049614906311035,-10.032439231872559,0.7084740048091746,0.5394674263856559,-0.45501591222559096,-0.6458960758037534,0.7554576878599526,-0.11000882289437725,0.284399092422887,0.3718313834550969,0.8836620273084653,0.05293276160955429,-1.8445574823999777e-05,-0.0009430925128981471
3.65,3.9672429333193553,4.18,3.9691198955577396,4.178104592186791,23.84657096862793,-12.411420822143555,-24.27910804748535,9.824898719787598,-7.993256568908691,-10.041863441467285,0.7084678051239623,0.539371425683863,-0.45513935696508623,-0.6459046014226871,0.7554252745471055,-0.11018121635029218,0.28439517394610403,0.3720364494658921,0.8835769719186767,-0.01851138472557068,-1.4160077626002021e-05,-0.0009242181549780071
3.66,3.939680160082329,4.18,3.941521516353472,4.178144483651231,23.964736938476562,-12.507001876831055,-24.399662017822266,9.869349479675293,-7.937047958374023,-10.050262451171875,0.7084617289415064,0.5397076582719413,-0.454750065671055,-0.6459130000673421,0.7554974449320981,-0.10963579271878784,0.284391235746141,0.3714017424618371,0.8838452187612342,-0.10436591506004333,-1.1324294973746873e-05,-0.000905722554307431
3.67,3.9401993291706323,4.18,3.9420051121317603,4.178182892743898,24.083431243896484,-12.601911544799805,-24.520309448242188,9.91312026977539,-7.881062030792236,-10.058086395263672,0.7084559074681769,0.5405361667702543,-0.45377404023011464,-0.6459211075489285,0.7556874137762358,-0.10827028901295876,0.2843873239021166,0.36980695649690526,0.8845149319996178,-0.19712115824222565,-7.995912710612174e-06,-0.0008875997737050056
3.68,3.9340595743228413,4.18,3.935830775913896,4.178220802496234,24.20265007019043,-12.696149826049805,-24.641054153442383,9.956223487854004,-7.825401306152344,-10.06567096710205,0.708450216991245,0.541870142967039,-0.45218916197310477,-0.6459290284356107,0.7559944778466612,-0.10605677578345543,0.2843835091373724,0.36721805187958134,0.8855941068596149,-0.2914554476737976,-6.136330739536788e-06,-0.0008698388119228184
3.69,3.7698309391060114,4.024470018516487,3.9288402758372145,4.18,24.322376251220703,-12.78972339630127,-24.761882781982422,9.997843742370605,-7.7703680992126465,-10.071747779846191,0.7084143804635703,0.5437159900765287,-0.4500244301007625,-0.6459439251037509,0.7564135754491015,-0.10293176622338845,0.2844389410294866,0.36360889017102793,0.8870642951977143,-0.38850656151771545,-0.021782435476779938,-0.0008532622596248984
3.7,3.802289832823905,4.075834105894003,3.909868775968401,4.18,24.442590713500977,-12.882641792297363,-24.882770538330078,10.037768363952637,-7.716136932373047,-10.076189041137695,0.7081654131440999,0.5460858224800136,-0.44753996705632143,-0.6460061535152173,0.756937640803207,-0.09859745207533849,0.28491717611776196,0.35893687804626895,0.8888118587932308,-0.4904855191707611,-0.06665609031915665,-0.0008471952751278877
3.71,3.910140208070505,4.18,3.8785065534611824,4.144977564290166,24.56328010559082,-12.974912643432617,-25.003711700439453,10.07708740234375,-7.662619590759277,-10.0813627243042,0.7077260761020624,0.5490017055040642,-0.4446582154405858,-0.646107002693849,0.7575558294981243,-0.09303174868494812,0.28577883454718667,0.35313778125122425,0.8908558610559927,-0.5961534976959229,-0.08563917130231857,-0.0008568726480007172
3.72,3.815742404143008,4.06013333094716,3.93903656378785,4.18,24.684438705444336,-13.066548347473145,-25.12472152709961,10.115471839904785,-7.610060214996338,-10.086874961853027,0.7072551325881122,0.5524521435828651,-0.44111994568197566,-0.6462092021981956,0.7582467536103662,-0.08646113365965169,0.28671212813925995,0.34620584872303634,0.8932735672165715,-0.6975709199905396,-0.09855677932500839,-0.0008750958950258791
3.73,3.879839556132771,4.099392217816192,3.9639477218966825,4.18,24.806047439575195,-13.157560348510742,-25.24579429626465,10.152568817138672,-7.558684349060059,-10.092347145080566,0.7066361115652278,0.5563838776594454,-0.4371525895069298,-0.6463325527353438,0.7589782792523669,-0.07877945733330632,0.28795770020367417,0.33821435851210613,0.8959304719617787,-0.7896760702133179,-0.1328493356704712,-0.0009105469798669219
3.74,3.8865622642725164,4.086209398158605,3.983995054033378,4.18,24.9280948638916,-13.247962951660156,-25.3669376373291,10.18864631652832,-7.508600234985352,-10.098573684692383,0.7058557953666631,0.5607354488314797,-0.43283178322652616,-0.6464734404078722,0.7597141373869342,-0.07004655809985055,0.2895508366323688,0.3292570210005939,0.8987492014612919,-0.8728089928627014,-0.164381206035614,-0.000968740729149431
3.75,3.9179020320712,4.098528084476106,4.003248910511692,4.18,25.050567626953125,-13.337773323059082,-25.4881591796875,10.223447799682617,-7.460023880004883,-10.105238914489746,0.7049156681576495,0.5654519221867265,-0.4282032513669075,-0.6466239096406676,0.7604192569405016,-0.060333018779713476,0.2914985767836138,0.31941615076478497,0.9016661812243685,-0.9481077194213867,-0.1962222158908844,-0.001051965169608593
3.76,3.944742751358638,4.107451401921022,4.021499210116049,4.18,25.173450469970703,-13.427009582519531,-25.609464645385742,10.256978034973145,-7.413116455078125,-10.112527847290039,0.7038310764436386,0.5704826092392172,-0.4232864377555743,-0.6467731403881474,0.7610597797280942,-0.04972440600629208,0.2937793741988074,0.3087678808358139,0.9046303527184558,-1.0160199403762817,-0.2247311919927597,-0.0011609781067818403
3.77,3.9777642350396674,4.122542097664488,4.039866049802305,4.179999999999999,25.296728134155273,-13.515694618225098,-25.730859756469727,10.289172172546387,-7.368044376373291,-10.120457649230957,0.7026235307485524,0.5757793909805662,-0.4180888266391321,-0.6469096837351958,0.7616035424521321,-0.03831325115403811,0.2963579510120608,0.29738550241464634,0.9075978337488038,-1.0767912864685059,-0.24926316738128662,-0.0012947700452059507
3.78,4.001241681808818,4.134457487417418,4.051963274572223,4.18,25.420385360717773,-13.603850364685059,-25.85235595703125,10.319954872131348,-7.324965000152588,-10.12900447845459,0.7013198397449352,0.5812967012928224,-0.4126071102710442,-0.6470226386937447,0.7620205590142892,-0.026198714803102346,0.29918587432885674,0.2853398196986068,0.9105322618646986,-1.1314113140106201,-0.26911821961402893,-0.0014508037129417062
3.79,4.022221324177048,4.143533444505625,4.06449109452319,4.18,25.544401168823242,-13.69150161743164,-25.973957061767578,10.349207878112793,-7.284027099609375,-10.138036727905273,0.699944639962183,0.5869973682769646,-0.40683115739103315,-0.6471027212572366,0.7622839361374063,-0.013463612009483567,0.30221775118230443,0.27268533210053714,0.9134041496115126,-1.181166172027588,-0.2851909101009369,-0.0016261253040283918
3.8,4.043067387050368,4.15130225111307,4.078269637153411,4.179999999999999,25.668758392333984,-13.77867603302002,-26.095670700073242,10.376856803894043,-7.245361328125,-10.147505760192871,0.6985173269630267,0.5928465446102495,-0.40075743096805516,-0.6471423895999406,0.762369133075573,-0.00018032326007441646,0.3054181911990621,0.2594730804482168,0.9161841785402138,-1.2259323596954346,-0.29828134179115295,-0.001818020362406969
3.81,4.061251811689116,4.158231257074936,4.090292636063808,4.18,25.793437957763672,-13.865400314331055,-26.217498779296875,10.402843475341797,-7.209086894989014,-10.157374382019043,0.6970541594713844,0.5988088739006032,-0.394389948276491,-0.6471354616276488,0.7622540671170644,0.013580554755371566,0.3087574988038535,0.24575733905905095,0.918842825096329,-1.2657357454299927,-0.30882754921913147,-0.0020238396245986223
3.82,4.074600341148637,4.16213418113149,4.100561518515541,4.18,25.918418884277344,-13.951703071594238,-26.339447021484375,10.427093505859375,-7.17531156539917,-10.167563438415527,0.6955684827334263,0.6048519005012443,-0.38773530183354754,-0.6470772893776979,0.7619190496247971,0.027755060627872988,0.3122106138482966,0.23158916269739166,0.9213528055645084,-1.3011994361877441,-0.31745749711990356,-0.002241052919998765
3.83,4.092899511059674,4.171647218036313,4.110216504703356,4.18,26.043682098388672,-14.037616729736328,-26.461519241333008,10.449566841125488,-7.144131660461426,-10.178043365478516,0.6940708045976025,0.6109466287406192,-0.3808017004107368,-0.6469638906294483,0.7613470783273564,0.04228889386122084,0.31575851916748643,0.21701346306823974,0.9236891871296783,-1.3328447341918945,-0.3240028917789459,-0.002467584330588579
3.84,4.110520825865079,4.18,4.055890912273146,4.115499749085712,26.169200897216797,-14.12317180633545,-26.58371925354004,10.470027923583984,-7.115609169006348,-10.188301086425781,0.692585853247959,0.6170662312345089,-0.3735694074075613,-0.6467944701402558,0.760523465903691,0.05710491402518082,0.3193458145596755,0.20207257132000173,0.9258428196207714,-1.360772728919983,-0.31868863105773926,-0.0026993276551365852
3.85,4.106640497775338,4.17081569811187,4.126622110284014,4.18,26.294954299926758,-14.20840072631836,-26.70604133605957,10.488524436950684,-7.0898213386535645,-10.19848918914795,0.6911805492489306,0.623183899752087,-0.3659388957595618,-0.646578672534382,0.7594370558788008,0.0720512205435521,0.3228087182274095,0.18680788325956688,0.9278455400488042,-1.3855036497116089,-0.3095305263996124,-0.0029226315673440695
3.86,4.105893666670278,4.163083253607221,4.134500939332433,4.18,26.42091941833496,-14.293336868286133,-26.828487396240234,10.505294799804688,-7.066858291625977,-10.209283828735352,0.6898055565867687,0.6292768652047424,-0.35802083880706015,-0.6463088790813906,0.7580788915907392,0.08718501559965991,0.3262715539586234,0.17125133880542065,0.9296342571327587,-1.4076168537139893,-0.31422680616378784,-0.0031439154408872128
3.87,4.110919239592985,4.162310324872759,4.1411845764837745,4.179999999999999,26.547075271606445,-14.378015518188477,-26.95106315612793,10.520098686218262,-7.046736240386963,-10.220122337341309,0.6884299962621577,0.6353251900345209,-0.349894331411764,-0.6459764340198444,0.7564399407541755,0.10253322740860678,0.3298159895115625,0.15543654312747482,0.9311610462874237,-1.4270282983779907,-0.32205718755722046,-0.003370635909959674
3.88,4.1294086786296145,4.176206229234893,4.14668499303456,4.18,26.673397064208984,-14.462470054626465,-27.07377052307129,10.532977104187012,-7.029521942138672,-10.23110294342041,0.6870517470533946,0.64131111306296,-0.34158447437321504,-0.6455768377701515,0.7545123713878683,0.11807467110835833,0.33345231054165725,0.13939561572948697,0.9324046433334764,-1.4441472291946411,-0.3285505771636963,-0.003603806020691991
3.89,4.144843022717909,4.17275562789596,4.166502618904717,4.18,26.79986000061035,-14.546735763549805,-27.196611404418945,10.54398250579834,-7.015284061431885,-10.242335319519043,0.6856840307002561,0.6472171588444022,-0.33308761511054386,-0.6451108308743168,0.7522904127233108,0.13375780655064298,0.3371489669735006,0.12316283620463768,0.9333603215515062,-1.4570538997650146,-0.333051860332489,-0.0038406618405133486
3.9,4.156553697394308,4.115553734409158,4.18,4.123637389652796,26.92644500732422,-14.63084888458252,-27.3195858001709,10.552923202514648,-7.00399112701416,-10.253256797790527,0.6843292201070046,0.6530050785316823,-0.3244655388782766,-0.644576128062462,0.7497805079067401,0.14950185649387562,0.34090340807880387,0.10683425188085659,0.9340081953523289,-1.4550286531448364,-0.3382076323032379,-0.00407920777797699
3.91,4.161636309686573,4.060090911788507,4.18,4.0621377709900255,27.053123474121094,-14.71484375,-27.442686080932617,10.559539794921875,-6.9955267906188965,-10.263018608093262,0.6829870187353898,0.6585890676199726,-0.31589424219254053,-0.6439705449521806,0.7470215732832935,0.16510816540481632,0.3447182465042076,0.09065985363328137,0.9343179980425595,-1.428352952003479,-0.34290000796318054,-0.004315433092415333
3.92,4.171837319614941,4.0225800546425035,4.18,4.013481002657901,27.179866790771484,-14.798752784729004,-27.565895080566406,10.563887596130371,-6.989831447601318,-10.271535873413086,0.6816636672098507,0.6638853890183379,-0.3075562307188526,-0.643296285157248,0.7440727634038928,0.1803485854210644,0.3485750052842322,0.07491270258417154,0.9342823730985366,-1.3796069622039795,-0.3450753688812256,-0.00454283831641078
3.93,4.152215644171427,3.952552601540305,4.18,3.9621656041032343,27.30664825439453,-14.882609367370605,-27.689197540283203,10.566051483154297,-6.986788272857666,-10.278690338134766,0.6803668567430317,0.66883257856948,-0.29960627845508725,-0.6425586235764584,0.7410018877375091,0.19502465904847793,0.3524476635092566,0.05982628363477166,0.9339172662893205,-1.311200737953186,-0.34774523973464966,-0.004754660651087761
3.94,4.155526934928785,3.912505155272223,4.18,3.9179595777390865,27.433441162109375,-14.966444969177246,-27.812578201293945,10.566129684448242,-6.9862380027771,-10.284347534179688,0.6790830252361761,0.6733801597182882,-0.2922420321135473,-0.6417515100389808,0.7378872466697921,0.2089914126579398,0.3563723392728046,0.045624244649593415,0.9332294380812165,-1.2239561080932617,-0.35334843397140503,-0.004948952700942755
3.95,0.31977553236267786,0.011444849660315337,0.32812649350613354,0.0,27.560161590576172,-15.05024242401123,-27.935813903808594,10.543692588806152,-6.972953796386719,-10.222213745117188,0.6778101905743119,0.6774869807441299,-0.285630419381091,-0.640876451368402,0.7348155304211528,0.22208896940938827,0.3603480534636746,0.03251964289599206,0.9322509067793165,-1.1159839630126953,-0.3563276529312134,-0.005121992435306311
3.96,0.27991184551268816,0.0,0.3020283675540577,0.0016285523001443036,27.68638801574707,-15.133723258972168,-28.057579040527344,10.49244213104248,-6.939654350280762,-10.067671775817871,0.6765576135919129,0.6811118401995536,-0.27992223318413595,-0.6399451701498714,0.7318856663909716,0.2341229389301604,0.3643349759392695,0.02073722429403936,0.9310370523431979,-0.9971866607666016,-0.3579542636871338,-0.005266486667096615
3.97,0.26668202727924695,0.01794646881412376,0.26980150513350964,0.0,27.811975479125977,-15.216789245605469,-28.177410125732422,10.4389066696167,-6.904628276824951,-9.90407657623291,0.6753181967236612,0.6842888397936837,-0.27512563840492377,-0.6389588001982556,0.7291389688216334,0.24512856992796828,0.368343568999254,0.010254164009783726,0.9296331896492037,-0.8875184059143066,-0.3591480255126953,-0.005382843781262636
3.98,0.23756516193043103,0.01757606395523656,0.24152047310024502,0.0,27.93692398071289,-15.299436569213867,-28.295278549194336,10.38596248626709,-6.870012283325195,-9.74067497253418,0.6740999777917729,0.6870764897252188,-0.27113671313195964,-0.6379308801248853,0.7265844763955999,0.25518462109621964,0.3723350804372595,0.0009465346286759435,0.9280978892056464,-0.7893285155296326,-0.3569727838039398,-0.005472186021506786
3.99,0.20382089684876528,0.009539854854074381,0.21616978608071805,0.0,28.061241149902344,-15.381671905517578,-28.411191940307617,10.333795547485352,-6.835929870605469,-9.57807445526123,0.6729031744710298,0.6895285448535511,-0.2678650847328844,-0.6368686496754365,0.7242215844943356,0.2643887660493537,0.3762972772255958,-0.007313165160059976,0.9264701165002274,-0.7019070386886597,-0.35567888617515564,-0.005536903627216816
4.0,0.17142202280461788,0.0,0.19527456878965552,0.0017049314761703738,28.1849365234375,-15.4635009765625,-28.525156021118164,10.282402992248535,-6.802353858947754,-9.416269302368164,0.6717179805537851,0.6916908628105531,-0.26525215344109354,-0.6357685680589682,0.7220452729381923,0.2728533519967465,0.3802542339921988,-0.014641520822783805,0.9247661019949867,-0.6241553425788879,-0.3575207591056824,-0.005580902565270662
4.01,0.15754985953244297,0.006431275592473418,0.1734421942010522,0.0,28.308021545410156,-15.544929504394531,-28.637184143066406,10.23181438446045,-6.769300937652588,-9.255385398864746,0.670532440621717,0.6936024377233933,-0.26325254881586607,-0.6346234487248182,0.7200476716053816,0.2806856407874947,0.3842386295032055,-0.021142587349585934,0.922991693677502,-0.5550176501274109,-0.36060598492622375,-0.00560795608907938
4.02,0.13995303604169326,0.006864359186725177,0.1555205012112856,0.0,28.430503845214844,-15.625965118408203,-28.74728775024414,10.182055473327637,-6.736790657043457,-9.095548629760742,0.6693469433782326,0.6952965369102114,-0.26179647658225674,-0.6334382508769422,0.7182190674007565,0.2879537350824744,0.3882404560529173,-0.02690905019978862,0.9211651596218607,-0.4935416877269745,-0.3623480200767517,-0.005619947798550129
4.03,0.1337493943019347,0.016668451090021574,0.13956073440611363,0.0,28.55239486694336,-15.706613540649414,-28.855480194091797,10.133130073547363,-6.7048258781433105,-8.936814308166504,0.6681625992229,0.696801195823515,-0.26081954393529994,-0.6322182371756733,0.7165490917988271,0.2947159643194788,0.3922484436963166,-0.03202331246444798,0.9193017273325564,-0.43887859582901,-0.3625231683254242,-0.0056183855049312115
4.04,0.11726092816916378,0.014389264263483602,0.12534520592540502,0.0,28.673704147338867,-15.786882400512695,-28.961772918701172,10.085030555725098,-6.673399925231934,-8.77918815612793,0.6669846085349209,0.6981402437840447,-0.2602532074474261,-0.6309731617524061,0.715027037063464,0.3010136299512292,0.3962378088038675,-0.03655866897738885,0.9174197853746732,-0.39027318358421326,-0.36111757159233093,-0.005604392848908901
4.05,0.09026224203407765,0.0,0.11451224193572998,0.0018324285060167256,28.7944393157959,-15.866776466369629,-29.06618309020996,10.037684440612793,-6.642434120178223,-8.622453689575195,0.6658105313208643,0.6993340459204764,-0.2600542801007615,-0.6297039009099195,0.7136421570859193,0.3069004216494112,0.4002116109773163,-0.04058033817322143,0.9155238405375844,-0.34705403447151184,-0.36218947172164917,-0.00557955726981163
4.06,0.07907493442296983,0.0,0.1027393131017685,0.0013461495995521489,28.91461181640625,-15.946301460266113,-29.168716430664062,9.991071701049805,-6.611907482147217,-8.466581344604492,0.6646270438381234,0.7004001692355162,-0.26021240465023476,-0.6283979483108317,0.7123838332791304,0.31245046429997414,0.40421146836493194,-0.0441460872263055,0.9135995905345367,-0.3086243271827698,-0.3663288652896881,-0.00554610462859273
4.07,0.06918857589418238,3.8460083847696724e-05,0.0913345343247056,0.0,29.03422737121582,-16.025463104248047,-29.269384384155273,9.94521427154541,-6.581851482391357,-8.311686515808105,0.6634290045165651,0.7013539542993142,-0.26070018556739616,-0.6270519044053197,0.7112416355135233,0.31771251957345037,0.40824975829487165,-0.04730715274420777,0.911643662925057,-0.2744533121585846,-0.3705050051212311,-0.005505471955984831
4.08,0.07551945463093845,0.015172537381676121,0.08236880507320166,0.0,29.15329933166504,-16.104267120361328,-29.368200302124023,9.900138854980469,-6.552306652069092,-8.157904624938965,0.6622176100550772,0.7022085525401663,-0.2614784612016565,-0.6256693955738489,0.7102057629065273,0.3227159459596196,0.4123174073152823,-0.05010911168442217,0.9096611635938965,-0.24406899511814117,-0.37231793999671936,-0.0054585011675953865
4.09,0.07270781781998548,0.02016688142445955,0.07437494106590747,0.0,29.271835327148438,-16.182720184326172,-29.465177536010742,9.855862617492676,-6.523303508758545,-8.005332946777344,0.6610033803557245,0.7029754778119771,-0.26248811164189423,-0.624265879390158,0.709266890207502,0.32746387630487084,0.41637320157226476,-0.05259235733831935,0.907671416847562,-0.2170514315366745,-0.37047791481018066,-0.005405524745583534
4.1,0.2416723296046257,0.1960500068962574,0.06724442169070244,0.0,29.389842987060547,-16.26082992553711,-29.560335159301758,9.812759399414062,-6.495320796966553,-7.8552985191345215,0.6598129741470817,0.7036643757614764,-0.26363475763145133,-0.6228766134815542,0.7084166783536807,0.33191946946223005,0.420323165582071,-0.05479284729368686,0.9057185988818589,-0.19302703440189362,-0.34298378229141235,-0.005346555262804031
4.11,0.22167892009019852,0.18218500167131424,0.0608801394701004,0.0,29.507343292236328,-16.338611602783203,-29.65371322631836,9.770929336547852,-6.468501091003418,-7.708161354064941,0.6587741486647345,0.7042835250777331,-0.2645776584580347,-0.621665501028859,0.70764748633011,0.3358080402867308,0.4237317853095188,-0.05674285324830747,0.9040086408456774,-0.1716616153717041,-0.28345987200737,-0.00527814170345664
4.12,0.18636195600032807,0.15228621941059828,0.05518830340355635,0.0,29.624347686767578,-16.416074752807617,-29.745332717895508,9.729767799377441,-6.442081451416016,-7.561793327331543,0.6579214819924624,0.7048397503353341,-0.2652173634588541,-0.6206805551608798,0.7069526505873148,0.3390775696986633,0.42649146764973384,-0.05847115677660056,0.9025996631104968,-0.1526595801115036,-0.22703972458839417,-0.005200537852942944
4.13,0.153211353123188,0.12392093800008297,0.050092566534876815,0.0,29.740863800048828,-16.493221282958984,-29.8351993560791,9.689179420471191,-6.415926456451416,-7.415820121765137,0.6572328088578897,0.7053391035769814,-0.26559703297662995,-0.6198970066750089,0.7063259520296672,0.3418060131196471,0.4286872240645069,-0.06000332036316586,0.901458188419886,-0.13575942814350128,-0.180195152759552,-0.005116372834891081
4.14,0.12539502769708633,0.10033032204955816,0.045530196987092486,0.0,29.85689353942871,-16.570056915283203,-29.923315048217773,9.649187088012695,-6.39005184173584,-7.2702717781066895,0.6566782823350146,0.7057872967843596,-0.2657779622304328,-0.6192795220210868,0.7057613167828845,0.34408405562917815,0.43042596008473877,-0.0613616772156334,0.9005377490446557,-0.1207287460565567,-0.14262425899505615,-0.005028036423027515
4.15,0.10270160347223281,0.08136820234358311,0.041445546820759765,0.0,29.972448348999023,-16.64658546447754,-30.009689331054688,9.609827041625977,-6.364497661590576,-7.125246524810791,0.6562310732162582,0.7061898171845142,-0.2658133191740779,-0.6187961401883924,0.7052527565001729,0.3459911651138729,0.4318010137012017,-0.0625658976904358,0.8997963064009568,-0.1073610931634903,-0.11279316246509552,-0.004937318153679371
4.16,0.018039247915148743,0.0,0.12104457571723246,0.08325605518736623,30.087533950805664,-16.722808837890625,-30.09432601928711,9.571176528930664,-6.33935546875,-6.9809770584106445,0.6558525659742485,0.7065513215880552,-0.26578683501476613,-0.6183977760353667,0.7047950093207755,0.3476322560278898,0.43294526478471423,-0.06363351945869805,0.8991713812737776,-0.09547289460897446,-0.10987552255392075,-0.004845702555030584
4.17,0.07976071387529374,0.06462916638702154,0.03451435770839453,0.0,30.20216178894043,-16.79873275756836,-30.177236557006836,9.533249855041504,-6.3146514892578125,-6.837525367736816,0.6554340951142892,0.7068764029741841,-0.26595469140436595,-0.6179432796638706,0.7043828467823354,0.34927196892546686,0.4342260357002698,-0.06457984265304292,0.8984860565656744,-0.08490224927663803,-0.11848347634077072,-0.004755670204758644
4.18,0.01256324440240858,0.0,0.31846921027790415,0.286883285056461,30.31633758544922,-16.87436294555664,-30.258434295654297,9.496562004089355,-6.291073799133301,-6.696662425994873,0.6550003027991425,0.7071691390425862,-0.26624502271178546,-0.6174649362159234,0.7040115380193409,0.35086294600528534,0.43555901537782143,-0.06541836990792144,0.8977799179095582,-0.07550305128097534,-0.15073110163211823,-0.004666887689381838
4.19,0.010297017954289889,0.0,0.48819251524426716,0.4592279465324499,30.430086135864258,-16.949724197387695,-30.33797264099121,9.461764335632324,-6.26951265335083,-6.560678005218506,0.6543091980044156,0.7074332748601837,-0.2672407809961168,-0.6166436154184372,0.7036766896657922,0.3529727581339257,0.43775578233816304,-0.06616100091132324,0.8966563427467151,-0.06714867800474167,-0.2715264558792114,-0.004582305438816547
4.2,0.008294045403599737,0.0,0.4392954283416271,0.4126721611827612,30.543424606323242,-17.02483558654785,-30.41590118408203,9.428160667419434,-6.249105453491211,-6.427383899688721,0.6531456896441333,0.7076728636475681,-0.269443549108417,-0.6151956379553462,0.7033736435098381,0.35608965817109856,0.44151447896983426,-0.06681792927460067,0.8947627222830924,-0.059727512300014496,-0.42594602704048157,-0.004504211246967316
4.21,0.006520730704069111,0.0,0.519247048768672,0.49470947307673363,30.6563663482666,-17.09970474243164,-30.492233276367188,9.395230293273926,-6.229221820831299,-6.295205116271973,0.6514683890823538,0.7078911270015236,-0.2729085750557424,-0.6130678209426819,0.7030985911044968,0.36027797339202344,0.4469192152403326,-0.06739824552156037,0.8920317772084023,-0.053137149661779404,-0.58692866563797,-0.004431866109371185
4.22,0.0049519266933202855,0.0,0.4507513260930777,0.4280719349622727,30.7689151763916,-17.174339294433594,-30.56698989868164,9.362885475158691,-6.209802627563477,-6.164031505584717,0.6492101328515588,0.7080909649198945,-0.27772898444648175,-0.6101768130886647,0.7028480690304495,0.3656348569667959,0.45410401910996356,-0.06791006743466871,0.8883567766214184,-0.0472860261797905,-0.75380539894104,-0.004364499822258949
4.23,0.003565367162227606,0.0,0.3532825764271346,0.3322592099758712,30.88107681274414,-17.24873924255371,-30.640169143676758,9.330492973327637,-6.190064907073975,-6.031983852386475,0.6463818961134465,0.7082749245028261,-0.2837905489922132,-0.6065460184168547,0.70261899286193,0.3720597780093243,0.4629172408967354,-0.06836067722165481,0.883761532253102,-0.04209144413471222,-0.8962194323539734,-0.004300812259316444
4.24,0.002342150956392286,0.0,0.28487042293440207,0.265325022940744,30.992847442626953,-17.32289695739746,-30.711753845214844,9.297894477844238,-6.1698455810546875,-5.898759365081787,0.6430505069324681,0.7084448861034146,-0.29084684782169423,-0.6022733037841529,0.7024089651521559,0.3793263940497668,0.4730252774248088,-0.06875673805378918,0.8783618832174955,-0.03747907653450966,-1.009690761566162,-0.004239242058247328
4.25,0.0012660757824778657,0.0,0.21086281547952782,0.19263977146406064,31.104225158691406,-17.39681053161621,-30.781734466552734,9.265095710754395,-6.149190902709961,-5.764571189880371,0.6392769612899862,0.7086023565824112,-0.29867652570916003,-0.5974484074334444,0.7022159945822143,0.3872313228654839,0.4841284614842246,-0.06910424877505619,0.8722638566294907,-0.03338269889354706,-1.0981067419052124,-0.004178663715720177
4.26,0.0003221742808818817,0.0,0.16260794894153419,0.1455711197977716,31.215206146240234,-17.470476150512695,-30.85009765625,9.232099533081055,-6.128133296966553,-5.6295857429504395,0.6351228495300834,0.7087486103980266,-0.3070738889317247,-0.5921605493346279,0.7020383715455583,0.39558565278504776,0.4959484346345886,-0.06940844427392706,0.865573577488924,-0.02974378690123558,-1.1644294261932373,-0.00411831121891737
4.27,0.0,0.0005032378435134918,0.12958554570485248,0.11361553867269648,31.325790405273438,-17.543886184692383,-30.916841506958008,9.199004173278809,-6.106821537017822,-5.494213581085205,0.6306351434140682,0.7088845706815471,-0.31588286015666645,-0.5864775909339602,0.7018747410081649,0.4042473045884409,0.5082748776237281,-0.06967433806187118,0.8583717932179646,-0.02651027962565422,-1.215529203414917,-0.004057754296809435
4.28,0.0,0.0012228358909487785,0.1027509068861604,0.08774272558987144,31.435977935791016,-17.617040634155273,-30.981958389282227,9.16586685180664,-6.0853471755981445,-5.358710765838623,0.6258457408602485,0.7090111579738668,-0.32499274840470393,-0.5804467625885604,0.7017238043175604,0.41311651898048013,0.5209593692866518,-0.06990622520667644,0.850714085477493,-0.023636681959033012,-1.2555478811264038,-0.003996814601123333
4.29,0.0,0.001848091892898085,0.07901968863904474,0.06488052212744949,31.54576873779297,-17.6899356842041,-31.04545021057129,9.132708549499512,-6.063745975494385,-5.223193168640137,0.6207803706254289,0.7091291578891249,-0.3343165698520128,-0.5741059427814935,0.7015844243014815,0.4221156974580919,0.5338858472643078,-0.07010800959248087,0.8426451026866844,-0.0210823155939579,-1.2863919734954834,-0.003935444634407759
4.3,0.24656829789307982,0.2489577851074663,0.013352291323244558,0.0,31.65516471862793,-17.762571334838867,-31.10732078552246,9.100162506103516,-6.0428266525268555,-5.089298725128174,0.6155059177617386,0.709239188838766,-0.34370370701464525,-0.5675432934589807,0.7014556704648627,0.43110851583148224,0.5468519683150215,-0.07028310883860511,0.8342740613023801,-0.01881110481917858,-1.2688816785812378,-0.0038735824637115
4.31,0.6393317265436054,0.6421880042180419,0.012638052180409476,0.0,31.76418113708496,-17.834972381591797,-31.167612075805664,9.06982135772705,-6.024583339691162,-4.960817813873291,0.6103874292463278,0.709341725606421,-0.35250745032093156,-0.5612158695188951,0.701336768483633,0.43950368027251535,0.5589847350493657,-0.07043474630209029,0.8261809804728928,-0.016788136214017868,-1.136450171470642,-0.003810505848377943
4.32,0.5725900011509657,0.5758460974320769,0.01198592711240054,0.0,31.872848510742188,-17.90717124938965,-31.226396560668945,9.041342735290527,-6.008548259735107,-4.836616516113281,0.6059372654646891,0.7094371022113295,-0.35991530715873526,-0.5557528627537269,0.7012271223772156,0.4465638570054755,0.5691913438047106,-0.0705657200669082,0.8191713455005775,-0.014980044215917587,-0.9311343431472778,-0.003745373571291566
4.33,0.4694619830697775,0.47305791871622205,0.011385558638721704,0.0,31.981172561645508,-17.979175567626953,-31.283689498901367,9.012733459472656,-5.992186546325684,-4.7118120193481445,0.6022741008845444,0.7095256504802434,-0.3658404826072439,-0.5512867576475573,0.7011261365549969,0.4522223473933008,0.5773636793617668,-0.07067879420343318,0.8134222088213424,-0.013362077996134758,-0.7440037131309509,-0.003678487613797188
4.34,0.3754759968444705,0.37935883179306984,0.01083111550658944,0.0,32.08915328979492,-18.050979614257812,-31.339475631713867,8.983688354492188,-5.975080490112305,-4.585677146911621,0.5993121670346504,0.7096076356408374,-0.3705157619919185,-0.5476994909368647,0.7010333202822887,0.4567029138088451,0.5838237697042925,-0.07077631873875992,0.8087895391472733,-0.011914554052054882,-0.5901153683662415,-0.003610619343817234
4.35,1.2684909909500317,0.8486144455841319,0.0,0.41368097725883135,32.1967887878418,-18.122589111328125,-31.39376449584961,8.957608222961426,-5.961389541625977,-4.4655961990356445,0.5970183954029815,0.7096866729963511,-0.3740506138503443,-0.5449508137744681,0.7009451471118762,0.4601135852231004,0.5887254420500224,-0.07085708794242396,0.8052214769684956,-0.010621021501719952,-0.38998275995254517,-0.005180924199521542
4.36,1.681793167940866,1.0706299143858256,0.0,0.6056403223741462,32.30415344238281,-18.194080352783203,-31.44669532775879,8.937589645385742,-5.954905033111572,-4.358129978179932,0.5958800777689794,0.7097837020210619,-0.37567809260497415,-0.5436880825521518,0.7008422957256232,0.46176113458454116,0.5910416244299548,-0.07090255896168043,0.8035189016593733,-0.009467036463320255,-0.0691903755068779,-0.00976403709501028
4.37,1.7903398408361457,1.0321337582729757,0.0,0.7532832236022435,32.41130065917969,-18.265518188476562,-31.498384475708008,8.920883178710938,-5.952212333679199,-4.2572221755981445,0.5962876742415637,0.7099154969847767,-0.3747812651246648,-0.5444311504832384,0.7007092638035073,0.46108703083414115,0.5899455330207053,-0.07089791788765329,0.8043244080022136,-0.00840692687779665,0.2985413074493408,-0.016187140718102455
4.38,1.780827792111852,0.8485435452871024,0.0,0.9279126448482953,32.51825714111328,-18.336936950683594,-31.548879623413086,8.90544319152832,-5.950751781463623,-4.158542633056641,0.5982434568577478,0.7100942457393351,-0.37130974737377515,-0.5472188407678555,0.700534678230235,0.4580422523147243,0.5853685220744078,-0.07083309088798692,0.8076672375425895,-0.007374137174338102,0.6388504505157471,-0.024205327033996582
4.39,1.777909575219588,0.6786574990767986,0.0,1.0954175248121336,32.625030517578125,-18.40833854675293,-31.598194122314453,8.89057731628418,-5.949627876281738,-4.060698986053467,0.6014728963643265,0.7103323497973554,-0.3655930904304342,-0.5517579693483202,0.7003068799007998,0.4529165676194954,0.5777486462119372,-0.07069813855381413,0.8131471422844081,-0.006303201895207167,0.9199973344802856,-0.03390079736709595
4.4,1.6256542834802108,0.5383625002671033,0.0,1.0840141182275997,32.731632232666016,-18.479726791381836,-31.646337509155273,8.875765800476074,-5.9481587409973145,-3.9625961780548096,0.6056462175327822,0.7106413042670001,-0.35802457437713797,-0.5576875769626461,0.7000148819563708,0.4460535074866476,0.5676065765032735,-0.0704847622490499,0.8202771925397709,-0.005133476108312607,1.1451793909072876,-0.04455701261758804
4.41,1.4917508247657256,0.42607560075819495,0.0,1.0630058164312082,32.83805465698242,-18.551088333129883,-31.69329261779785,8.860435485839844,-5.945583343505859,-3.8628790378570557,0.6104767715787313,0.7110244386384361,-0.3489446360408863,-0.5646773467521742,0.6996550341328773,0.43774687580546734,0.5553895978749823,-0.07019316826742675,0.828622539942552,-0.0038331542164087296,1.3239132165908813,-0.055175017565488815
4.42,1.3849297202099453,0.337046771608293,0.0,1.0458897084091197,32.94428634643555,-18.62241554260254,-31.739044189453125,8.84477424621582,-5.942086219787598,-3.7618038654327393,0.6157297647633542,0.7114818495198859,-0.3386302328325499,-0.5724498990999213,0.6992265665381396,0.42823278910865115,0.541459111849597,-0.06982683188464872,0.8378223222999006,-0.0023927176371216774,1.465395450592041,-0.06561487168073654
4.43,1.289527076797052,0.2666801681183278,0.0,1.0216026955074207,33.05032730102539,-18.693695068359375,-31.7835750579834,8.82902717590332,-5.937928676605225,-3.659749746322632,0.621215730076767,0.7120134953842179,-0.32730383299915344,-0.580779922083474,0.698728709542674,0.4176995003175648,0.52610426610122,-0.06939000541560603,0.8475844077957775,-0.0008146337931975722,1.5772982835769653,-0.07585489004850388
4.44,1.2053865326599642,0.21113905342528594,0.0,0.9938238696622155,33.156185150146484,-18.764923095703125,-31.826875686645508,8.81336784362793,-5.933290481567383,-3.5569381713867188,0.6267838927399146,0.7126190216544501,-0.3151445410887736,-0.5894861477990991,0.6981609311556949,0.4062971766586519,0.5095567027866261,-0.0688871844690106,0.8576750681121346,0.0008871033787727356,1.665783166885376,-0.08584406226873398
4.45,1.1411657465652987,0.16733906343579297,0.0,0.9742879768864676,33.26185989379883,-18.836090087890625,-31.868938446044922,8.797974586486816,-5.9283671379089355,-3.4536306858062744,0.6323151752911262,0.7132979565366706,-0.302297112617971,-0.5984231360222647,0.6975227034552403,0.39414696299447877,0.49200332251909684,-0.06832351985299695,0.867908190573788,0.0026965911965817213,1.7357443571090698,-0.09559142589569092
4.46,1.0866904241995379,0.13282893515657634,0.0,0.955263716465184,33.36735153198242,-18.907203674316406,-31.909761428833008,8.783013343811035,-5.923345565795898,-3.350098133087158,0.6377155257487399,0.7140501367102732,-0.28887940474019347,-0.6074750111584455,0.696813165619765,0.3813469850897059,0.47359583933672256,-0.06770387347118445,0.8781361890276149,0.00459687365218997,1.7910571098327637,-0.10514073818922043
4.47,1.0476445141597228,0.10566663223318762,0.0,0.9443682562256741,33.472660064697266,-18.978256225585938,-31.9493408203125,8.768608093261719,-5.91837215423584,-3.2465529441833496,0.6429110927767128,0.7148754789926126,-0.27498795668126297,-0.6165492951911962,0.6960313294312241,0.36797738388308887,0.45445824162830695,-0.06703311111149282,0.8882422353338203,0.0065690623596310616,1.8347880840301514,-0.11453065276145935
4.48,1.0030719251892783,0.08431391419842837,0.0,0.9221739234178581,33.57780075073242,-19.04924774169922,-31.98767852783203,8.754829406738281,-5.913529872894287,-3.143089532852173,0.6478440010400882,0.7157741438468981,-0.26070198563994573,-0.6255724132434191,0.6951759076826244,0.35410395813439377,0.43469219696835526,-0.06631615472778557,0.8981340999633324,0.008599966764450073,1.8693606853485107,-0.12376173585653305
4.49,0.9597598219763148,0.0675556486845017,0.0,0.8966761560093273,33.68278121948242,-19.120182037353516,-32.024776458740234,8.741686820983887,-5.908820152282715,-3.0396230220794678,0.6524694348607368,0.71674582608311,-0.24608749940813945,-0.6344848389667134,0.6942460212140041,0.33978147558380567,0.4143822217396572,-0.06555823991661838,0.9077386691582223,0.010673418641090393,1.8966925144195557,-0.13276535272598267
4.5,0.7753594009746205,0.054428831636905706,0.0,0.7264807470310819,33.787601470947266,-19.191059112548828,-32.06062698364258,8.728877067565918,-5.903822422027588,-2.9349172115325928,0.65675433156794,0.7177887143904074,-0.23119928516436739,-0.6432372200159833,0.6932422173463493,0.32505554429178174,0.39359830633890913,-0.06476565125499176,0.9169982462713104,0.012773511931300163,1.9182980060577393,-0.14095845818519592
4.51,0.6885704442371021,0.015117564618722934,0.0,0.6800951058226552,33.892269134521484,-19.261873245239258,-32.095211029052734,8.716238021850586,-5.898289680480957,-2.8280670642852783,0.6606778218642627,0.7188944882762884,-0.2160914862336487,-0.6517787065818279,0.6921714512110504,0.3099729016783698,0.3724101681522852,-0.06394839211709834,0.9258624464802666,0.01486603356897831,1.9313535690307617,-0.14804115891456604
4.52,0.6488590794736689,0.0016065660307353902,0.0,0.6549828508988024,33.99679183959961,-19.33262062072754,-32.128501892089844,8.704167366027832,-5.892765998840332,-2.720360517501831,0.6642082952569641,0.720058119476061,-0.20085727541823378,-0.6600496226146729,0.691037575103581,0.2946210540358417,0.35094420667403153,-0.06311397920873964,0.9342669797388611,0.01691581681370735,1.9344866275787354,-0.1546754688024521
4.53,0.6296691318417137,0.0,0.001317928690531045,0.6397832852753726,34.101173400878906,-19.40329933166504,-32.160499572753906,8.692870140075684,-5.887551784515381,-2.612586736679077,0.6673275292912747,0.7212780550885188,-0.1855584433479826,-0.6680159344671152,0.6898410524924176,0.2790591937101885,0.3292851043518819,-0.062267885333269504,0.9421751591440378,0.018904434517025948,1.9335832595825195,-0.16107259690761566
4.54,0.6163578350285237,0.0,0.005985567725923846,0.6321737087033011,34.205421447753906,-19.473920822143555,-32.19120788574219,8.682413101196289,-5.882765769958496,-2.505100965499878,0.6700302300916807,0.7225534044661075,-0.17022358372953794,-0.6756630922729687,0.6885817141150692,0.26331465725721165,0.3074717491143198,-0.06141498742807537,0.949573231939375,0.020827433094382286,1.9309245347976685,-0.1673131138086319
4.55,0.610940457960015,0.0,0.014519862067022049,0.6362905852361158,34.309547424316406,-19.54448699951172,-32.22062301635742,8.672805786132812,-5.878457069396973,-2.3981006145477295,0.6723137989381978,0.7238833752703346,-0.15487741851062867,-0.6829803837336348,0.687259307749492,0.24741147779912293,0.2855380030614936,-0.060559911813978004,0.9564520614692289,0.02268366515636444,1.9259099960327148,-0.17345678806304932
4.56,0.5906068527514284,0.0,0.008729972348429982,0.6111323309811679,34.41356658935547,-19.615005493164062,-32.24876403808594,8.663984298706055,-5.874567031860352,-2.291436195373535,0.6741757062038476,0.725267809888146,-0.1395482751759964,-0.6899583488658503,0.6858729358781371,0.23137802976992972,0.26352342209916196,-0.05970694909268946,0.962803451507726,0.024472655728459358,1.919772744178772,-0.1794911026954651
4.57,0.5436003586651249,0.0,0.005196208872713881,0.5615223485166376,34.517486572265625,-19.68547821044922,-32.27562713623047,8.655821800231934,-5.870931148529053,-2.1844961643218994,0.6756210220600036,0.7267051197873171,-0.12424131126761784,-0.6965957263725064,0.6844231830370664,0.21521919180447308,0.2414345222832811,-0.05886064386592717,0.9686303712219292,0.026197515428066254,1.914875864982605,-0.1852375715970993
4.58,0.5240953209763224,0.0,0.01266294211636898,0.5503809711152857,34.621307373046875,-19.75590705871582,-32.30119323730469,8.648287773132324,-5.86753511428833,-2.0772316455841064,0.6766561746453399,0.7281924646494401,-0.1089594224567535,-0.7028904513564892,0.6829119364039566,0.19893793129735032,0.2192747926830768,-0.05802604195335269,0.9739361086585822,0.02785702422261238,1.909559726715088,-0.1906510442495346
4.59,0.49756417611214254,0.0,0.09062794615057379,0.6026777748584747,34.72504806518555,-19.8262996673584,-32.325477600097656,8.641460418701172,-5.8645710945129395,-1.9706088304519653,0.6772805131269903,0.7297278228157317,-0.09374652605325204,-0.7088299872607658,0.6813403014020221,0.18257996288011574,0.1971069651187992,-0.05720750207808396,0.978711472297961,0.02944478578865528,1.8919415473937988,-0.19583533704280853
4.6,0.49434640888205983,0.0,0.12667876575548542,0.636336463247646,34.82870864868164,-19.89666175842285,-32.34849166870117,8.635335922241211,-5.862114906311035,-1.8652641773223877,0.6774821758225686,0.7313089516847189,-0.07877257535789686,-0.7143743747644331,0.6797096613449385,0.16632507013157738,0.17517749319659595,-0.05640916113670058,0.9829195554149944,0.030919326469302177,1.8540613651275635,-0.20085665583610535
4.61,0.483920390718498,0.0,0.11299165768176311,0.6129900981642983,34.93229675292969,-19.96699333190918,-32.37024688720703,8.629765510559082,-5.859979152679443,-1.7604990005493164,0.6772664166158555,0.7329347845011019,-0.06416231442709718,-0.7195105337040119,0.6780201916094705,0.15031038440116123,0.15367105392131042,-0.05563471432640095,0.9865546035311646,0.03224644809961319,1.8093780279159546,-0.20580865442752838
4.62,0.46988952372995285,0.0,0.0903049374520778,0.5769626141938295,35.03582000732422,-20.037302017211914,-32.390743255615234,8.624616622924805,-5.857977867126465,-1.655420184135437,0.6766570122425593,0.7346040923132108,-0.04992109113047039,-0.7242599038653955,0.6762722637539538,0.1345489387917673,0.13260045036070262,-0.0548876382602341,0.9896486587321546,0.03342795744538307,1.769432544708252,-0.21065139770507812
4.63,0.45233320838131685,0.0,0.07097045796378088,0.540686204216697,35.1392822265625,-20.107585906982422,-32.409976959228516,8.619831085205078,-5.856052875518799,-1.5497452020645142,0.6756802587597899,0.7363151630375562,-0.03600234163607167,-0.7286522212613693,0.6744667883164839,0.11899786514437838,0.1119023162100582,-0.05417132210888186,0.9922415731503089,0.03448708355426788,1.736599087715149,-0.2153485119342804
4.64,0.4502272434982386,0.0,0.07031472031528296,0.5384752472617409,35.24269485473633,-20.177846908569336,-32.427940368652344,8.61538028717041,-5.854221820831299,-1.443723201751709,0.674357907296392,0.738065977812796,-0.022361244644968158,-0.7327117370028247,0.6726050478344923,0.10361447816721278,0.0915146071681141,-0.05348889625708958,0.9943661371205599,0.03544717654585838,1.707947015762329,-0.21993805468082428
4.65,0.42930762473642825,0.0,0.16792087834287772,0.6156610348831523,35.34605407714844,-20.248088836669922,-32.44462966918945,8.611239433288574,-5.852578163146973,-1.3384867906570435,0.6727057192926305,0.7398552016425134,-0.009016420215397551,-0.7364504929697252,0.6706876217174667,0.08842389654169949,0.0714680812365461,-0.05284311381328937,0.9960421269639563,0.03631474822759628,1.6662596464157104,-0.2244274765253067
4.66,0.023012303319302485,0.0,0.8236879886686802,0.8655839610663327,35.449363708496094,-20.318309783935547,-32.4600715637207,8.60735034942627,-5.851290702819824,-1.2366679906845093,0.6707464982612632,0.7416776387489279,0.0036626834518255005,-0.7398393530454761,0.6687193765763586,0.07383852027619392,0.05231507197266103,-0.052236726267459316,0.9972634845783505,0.03699532523751259,1.515048861503601,-0.22723425924777985
4.67,0.0,0.46408730305731294,1.2119929492473602,0.7671432153135538,35.55262756347656,-20.388519287109375,-32.47433090209961,8.60354995727539,-5.850476264953613,-1.1416438817977905,0.6685725759457306,0.7435068337253075,0.014432563772880894,-0.7427788681274226,0.666728945697058,0.06125411033583481,0.03592024160045874,-0.05167302171789039,0.9980178530817508,0.037048280239105225,1.2463231086730957,-0.22596564888954163
4.68,0.0,0.46156385064125066,1.075092852115631,0.6327941071987153,35.655845642089844,-20.458721160888672,-32.487483978271484,8.59969711303711,-5.849778652191162,-1.0504850149154663,0.6663205404318713,0.745309043625459,0.023051396675309564,-0.7453205024841909,0.664753813506288,0.050987410265282244,0.022677874135198225,-0.05115463731618854,0.9984332311705962,0.036308951675891876,0.9969395995140076,-0.2218538373708725
4.69,0.0,0.45314800217747686,0.9421774744987488,0.5079101271927356,35.75901794433594,-20.528913497924805,-32.499534606933594,8.595845222473145,-5.848797798156738,-0.9569454193115234,0.6640713741263868,0.7470739064873636,0.029829319663751637,-0.7475703149067,0.6628061074086845,0.04273977365458206,0.012158714413533764,-0.05068177411513248,0.9986408380575835,0.03493145480751991,0.7909307479858398,-0.21747834980487823
4.7,0.0,0.44403887785971163,0.8304220736026764,0.4045475522428751,35.862144470214844,-20.599092483520508,-32.51044464111328,8.592042922973633,-5.847578048706055,-0.8605747222900391,0.6618643826963251,0.7488001235604119,0.035127110241583895,-0.7496137188244004,0.6608880224718244,0.036142693639712634,0.0038485670405127813,-0.05025332535457919,0.998729088303,0.03311934322118759,0.625935435295105,-0.21314971148967743
4.71,0.0,0.43491045221686364,0.7392671406269073,0.3215787468850613,35.96522521972656,-20.66925621032715,-32.520179748535156,8.588309288024902,-5.846190452575684,-0.7617669105529785,0.6597176426911127,0.7504875596288298,0.03925627038378526,-0.7515087043131352,0.6590004993398408,0.030870847274298743,-0.0027017149505715182,-0.0498674714839623,0.9987521894965348,0.031046640127897263,0.4949777126312256,-0.2088998258113861
4.72,0.0,0.4258717780560255,0.665288507938385,0.2555609827488661,36.06826400756836,-20.73940086364746,-32.52872085571289,8.584648132324219,-5.844686031341553,-0.6609621047973633,0.6576371310459841,0.7521368632195373,0.042468139303274866,-0.7532938738978652,0.6571436112046258,0.026657340469200236,-0.007857697980615662,-0.04952184608047895,0.9987421305538416,0.028844911605119705,0.3913186192512512,-0.20473138988018036
4.73,0.0,0.41696245677769184,0.6051220893859863,0.20315898664295673,36.17125701904297,-20.809528350830078,-32.536041259765625,8.581052780151367,-5.843099117279053,-0.5585349202156067,0.6556230477014635,0.7537485456807059,0.04496164150545777,-0.7549944020656915,0.6553175805146758,0.02328779761721861,-0.011911010541239674,-0.049213804492360805,0.99871724190347,0.026608506217598915,0.30933618545532227,-0.2006438821554184
4.74,0.0,0.4082059759274125,0.5559558570384979,0.16158630434423682,36.274208068847656,-20.879634857177734,-32.54212188720703,8.577513694763184,-5.841451168060303,-0.454788476228714,0.6536728047398164,0.7553230334355334,0.046893277826635146,-0.7566267700009519,0.6535227137551476,0.02059110303101633,-0.015092887778965829,-0.048940553407695195,0.9986876523571522,0.024403918534517288,0.24451495707035065,-0.19663633406162262
4.75,0.0,0.3996176869422198,0.5155301466584206,0.12860249735414986,36.37711715698242,-20.94972038269043,-32.54695129394531,8.574020385742188,-5.839756011962891,-0.34996530413627625,0.6517822646053671,0.7568610716215797,0.048385925740171094,-0.7582022168620625,0.6517589269152186,0.018430939525070106,-0.01758629839827628,-0.04869927566357561,0.998658651721643,0.022276148200035095,0.19326810538768768,-0.1927076131105423
4.76,0.0,0.3912070247530937,0.48204927891492844,0.10242585122585296,36.47998809814453,-21.019786834716797,-32.55051803588867,8.570560455322266,-5.8380208015441895,-0.24425868690013885,0.6499468348754671,0.7583635680935652,0.0495359508211844,-0.7597285434310281,0.650025916130024,0.016698762094583527,-0.019535919009118267,-0.04848718333456245,0.9986327357546165,0.020254220813512802,0.15275466442108154,-0.18885649740695953
4.77,0.0,0.3829790922254324,0.45409032702445984,0.08164342962205412,36.58281326293945,-21.089832305908203,-32.55281448364258,8.567122459411621,-5.836249351501465,-0.13782308995723724,0.6481622228805961,0.7598313409073575,0.05041890722151271,-0.7612111220815444,0.6483234434353875,0.015308177926781765,-0.021056126183145438,-0.048301615573487514,0.9986108318474973,0.018355736508965492,0.12072821706533432,-0.18508170545101166
4.78,0.0,0.37493590239435437,0.4305275194346905,0.06513660002499821,36.68559646606445,-21.15985679626465,-32.553829193115234,8.563692092895508,-5.834443092346191,-0.030781805515289307,0.6464245732074965,0.7612651799623923,0.05109400092312725,-0.7626537695225001,0.6466512661514945,0.014190412883012541,-0.022237333172558667,-0.04814006399554864,0.9985930278406099,0.016589783132076263,0.09541110694408417,-0.18138188123703003
4.79,0.0,0.3670771060883999,0.41046931594610214,0.05201889708638191,36.78833770751953,-21.2298583984375,-32.55355453491211,8.560259819030762,-5.832601547241211,0.07676626741886139,0.6447304249765081,0.7626659407797055,0.051607575841325914,-0.7640593628173987,0.6450090294694626,0.013290673193368522,-0.0231510086320693,-0.04800015289005842,0.9985789984382051,0.014959233812987804,0.07539860159158707,-0.1777556836605072
4.8,0.0,0.35940076811239124,0.39321066811680794,0.041588701587170374,36.89104080200195,-21.29983901977539,-32.55198669433594,8.556814193725586,-5.830723762512207,0.18474160134792328,0.6430767740074421,0.764034481406215,0.05199590324744307,-0.7654301190488437,0.6433963361240003,0.012565329883669353,-0.02385362834149555,-0.0478797022186719,0.9985682443030106,0.01346225943416357,0.05958003178238869,-0.17420174181461334
4.81,0.6871051565133481,1.0390088275954574,1.0652986560337692,0.7203953598574251,36.99370193481445,-21.369796752929688,-32.54916000366211,8.552684783935547,-5.828964710235596,0.28036823868751526,0.6414611414840271,0.7653715697624677,0.052287323180145034,-0.7667677225895704,0.641812861028756,0.011979608210887265,-0.024389824944277938,-0.04777668487263183,0.998560225936207,0.012094682082533836,0.047077227383852005,-0.17071866989135742
4.82,1.42227571459195,1.7668576717161235,1.7872516680665909,1.4489589456253347,37.0963020324707,-21.439735412597656,-32.54536437988281,8.546895980834961,-5.82753849029541,0.3450745642185211,0.639881289448162,0.7666780726611674,0.05250398379852197,-0.7680736614277163,0.6402581259406219,0.011505771943883743,-0.02479487921284273,-0.04768925526322107,0.9985544296117562,0.01085164025425911,0.03719419613480568,-0.167305126786232
4.83,2.1947056109470124,2.532137290985584,2.5479129625868793,2.216124135480523,37.198822021484375,-21.509658813476562,-32.54099655151367,8.539244651794434,-5.826470851898193,0.3750057816505432,0.6383353778120171,0.7679547758719675,0.0526631526688765,-0.769349142779255,0.6387317151728853,0.011121714666786929,-0.02509665193635867,-0.04761573529559406,0.9985503992357347,0.009721146896481514,0.02938423678278923,-0.16395974159240723
4.84,2.8785264501153525,3.2089734314932525,3.2211380516915615,2.8957460666998327,37.301239013671875,-21.579570770263672,-32.53647994995117,8.529760360717773,-5.825747966766357,0.3705192804336548,0.6368219044317636,0.7692023868178439,0.05277831135640742,-0.7705951606814267,0.6372332753410814,0.010809770230847553,-0.025317195150094486,-0.04755460978506326,0.9985477448364312,0.008700099773705006,0.023212803527712822,-0.16068118810653687
4.85,3.4326565980409534,3.75628100019519,3.7656253760178835,3.4465250257459727,37.403533935546875,-21.649477005004883,-32.532203674316406,8.518693923950195,-5.8253173828125,0.3361440598964691,0.6353393091569086,0.770421827057206,0.05285991518966793,-0.7718128289922989,0.6357621658168359,0.010555828664332634,-0.025473893360199566,-0.04750449357400637,0.998546145076606,0.007779795676469803,0.018336256965994835,-0.15746814012527466
4.86,3.728110967649831,4.097712903867171,4.052215376383378,3.7919447520996195,37.50568389892578,-21.719377517700195,-32.52848434448242,8.506474494934082,-5.825097560882568,0.27972981333732605,0.6338866908228432,0.7716122913189322,0.052935197016846736,-0.7730027816870467,0.6343179648191697,0.010364314340774946,-0.025580514102592974,-0.047488855463295954,0.9985441632221548,-0.0011398554779589176,0.014486491680145264,-0.15431930124759674
4.87,3.8190148508381667,4.18,4.134896699173433,3.878604643344879,37.607688903808594,-21.789278030395508,-32.5255241394043,8.493667602539062,-5.824984550476074,0.21190090477466583,0.63246297064859,0.7727660850407972,0.0531334976176049,-0.7741658598051319,0.6328985519533756,0.010326879853138047,-0.02564785118760411,-0.047665508977033796,0.9985340189414774,-0.02088371105492115,0.011467749252915382,-0.15123330056667328
4.88,3.8303202546500237,4.18,4.138520730409828,3.883267273493111,37.70953369140625,-21.85917854309082,-32.52340316772461,8.480682373046875,-5.824919700622559,0.14077651500701904,0.6310670746513938,0.7738813444034521,0.053497776357877835,-0.7753029452244037,0.6315028130280891,0.010466148478568041,-0.02568443920542707,-0.04808182527645623,0.99851311842198,-0.04054676368832588,0.00911736860871315,-0.1482088714838028
4.89,3.84148150650045,4.18,4.142457933772413,3.8881409413367507,37.81122589111328,-21.929079055786133,-32.52214050292969,8.467630386352539,-5.824906349182129,0.06913210451602936,0.6296983329345427,0.774959168347361,0.054021263349023754,-0.7764146275737026,0.6301304727739433,0.010766307225584398,-0.02569699572025497,-0.04872242477600479,0.9984817423142497,-0.05839715898036957,0.007299729622900486,-0.14524486660957336
4.9,3.85205061902484,4.18,4.146190217055437,3.8931601315923032,37.912757873535156,-21.998979568481445,-32.52174377441406,8.454493522644043,-5.824969291687012,-0.0027427375316619873,0.6283559990030694,0.7760011051056636,0.05469024951162138,-0.7775015893312528,0.6287810906888098,0.011207969466704496,-0.025690798045807216,-0.049564350767255405,0.9984404629364687,-0.0743321105837822,0.005894048139452934,-0.14234010875225067
4.91,3.8625137676109187,4.18,4.1501410091851465,3.898266806565225,38.01413345336914,-22.068880081176758,-32.52220916748047,8.441242218017578,-5.825132846832275,-0.07481735944747925,0.6270395319836255,0.7770085094301139,0.05549055417770364,-0.7785643715959439,0.6274543100614229,0.011773192717220379,-0.025669916462056172,-0.050585225694233404,0.9983897987911808,-0.08843128383159637,0.0048094820231199265,-0.1394934356212616
4.92,3.871872898917328,4.18,4.153264511171411,3.9034178697690365,38.11534881591797,-22.138782501220703,-32.52354049682617,8.427850723266602,-5.825418472290039,-0.14707998931407928,0.6257481950813325,0.7779828629796471,0.056407989349436104,-0.7796036911599474,0.6261494994828366,0.012445442024223385,-0.025637493680930067,-0.05176358959137854,0.9983302307905815,-0.1008586436510086,0.003978437278419733,-0.13670368492603302
4.93,3.8806835138608324,4.18,4.156080102352108,3.9085818487871435,38.21640396118164,-22.208690643310547,-32.52574157714844,8.414290428161621,-5.8258442878723145,-0.21951287984848022,0.6244814512418986,0.7789253289346549,0.05743038393439548,-0.780620113660544,0.6248661539180691,0.013210898388810472,-0.02559599975409727,-0.0530812738324901,0.9982621014367461,-0.11189786344766617,0.00333965546451509,-0.1339697390794754
4.94,3.8885110572465322,4.18,4.158120363137741,3.9137303495733065,38.31729507446289,-22.27860450744629,-32.528812408447266,8.400540351867676,-5.826425552368164,-0.29209956526756287,0.6232389968382159,0.7798367593450745,0.058547259494075715,-0.78161402694794,0.6236039482538568,0.014058043975814609,-0.025547322723118906,-0.054522880484924756,0.9981856489678197,-0.12178780138492584,0.0028537646867334843,-0.1312904953956604
4.95,3.896951473932395,4.18,4.160959347067083,3.9188458915520457,38.41801834106445,-22.348526000976562,-32.532752990722656,8.386579513549805,-5.827177047729492,-0.36483272910118103,0.6220200925637444,0.7807182199282329,0.05975002526427908,-0.7825861713115564,0.6223620795412417,0.01497753053811695,-0.025492918995479036,-0.05607586843903676,0.9981010009312172,-0.13062000274658203,0.0024828549940139055,-0.12866485118865967
4.96,3.9039885892458823,4.18,4.162559719120209,3.9239117251196873,38.51857376098633,-22.418458938598633,-32.537567138671875,8.372387886047363,-5.828108787536621,-0.43770578503608704,0.620824517149163,0.7815704319284925,0.061029327717238104,-0.7835368763073168,0.6211402746303517,0.015960034420497128,-0.025433882383169452,-0.05772710946548946,0.9980083659266983,-0.13845323026180267,0.0021956171840429306,-0.12609171867370605
4.97,3.9111714934297463,4.18,4.16445273936918,3.928914371244609,38.618953704833984,-22.488401412963867,-32.54325485229492,8.35794734954834,-5.829232215881348,-0.51070237159729,0.6196515989260079,0.7823943227649375,0.06237803823170946,-0.7844668284221525,0.619937779310093,0.01699837902152328,-0.02537106725643961,-0.059466574554662116,0.9979078291390463,-0.14552249014377594,0.0019843392074108124,-0.12357006222009659
4.98,3.931867705956101,4.141171982958912,4.18,3.8950240281224247,38.71916580200195,-22.558359146118164,-32.54982376098633,8.343257904052734,-5.830550670623779,-0.583587646484375,0.6185010643384239,0.7831920691204063,0.06377002649468781,-0.7853763949276783,0.618754691269976,0.01807070341187234,-0.02530517146039325,-0.0612602228064275,0.9978009988966071,-0.14372695982456207,0.0018179122125729918,-0.1210988387465477
4.99,3.923038968424926,4.18,4.166145602024308,3.938711278613191,38.81919479370117,-22.62833595275879,-32.5572624206543,8.328299522399902,-5.8320698738098145,-0.6564812064170837,0.6173724006895697,0.7839733345314794,0.06509323782383554,-0.7862661304054375,0.6175930884060964,0.01908793677376456,-0.025236700340120866,-0.06296497356953776,0.9976966077216712,-0.1383500099182129,0.0016752687515690923,-0.1186770498752594
5.0,3.9264845391918524,4.18,4.164676273318156,3.9434835346252655,38.91904067993164,-22.69832992553711,-32.56557846069336,8.313057899475098,-5.833785533905029,-0.7297203540802002,0.6162652790377399,0.7847321471088579,0.06642712658589386,-0.7871364407169433,0.6164508951080009,0.020112623299971082,-0.025166039577148813,-0.06468192339801196,0.9975885520782278,-0.14314964413642883,0.0015541983302682638,-0.1163037046790123
5.01,3.932479134481083,4.18,4.165863643004242,3.9481696898071093,39.01870346069336,-22.768346786499023,-32.574771881103516,8.297545433044434,-5.835691928863525,-0.8030505180358887,0.6151793210267654,0.7854651407423149,0.06781530549738186,-0.7879877676761092,0.6153265325530314,0.02117867628264933,-0.025093444838641416,-0.0664663148889612,0.9974730813466655,-0.14914968609809875,0.0014587220503017306,-0.1139778271317482
5.02,3.9386909004856445,4.18,4.167375915774292,3.952773706761654,39.11818313598633,-22.838388442993164,-32.5848503112793,8.281746864318848,-5.837794780731201,-0.8764735460281372,0.6141141166194429,0.7861723684182679,0.06925935968757159,-0.7888205694040705,0.6142193502021241,0.022286747683726384,-0.02501921369185989,-0.06831981391142361,0.9973497089653907,-0.1547764390707016,0.0013897708849981427,-0.1116984561085701
5.03,3.9559082023403604,4.139063240399118,4.18,3.9163612136244765,39.217464447021484,-22.9084529876709,-32.59580993652344,8.265667915344238,-5.840093612670898,-0.9497145414352417,0.6130692237285695,0.7868561727049271,0.07073535461848604,-0.7896353223545344,0.6131294095345574,0.023417618449693037,-0.02494362858326012,-0.07021175571055567,0.9972201987290177,-0.1518159657716751,0.0013400278985500336,-0.10946467518806458
5.04,3.9604006356745955,4.139857834950089,4.18,3.9215984985232346,39.31655502319336,-22.978548049926758,-32.607643127441406,8.249310493469238,-5.842587471008301,-1.0226569175720215,0.6120444313750782,0.7875285402035664,0.07211388484610064,-0.7904323203529372,0.6120604082273009,0.024470464280462425,-0.02486686478486483,-0.07197815672458763,0.9970961758979431,-0.1375017613172531,0.0012828054605051875,-0.1072755828499794
5.05,3.949066928606163,4.18,4.164259497036374,3.9660902370302935,39.41544723510742,-23.048673629760742,-32.62035369873047,8.232648849487305,-5.845272064208984,-1.0958489179611206,0.6110392780014892,0.7881926549497472,0.07337124384040161,-0.7912120473327106,0.6110130443012092,0.02542746250315899,-0.024789047884090108,-0.07358939038365186,0.9969804936546968,-0.1307038962841034,0.001214655814692378,-0.10513027757406235
5.06,3.969132116944529,4.145409659058787,4.18,3.9357564318180085,39.514137268066406,-23.118833541870117,-32.633941650390625,8.215704917907715,-5.8481268882751465,-1.169227957725525,0.6100535523952328,0.7888388165475788,0.07461893002296385,-0.791974788094707,0.609983824053583,0.026375545782244297,-0.024710285961532116,-0.07518680669361182,0.9968632533436653,-0.12798233330249786,0.0011526028392836452,-0.10302788764238358
5.07,3.9733679232955907,4.146148291921708,4.18,3.940668818056583,39.61262130737305,-23.189027786254883,-32.648414611816406,8.198505401611328,-5.851137161254883,-1.242453694343567,0.6090867145163008,0.7894746173604426,0.07578392140369132,-0.7927210730848298,0.6089747823206633,0.02725829753922278,-0.02463076302054418,-0.07667817838918355,0.9967516152341778,-0.11590427905321121,0.0010907546384260058,-0.10096754878759384
5.08,3.977519525105599,4.149319510126952,4.18,3.9479297898709778,39.710899353027344,-23.259260177612305,-32.66376495361328,8.181045532226562,-5.854294300079346,-1.3157410621643066,0.6081384850212965,0.7901042573393003,0.07682997833082511,-0.7934512273499835,0.6079872092490863,0.028048230003203355,-0.024550618175663265,-0.07801804870554277,0.9966496130653804,-0.10341732203960419,0.001022321986965835,-0.09894843399524689
5.09,3.981591971016023,4.152600335276219,4.18,3.955214628279208,39.80896759033203,-23.329532623291016,-32.67999267578125,8.163341522216797,-5.857580184936523,-1.3891425132751465,0.6072084534639888,0.7907280542830005,0.07776270450345221,-0.794165671944241,0.6070208480726585,0.02875022626871952,-0.024469972358448507,-0.0792138509035545,0.9965572669334193,-0.09201991558074951,0.000946424959693104,-0.09696970880031586
5.1,3.9855873699195214,4.155601609469159,4.18,3.9621354043483734,39.906822204589844,-23.399843215942383,-32.697105407714844,8.14540958404541,-5.8609747886657715,-1.4626609086990356,0.6062963529908381,0.7913455799690301,0.07859329114809158,-0.7948647113803917,0.6060753233420018,0.029373338898645133,-0.024388992438716495,-0.08027998193427537,0.9964739342042302,-0.08184021711349487,0.0008749479311518371,-0.09503056854009628
5.11,3.959084955732953,4.18,4.1495835667787215,3.990376336885383,40.00445556640625,-23.470195770263672,-32.7150993347168,8.127272605895996,-5.8644585609436035,-1.5362085103988647,0.6054017668043977,0.7919545086250326,0.07935210783965935,-0.7955487611183774,0.6051493148595888,0.029941199174134264,-0.024307806012238326,-0.08125492596423613,0.9963968925952238,-0.08078634738922119,0.0007983167306520045,-0.0931302160024643
5.12,3.993340409629745,4.158596391313477,4.18,3.9727351176738743,40.10187530517578,-23.540590286254883,-32.73397445678711,8.108939170837402,-5.868018627166748,-1.609805703163147,0.6045244483619141,0.792543654000767,0.08015452473713523,-0.7962181034523917,0.6042382912428884,0.030542087855134226,-0.024226495153031897,-0.08228392248177577,0.996314424784472,-0.08352281898260117,0.0007347531500272453,-0.09126786887645721
5.13,3.967047831546198,4.18,4.149950945874126,3.997831638822099,40.19906997680664,-23.61102867126465,-32.75373458862305,8.090398788452148,-5.871658802032471,-1.6834653615951538,0.603664122388719,0.7931191416679728,0.08094229092702965,-0.7968730364950507,0.6033441837499685,0.031131328950788604,-0.02414520755378841,-0.08329359552176022,0.9962324959050682,-0.08437296748161316,0.0006843807059340179,-0.08944277465343475
5.14,4.000772260340163,4.157720838101813,4.18,3.9791774791479106,40.296043395996094,-23.681509017944336,-32.77437973022461,8.071651458740234,-5.875373840332031,-1.7571287155151367,0.6028204355625066,0.7936747523015218,0.0817796431109098,-0.7975139123137472,0.602464120846973,0.03175756221917182,-0.024064125461992127,-0.08436451061436821,0.9961443405523859,-0.08706661313772202,0.0006525808130390942,-0.08765417337417603
5.15,4.004365362845128,4.157036390177673,4.18,3.9820543338358405,40.392791748046875,-23.75203514099121,-32.7959098815918,8.052680015563965,-5.879170894622803,-1.8309011459350586,0.601993097854428,0.7942195772345123,0.0825807076323624,-0.7981410334282312,0.6016012114255389,0.03235541947555848,-0.02398334617488412,-0.08538879053339928,0.9960590110819233,-0.07957157492637634,0.000619079393800348,-0.08590135723352432
5.16,4.007887745836051,4.159001850822241,4.18,3.9875086760520926,40.48930740356445,-23.822607040405273,-32.81832504272461,8.033492088317871,-5.883039474487305,-1.90471613407135,0.6011818441349017,0.7947584636547818,0.08330290950290732,-0.7987546811094617,0.6007570378245877,0.032892870199315895,-0.02390292217033184,-0.08631318528079976,0.9959812670720275,-0.07111664116382599,0.000580727297347039,-0.08418359607458115
5.17,3.9774802254625232,4.18,4.146137781260359,4.011923171499511,40.58559036254883,-23.89322853088379,-32.84162521362305,8.014108657836914,-5.886961460113525,-1.9784585237503052,0.6003862881169475,0.795289791748353,0.08396697078027167,-0.799355225114756,0.5999304999685875,0.03338591453260689,-0.023822869745090926,-0.08716388213188969,0.9959090965187568,-0.07138831913471222,0.0005398126668296754,-0.08250018954277039
5.18,4.014729714581044,4.16116913069156,4.18,3.996438657939434,40.681644439697266,-23.963895797729492,-32.86581039428711,7.994530200958252,-5.890929698944092,-2.0521960258483887,0.5996060777859816,0.7958018923264251,0.08468706897627618,-0.7999430037996099,0.5991164962777198,0.03392070989773488,-0.023743254919423078,-0.08808389215736405,0.9958300486469773,-0.07529372721910477,0.0005092640640214086,-0.08085044473409653
5.19,4.018044478499796,4.160168998891022,4.18,3.9987227414548396,40.77745819091797,-24.034610748291016,-32.8908805847168,7.974729061126709,-5.894954681396484,-2.126112461090088,0.5988410110789907,0.7963034638599312,0.08538288408438263,-0.8005182389829583,0.5983182017835348,0.034436586214960666,-0.023664160781975457,-0.08897259611359194,0.9957529234881977,-0.06906159967184067,0.000483255076687783,-0.07923369854688644
5.2,3.9868457097299963,4.18,4.145554734362113,4.021774230444571,40.87303924560547,-24.105375289916992,-32.91683578491211,7.9547319412231445,-5.899019718170166,-2.1999104022979736,0.5980907556640183,0.7967974134122009,0.08603098261015948,-0.8010812477670579,0.5975363634009796,0.034916026255942346,-0.023585641081320243,-0.0898007594241739,0.9956804412770318,-0.06986109167337418,0.00045825078268535435,-0.07764928042888641
5.21,3.9907329593409404,4.18,4.146260645590056,4.02493056453357,40.96837615966797,-24.17618751525879,-32.94367599487305,7.9345479011535645,-5.9031147956848145,-2.2735347747802734,0.5973551149769748,0.7972702900433465,0.08675800380969742,-0.8016322419735123,0.5967652512204283,0.035453964014469146,-0.023507769765874778,-0.090726619853367,0.9955983453233624,-0.08199653774499893,0.00044302328024059534,-0.0760965496301651
5.22,4.027585389099549,4.158459388546179,4.18,4.006487800925969,41.06346893310547,-24.24704933166504,-32.97140121459961,7.914135932922363,-5.9072585105896,-2.347261667251587,0.596633751686273,0.7977195462725686,0.08758819465801507,-0.8021715369070135,0.5960032826682027,0.03606816359293334,-0.023430572442918983,-0.09178024048461665,0.9955035890098956,-0.0867241695523262,0.00044439328485168517,-0.07457487285137177
5.23,4.03062805765483,4.157229519273969,4.18,4.008301970213651,41.15831756591797,-24.317960739135742,-33.0000114440918,7.8934712409973145,-5.911462783813477,-2.4211275577545166,0.5959264547992185,0.7981596062711015,0.08839062952369697,-0.8026993506932657,0.5952560420041517,0.03666056265472861,-0.02335407602635594,-0.09279810005981759,0.9954110205127544,-0.07955276966094971,0.00043632619781419635,-0.07308363169431686
5.24,4.033614573512459,4.159098116789245,4.18,4.0131490164995185,41.25291442871094,-24.38892364501953,-33.02950668334961,7.872566223144531,-5.915717601776123,-2.495002508163452,0.5952328172044892,0.7985964997169906,0.08911522856716397,-0.8032160463527628,0.5945255125986968,0.037194055313897745,-0.02327823456028432,-0.09371790388729118,0.9953266188979017,-0.07114993780851364,0.00042419318924658,-0.07162222266197205
5.25,4.036543458081432,4.1612889195751634,4.18,4.018256570845843,41.347259521484375,-24.459938049316406,-33.05988693237305,7.851430416107178,-5.920009613037109,-2.5689096450805664,0.5945526873237681,0.7990305967007265,0.08976194924446856,-0.8037217911107357,0.5938117028941912,0.037668873087093255,-0.02320311379613576,-0.09453976434274448,0.9952506460526322,-0.06334037333726883,0.0004046515969093889,-0.07019004225730896
5.26,4.039417589686927,4.163329177133855,4.18,4.023151418417692,41.441349029541016,-24.531003952026367,-33.09115982055664,7.830074787139893,-5.924325466156006,-2.6428515911102295,0.5938857473741093,0.7994615675448826,0.09033781647004141,-0.8042168766810556,0.5931140869799307,0.03809061678853437,-0.023128647328876047,-0.09527267102712267,0.9951824877016748,-0.05633750185370445,0.0003816925745923072,-0.06878650188446045
5.27,4.042236149943783,4.165161403230741,4.18,4.027779245749116,41.535179138183594,-24.602121353149414,-33.12331771850586,7.808510780334473,-5.928650856018066,-2.7168221473693848,0.5932319260566399,0.7998888019577751,0.09085035173121048,-0.8047014055346212,0.5924323492753341,0.038465042086469184,-0.023054930876810202,-0.0959260967342256,0.9951214268256923,-0.0500979945063591,0.00035207736073061824,-0.06741102784872055
5.28,4.045001905622193,4.16679848274798,4.18,4.0321524657309045,41.62874984741211,-24.67329216003418,-33.15636444091797,7.78674840927124,-5.932973861694336,-2.790814161300659,0.5925907781950877,0.8003120027045145,0.09130645062222853,-0.8051757583543062,0.5917657893220007,0.0387975353170443,-0.02298190063307049,-0.09650880226797154,0.9950667733012158,-0.044551603496074677,0.0003243407409172505,-0.06606306880712509
5.29,4.047711692015291,4.168254412720561,4.18,4.036290445476769,41.72206115722656,-24.74451446533203,-33.19029998779297,7.76479434967041,-5.937283992767334,-2.864819049835205,0.5919621164380254,0.8007307304156867,0.09171232234642512,-0.8056401179727027,0.5911139967668452,0.039092750469311224,-0.022909670777714844,-0.09702855349992155,0.995017892698704,-0.03961613029241562,0.00029859665664844215,-0.0647420734167099
5.3,4.050366554838256,4.169550507795648,4.18,4.040215659290553,41.81510543823242,-24.815786361694336,-33.225120544433594,7.742657661437988,-5.941570281982422,-2.9388298988342285,0.5913458480026759,0.8011445299405209,0.09207350431246913,-0.806094597628626,0.5904766648558166,0.03935489721363111,-0.022838295118942427,-0.09749230947687018,0.9949742016097334,-0.03523009270429611,0.00027378188678994775,-0.0634474977850914
5.31,4.052968113486422,4.170703284953488,4.18,4.0439451803267,41.90788650512695,-24.887109756469727,-33.26082992553711,7.720344066619873,-5.945823669433594,-3.0128390789031982,0.5907415500407698,0.8015532493289611,0.09239485670540795,-0.8065395532379239,0.5898531702175157,0.03958770828320911,-0.022767742931584657,-0.09790621060244652,0.9949351756809439,-0.03132391721010208,0.00024393464263994247,-0.06217881292104721
5.32,4.055520406836585,4.171733814204053,4.18,4.047498155683279,42.00039291381836,-24.958484649658203,-33.297428131103516,7.697858810424805,-5.950035095214844,-3.086839199066162,0.590149016695416,0.8019566219829141,0.09268071294065006,-0.8069751781847944,0.5892431247405442,0.03979449383543892,-0.02269801504654153,-0.09827571624645093,0.9949003385813043,-0.02784988470375538,0.00021324382396414876,-0.060935501009225845
5.33,4.058022376069566,4.172652408065041,4.18,4.050888027958571,42.09263229370117,-25.029909133911133,-33.33491516113281,7.675205707550049,-5.954197406768799,-3.1608240604400635,0.5895680893754722,0.8023543846525804,0.09293497414286349,-0.8074016283855857,0.5886462057170937,0.03997818123894281,-0.022629150900111528,-0.09860570938667013,0.9948692555335558,-0.024763314053416252,0.00018880641437135637,-0.05971705541014671
5.34,4.060471485972521,4.173467135138926,4.18,4.054127427525819,42.18459701538086,-25.10138511657715,-33.373291015625,7.652390003204346,-5.9583024978637695,-3.2347865104675293,0.5889986083067332,0.8027463028562637,0.0931612186659842,-0.8078190570524896,0.5880621080296982,0.040141352275357825,-0.022561260504639975,-0.0989006084423522,0.994841524653135,-0.022024838253855705,0.0001725799374980852,-0.05852297693490982
5.35,4.062867756161431,4.1741872520852485,4.18,4.057227588184178,42.27628707885742,-25.172908782958984,-33.41255187988281,7.6294145584106445,-5.962344169616699,-3.308720350265503,0.5884401642393564,0.8031323700268257,0.09336256918622819,-0.8082277997702269,0.5874902874497981,0.04028629830018868,-0.02249437237483065,-0.0991642998626395,0.9948167895870148,-0.019590949639678,0.00015814564540050924,-0.05735278129577637
5.36,4.065215364585747,4.174827280270984,4.18,4.060200790502131,42.36770248413086,-25.24448013305664,-33.45269775390625,7.606281757354736,-5.966315746307373,-3.3826186656951904,0.5878927408764587,0.8035123292161802,0.093541766192188,-0.8086279036820291,0.586930605683584,0.040415065244392895,-0.022428522277947074,-0.09940020578193051,0.9947947328363462,-0.017423497512936592,0.00014268304221332073,-0.05620599165558815
5.37,4.067516675167717,4.17539854912553,4.18,4.063057907335461,42.458839416503906,-25.31610107421875,-33.49373245239258,7.582993507385254,-5.970211505889893,-3.4564754962921143,0.5873559374564756,0.8038862433702615,0.0937011763782787,-0.8090196963611175,0.5863825497189075,0.04052944960048224,-0.022363667731160095,-0.09961131012692079,0.9947750767185558,-0.015490562655031681,0.00012659553613048047,-0.055082134902477264
5.38,4.06977243242698,4.175909155941627,4.18,4.065808183904737,42.5496940612793,-25.387767791748047,-33.5356559753418,7.55955171585083,-5.974025249481201,-3.5302844047546387,0.5868297428204465,0.8042539041283251,0.09384301058488825,-0.8094032178968446,0.5858460100117706,0.040631064612208716,-0.022299860975390044,-0.09980035194143957,0.9947575613951588,-0.013776476494967937,0.00011293143325019628,-0.0539807565510273
5.39,4.07198202118132,4.176361650394682,4.18,4.068456603009253,42.64026641845703,-25.4594783782959,-33.57846450805664,7.5359578132629395,-5.977753162384033,-3.604039192199707,0.5863138469181104,0.804615353770376,0.09396917254642292,-0.8097787262142608,0.5853205847448646,0.04072134139169446,-0.022237074512980848,-0.09996972317108051,0.9947419599907313,-0.012248937040567398,9.827215399127454e-05,-0.05290140211582184
5.4,4.07414805969136,4.176766140292457,4.18,4.071012472137809,42.73055648803711,-25.531232833862305,-33.62215805053711,7.512213230133057,-5.981389999389648,-3.677734136581421,0.5858079847818487,0.8049706203751398,0.0940813759396204,-0.8101464442156096,0.58480592731909,0.0408015477312258,-0.022175299110354936,-0.10012156463680527,0.994728067566229,-0.010888613760471344,8.636289567220956e-05,-0.051843639463186264
5.41,4.076269539625791,4.177125778974441,4.18,4.073481681495904,42.820560455322266,-25.603031158447266,-33.66673278808594,7.48831844329834,-5.984930515289307,-3.7513632774353027,0.5853120204016797,0.8053196509561287,0.09418120065704563,-0.8105064983302974,0.5843018322252849,0.040872790735825476,-0.022114586536111112,-0.10025781087812624,0.994715696277214,-0.009687445126473904,7.976035703904927e-05,-0.05080702528357506
5.42,4.07834606925433,4.177441384088597,4.18,4.075867213699967,42.9102783203125,-25.67487144470215,-33.712188720703125,7.464274883270264,-5.9883713722229,-3.824920892715454,0.5848257761210693,0.8056624376301711,0.09427008102361671,-0.8108590450203084,0.5838080541427072,0.040936109083048774,-0.022054947135329336,-0.1003802396386677,0.9947046731552746,-0.008618174120783806,7.170499884523451e-05,-0.04979114606976509
5.43,4.080381855361047,4.177723422229173,4.18,4.078176982589065,42.99970626831055,-25.74675178527832,-33.75852966308594,7.440082550048828,-5.991707801818848,-3.8984007835388184,0.584349124019059,0.8059989715450776,0.09434913421137225,-0.811204205216674,0.5833244054025601,0.04099238344538965,-0.021996333715929538,-0.10049027778858437,0.9946948604336059,-0.007662127260118723,6.229724385775626e-05,-0.048795584589242935
5.44,4.082377682199585,4.17797669829044,4.18,4.080416677733883,43.08884048461914,-25.81867218017578,-33.805747985839844,7.415741443634033,-5.994936466217041,-3.971796751022339,0.5838817604081911,0.806329372692879,0.09441945030204289,-0.8115422239380125,0.5828505310118106,0.041042383763556595,-0.02193874719249997,-0.10058926996433853,0.9946861264437465,-0.00681446073576808,5.541794598684646e-05,-0.04781993106007576
5.45,4.084332428906855,4.1782005312357064,4.18,4.082588378088548,43.17768478393555,-25.8906307220459,-33.853851318359375,7.391252517700195,-5.998053550720215,-4.045103549957275,0.5834235542031148,0.8066536440732945,0.09448203482292182,-0.8118732199208918,0.5823862538098673,0.04108681234401111,-0.021882211412202673,-0.10067844792498275,0.9946783494914968,-0.006062881555408239,4.90151833218988e-05,-0.04686379060149193
5.46,4.086247911205355,4.178399143203933,4.18,4.08469606959261,43.266231536865234,-25.96262550354004,-33.90283203125,7.366615295410156,-6.00105619430542,-4.11831521987915,0.5829743386562785,0.806971833959365,0.09453771556650667,-0.8121973386391192,0.5819313602658465,0.04112633033317599,-0.021826671203061233,-0.10075887621148168,0.9946714257928558,-0.005389725789427757,4.062447987962514e-05,-0.0459267683327198
5.47,4.08812615109462,4.178578359054809,4.18,4.086745134629309,43.3544807434082,-26.034656524658203,-33.95269012451172,7.341829776763916,-6.003941059112549,-4.1914262771606445,0.5825339367398922,0.8072840047923606,0.09458725153386693,-0.8125147294590824,0.5814856409640161,0.041161435406229754,-0.021772160167451995,-0.10083146809937389,0.9946652643389975,-0.0047954386100173,3.7694902857765555e-05,-0.04500849172472954
5.48,4.089964169099112,4.178734338509967,4.18,4.088736202511937,43.44243621826172,-26.106719970703125,-34.00342559814453,7.316895484924316,-6.006704807281494,-4.264430522918701,0.5821021801278858,0.8075902228505185,0.09463130479187196,-0.8128255360718322,0.5810488923352901,0.04119262829039987,-0.021718650968717827,-0.10089705977966965,0.9946597828041087,-0.004263762384653091,3.3269239793298766e-05,-0.04410858079791069
5.49,4.091766203784282,4.178874787160094,4.18,4.090674260184169,43.53009033203125,-26.178813934326172,-34.05503845214844,7.291812419891357,-6.009344100952148,-4.33732271194458,0.5816789023382383,0.8078905537455807,0.09467052203955204,-0.8131298989767985,0.5806209172235473,0.04122035750048865,-0.02166614789397619,-0.10095644432697572,0.9946549021566679,-0.0037961748894304037,3.085654680035077e-05,-0.043226663023233414
5.5,4.093531245680133,4.178997566255347,4.18,4.092559668482281,43.61743927001953,-26.250938415527344,-34.107521057128906,7.266580581665039,-6.011856555938721,-4.410096645355225,0.5812638850072993,0.8081851121467333,0.09470544065994024,-0.8134279958658651,0.5802014673952174,0.04124503332619463,-0.021614613756981697,-0.10101030510204821,0.9946505550872264,-0.003373393788933754,2.197785761381965e-05,-0.04236238822340965
5.51,4.0952642346243735,4.179111928686069,4.18,4.094398141168057,43.70448303222656,-26.32309341430664,-34.1608772277832,7.241199970245361,-6.01423978805542,-4.482746601104736,0.5808570531257311,0.8084739298855382,0.09473641606861322,-0.8137199014339768,0.5797904437578524,0.04126697635339742,-0.021563994165525013,-0.1010591214216038,0.994646695130046,-0.0029973923228681087,1.4972454664530233e-05,-0.04151539504528046
5.52,4.0969617236821065,4.1792131917687225,4.18,4.096189887905494,43.791221618652344,-26.395278930664062,-34.21510696411133,7.215670108795166,-6.016490936279297,-4.555267810821533,0.5804582338024572,0.8087570887378643,0.09476397114508522,-0.8140057575199555,0.5793876509748935,0.041286518649053666,-0.021514310012073358,-0.10110351781243618,0.99464325923954,-0.0026694585103541613,1.4465580534306355e-05,-0.04068534076213837
5.53,4.098622085685456,4.17929870799704,4.18,4.09793525926303,43.877655029296875,-26.46748924255371,-34.270206451416016,7.189990520477295,-6.0186076164245605,-4.6276535987854,0.580067169036051,0.8090347430607308,0.09478852212772837,-0.8142857653190403,0.5789928164736302,0.041303884450713854,-0.02146559585211308,-0.10114397160775583,0.9946401988669687,-0.002372125396504998,1.2292235624045134e-05,-0.03987188637256622
5.54,4.100250081137055,4.179377101279096,4.18,4.0996394746517755,43.963783264160156,-26.539724349975586,-34.326171875,7.164161682128906,-6.02058744430542,-4.699899196624756,0.5796840389192306,0.8093067517655979,0.09481031889464733,-0.8145598150698501,0.5786061011347621,0.041319334493684905,-0.021417812578774988,-0.10118083453029139,0.9946374797020743,-0.0021099098958075047,1.0152036338695325e-05,-0.03907470032572746
5.55,4.101845523330375,4.17944634740892,4.18,4.101302022775634,44.04959487915039,-26.611982345581055,-34.38300323486328,7.138182163238525,-6.0224289894104,-4.771998405456543,0.5793082403714179,0.8095735215989092,0.09482971983356234,-0.8148283530294501,0.5782268884559483,0.04133304447855467,-0.021370955455602227,-0.10121451769629082,0.9946350605475467,-0.0018781310645863414,1.0578776709735394e-05,-0.03829346224665642
5.56,4.103407786118332,4.179506396534853,4.18,4.102924761429895,44.13509750366211,-26.684261322021484,-34.440696716308594,7.112052917480469,-6.0241289138793945,-4.84394645690918,0.5789398620582713,0.8098349708882543,0.09484701390328604,-0.8150913315693978,0.5778552534462295,0.041345220582552765,-0.02132503975086133,-0.10124537515864249,0.9946329054925792,-0.0016718158731237054,1.063415766111575e-05,-0.037527844309806824
5.57,4.1049389943015555,4.179560010794157,4.18,4.104509639253374,44.22028350830078,-26.756559371948242,-34.4992561340332,7.085773468017578,-6.025686264038086,-4.915736198425293,0.5785787383161016,0.8100912049957607,0.09486244334331878,-0.8153488845008658,0.5774910164293201,0.04135604534556424,-0.021280040219454517,-0.1012737158987816,0.9946309840118149,-0.001487398287281394,1.071353744919179e-05,-0.03677753731608391
5.58,4.106439568599107,4.179607919676583,4.18,4.1060582018131395,44.30515670776367,-26.828876495361328,-34.55867385864258,7.059343338012695,-6.027098655700684,-4.987363338470459,0.5782247438952519,0.8103423087166349,0.09487617325263478,-0.8156011166023528,0.5771340398184279,0.04136567030589921,-0.021235916374512644,-0.10129976696249121,0.9946292741866588,-0.0013275528326630592,1.086200700228801e-05,-0.0360422357916832
5.59,4.107910097413132,4.179649405260006,4.18,4.107570364680141,44.38970947265625,-26.90121078491211,-34.61894607543945,7.0327630043029785,-6.0283637046813965,-5.0588226318359375,0.5778777515857083,0.8105883625433765,0.09488841199795661,-0.8158481328037059,0.576784184665842,0.0413742494804008,-0.021192650210698667,-0.10132379201652184,0.9946277498383199,-0.0011809497373178601,9.286508429795504e-06,-0.035321637988090515
5.6,4.109352080769604,4.1796883098140825,4.18,4.109049677092116,44.473941802978516,-26.973556518554688,-34.68007278442383,7.0060319900512695,-6.029480457305908,-5.130107879638672,0.5775376866050761,0.8108294185034418,0.0948992868267578,-0.8160900003264052,0.5764413679849707,0.04138188786006977,-0.021150222649059365,-0.10134595879947977,0.9946263945406383,-0.0010498178889974952,6.913225206517382e-06,-0.03461545333266258
5.61,4.110765636722071,4.179723590736257,4.18,4.110496140683535,44.55785369873047,-27.045917510986328,-34.7420539855957,6.979150295257568,-6.030447006225586,-5.201213836669922,0.5772043295491989,0.8110656280106926,0.09490895115467615,-0.8163268881292075,0.5761053623041195,0.041388684947986566,-0.021108615940993253,-0.10136645689802934,0.9946251895809776,-0.0009334065834991634,5.915856490901206e-06,-0.03392339497804642
5.62,4.112150252115661,4.1797543563600446,4.18,4.111910524332197,44.641441345214844,-27.118288040161133,-34.80488967895508,6.952118873596191,-6.031261444091797,-5.272134780883789,0.5768772972568863,0.8112972571691547,0.09491756644265836,-0.8165590799190111,0.5757757780378656,0.041394714961073,-0.021067816958764925,-0.1013854720100317,0.9946241165153271,-0.0008265312062576413,3.2928255677688867e-06,-0.03324517235159874
5.63,4.113508008884018,4.179783455473588,4.18,4.113294757183175,44.72470474243164,-27.1906681060791,-34.86857986450195,6.924936771392822,-6.031923294067383,-5.342865467071533,0.5765567275500686,0.8115242144708572,0.09492517708286916,-0.8167864908839613,0.5754527458593854,0.041400067540502405,-0.021027796513678816,-0.10140308974755921,0.9946231674174032,-0.0007378248847089708,4.677027391153388e-06,-0.03258051723241806
5.64,4.114836627021468,4.1798058270162795,4.18,4.114647131065139,44.807640075683594,-27.2630558013916,-34.9331169128418,6.897604942321777,-6.032430171966553,-5.413400650024414,0.5762424845190691,0.8117465747926363,0.09493206701485571,-0.8170092264077929,0.5751361271617724,0.041404820949946214,-0.020988639780364707,-0.10141959152836424,0.9946223119628826,-0.0006643645465373993,9.202040018863045e-06,-0.031929150223731995
5.65,4.116137098532526,4.179822664197891,4.18,4.1159689647704365,44.8902473449707,-27.335447311401367,-34.99850082397461,6.870122909545898,-6.03278112411499,-5.483735084533691,0.5759344925818155,0.8119644035780359,0.09493823032209617,-0.8172273532361837,0.5748258365154265,0.041409066602885375,-0.020950259595258196,-0.10143502844927324,0.9946215469345043,-0.0005887337611056864,6.694316653010901e-06,-0.03129081055521965
5.66,4.117415031731234,4.179843582063786,4.18,4.117265308111673,44.9725227355957,-27.4078426361084,-35.06472396850586,6.842491626739502,-6.0329742431640625,-5.553863048553467,0.5756325844466139,0.8121778294885108,0.09494367283101807,-0.8174410013229066,0.5745217016004995,0.04141284518444037,-0.020912605756235124,-0.10144943409106875,0.994620870102315,-0.0005225108470767736,2.0544548533507623e-06,-0.030665237456560135
5.67,4.118668497859453,4.1798631199523335,4.18,4.11853367226664,45.054466247558594,-27.48023796081543,-35.13179016113281,6.814711093902588,-6.033009052276611,-5.623779773712158,0.5753367631064062,0.8123868486023087,0.09494849780935183,-0.8176501793386464,0.5742237180369296,0.041416251294921824,-0.020875661563704455,-0.10146294822177343,0.9946202676863283,-0.00046678667422384024,1.0159220664718305e-07,-0.030052172020077705
5.68,4.119895605163741,4.179878584668598,4.18,4.119774291424546,45.136077880859375,-27.55263328552246,-35.1996955871582,6.7867817878723145,-6.032884120941162,-5.693479061126709,0.5750468183606827,0.812591609697921,0.09495279112168267,-0.8178550448305023,0.5739316749833151,0.04141929618117102,-0.020839441896395493,-0.10147565372732625,0.9946197310339557,-0.00041386630618944764,-2.3701654754404444e-06,-0.029451368376612663
5.69,4.121098448329512,4.179893579843128,4.18,4.120989658007165,45.21735382080078,-27.625028610229492,-35.2684326171875,6.75870418548584,-6.03259801864624,-5.762956619262695,0.5747625735774466,0.8127922408566897,0.09495660702547881,-0.8180557318777792,0.5736453927089453,0.04142201064302269,-0.020803931276107725,-0.10148761809679485,0.994619253692838,-0.0003675843763630837,1.8418429590383312e-06,-0.02886258251965046
5.7,4.122273914039219,4.179903507140665,4.18,4.1221792630228435,45.29828643798828,-27.697416305541992,-35.33800506591797,6.7304792404174805,-6.0321502685546875,-5.832207679748535,0.5744840396512836,0.8129887382225609,0.09495999004439193,-0.8182522413579767,0.573364882573645,0.04142440034517808,-0.020769152572744747,-0.10149888154358477,0.9946188311844952,-0.000325946748489514,2.044959728664253e-06,-0.028285570442676544
5.71,4.123427836634782,4.179914231365528,4.18,4.123344112960039,45.378883361816406,-27.769798278808594,-35.40840530395508,6.7021074295043945,-6.031539440155029,-5.901225566864014,0.5742108645096966,0.8131813550163577,0.09496297664241282,-0.8184448304277464,0.5730897878725167,0.04142649613871888,-0.020735057876079814,-0.10150950147643498,0.9946184587493243,-0.00028776880935765803,2.137237061106134e-06,-0.027720099315047264
5.72,4.124558732751375,4.179924111491037,4.18,4.124484981479473,45.459136962890625,-27.842172622680664,-35.47963333129883,6.67358922958374,-6.030765056610107,-5.970006465911865,0.5739430140483123,0.8133701147905336,0.09496564110652514,-0.8186335309489735,0.5728200723233423,0.041428332690287485,-0.020701657690992775,-0.10151956022912748,0.9946181278559775,-0.00025410624220967293,2.2792235085944412e-06,-0.027165934443473816
5.73,4.125666991501298,4.179932792765271,4.18,4.125602063490078,45.5390510559082,-27.914535522460938,-35.55168533325195,6.644925117492676,-6.029825687408447,-6.038544654846191,0.5736804879618469,0.8135550265486851,0.09496797623001987,-0.8188183525095882,0.5725557292324552,0.041429971235510184,-0.020668897535692753,-0.10152908795246737,0.9946178366459145,-0.00022541722864843905,-1.3808572703055688e-06,-0.026622852310538292
5.74,4.126754985807558,4.179942081949186,4.18,4.126695686899474,45.61861801147461,-27.986886978149414,-35.62455749511719,6.616117477416992,-6.028720855712891,-6.106835842132568,0.5734231643574486,0.8137361788842468,0.09497002555099057,-0.8189993881967661,0.5722966359770197,0.04143142023524647,-0.020636780553506602,-0.10153812891841076,0.9946175806128377,-0.0001978079235414043,-1.8736500351224095e-06,-0.026090633124113083
5.75,4.127819670576791,4.179949506764897,4.18,4.127767303691654,45.697837829589844,-28.05922508239746,-35.698246002197266,6.587165355682373,-6.0274505615234375,-6.174874305725098,0.5731708737355978,0.8139136916724126,0.09497184850973533,-0.8191767645884613,0.5720426191311242,0.04143271963055426,-0.020605287174700886,-0.10154675970107732,0.9946173524198438,-0.00018064929463434964,-1.044807504513301e-06,-0.02556905522942543
5.76,4.128862411944901,4.179953553587147,4.18,4.128814920724544,45.776710510253906,-28.131546020507812,-35.77275085449219,6.558070182800293,-6.026013374328613,-6.242655277252197,0.5729236116113066,0.814087569452156,0.09497349378504608,-0.8193504917130942,0.5717936727872897,0.04143389300962445,-0.020574425575646496,-0.10155503445867849,0.9946171464379291,-0.00016037063323892653,-2.3655209133721655e-06,-0.02505790814757347
5.77,4.1298853664653095,4.1799594863958145,4.18,4.129842487340211,45.85523223876953,-28.20384979248047,-35.84806823730469,6.528833389282227,-6.024409294128418,-6.310173988342285,0.5726812532819974,0.8142579072337081,0.0949749579981102,-0.8195206648016126,0.5715496678780041,0.0414349744981936,-0.020544150079366066,-0.10156297384344963,0.9946169615694231,-0.00014542887220159173,-3.1542847409582464e-06,-0.024556981399655342
5.78,4.1308876143430595,4.179963765635598,4.18,4.130848225693917,45.93340301513672,-28.276132583618164,-35.9241943359375,6.49945592880249,-6.022637367248535,-6.3774261474609375,0.5724436761056135,0.8144247939272626,0.0949762745280485,-0.8196873757974521,0.5713104828234123,0.04143595267839405,-0.020514474036107476,-0.10157060230507257,0.9946167951037257,-0.00012862231233157218,-3.051032990697422e-06,-0.024066071957349777
5.79,4.1318693816017955,4.1799680837152895,4.18,4.131834414284095,46.0112190246582,-28.348392486572266,-36.00112533569336,6.4699387550354,-6.020697593688965,-6.4444074630737305,0.5722108313003591,0.8145882679973608,0.09497746145066066,-0.8198506645164003,0.5710760711639009,0.041436805330768794,-0.02048542004862936,-0.1015779237091553,0.9946166462413387,-0.00011521681153681129,-7.884767114774149e-07,-0.02358498051762581
5.8,4.132830433203104,4.179970437867356,4.18,4.132800082593748,46.088680267333984,-28.420629501342773,-36.078861236572266,6.440283298492432,-6.018589496612549,-6.511111736297607,0.5719825921008659,0.8147484242316101,0.09497852149661372,-0.8200106258265871,0.5708463056291064,0.04143752986231024,-0.020456975951089057,-0.10158494259342342,0.9946165148303276,-0.00010054386802949011,3.4751328712445684e-06,-0.023113509640097618
5.81,4.133771243153369,4.179972121027877,4.18,4.133746839314117,46.1657829284668,-28.49283790588379,-36.15739059448242,6.410490989685059,-6.016312122344971,-6.577535629272461,0.5717588341600438,0.8149053514417602,0.09497949121535937,-0.8201673521559206,0.5706210616932998,0.04143812748613495,-0.02042914627422053,-0.1015916932804656,0.9946163973306063,-9.217997285304591e-05,5.7605971051089e-06,-0.022651469334959984
5.82,4.134694181031527,4.179973152908506,4.18,4.134673094537138,46.242530822753906,-28.56501579284668,-36.23671340942383,6.380563259124756,-6.013865947723389,-6.643674373626709,0.5715395156563524,0.8150590825478853,0.09498038744657442,-0.8203208796614144,0.570400289909363,0.041438673516871014,-0.02040187331656742,-0.10159823437203007,0.9946162889967471,-8.3452308899723e-05,6.702556220261613e-06,-0.022198667749762535
5.83,4.1355993132223645,4.179974951121576,4.18,4.135580966900161,46.31891632080078,-28.637163162231445,-36.316829681396484,6.350501537322998,-6.011250972747803,-6.709523677825928,0.5713245490108176,0.8152096856156308,0.09498119906618568,-0.8204712748921137,0.5701839032901859,0.0414391542587185,-0.020375150907312373,-0.10160455160686704,0.9946161914619487,-7.417317101499066e-05,5.371921361074783e-06,-0.021754920482635498
5.84,4.136487473074048,4.179978029014855,4.18,4.136470874010264,46.394935607910156,-28.709280014038086,-36.39773941040039,6.320306777954102,-6.0084662437438965,-6.775078773498535,0.5711138582534874,0.8153572196883679,0.09498192045263196,-0.8206185963605138,0.5699718246156296,0.04143957591035742,-0.020348961106549136,-0.1016106463240173,0.9946161050050917,-6.487069185823202e-05,4.872441422776319e-06,-0.021320048719644547
5.85,4.137357466339999,4.1799806973994045,4.18,4.137343036180827,46.470603942871094,-28.78136444091797,-36.47943115234375,6.289980888366699,-6.00551176071167,-6.840335845947266,0.5709073056931204,0.8155017860025202,0.09498255278166415,-0.8207629456056638,0.5697639135512245,0.04143995578553693,-0.020323273036995868,-0.10161653330778701,0.9946160287928056,-5.684713687514886e-05,4.159483978583012e-06,-0.020893871784210205
5.86,4.13821017668959,4.179983140002422,4.18,4.138197476175991,46.54590606689453,-28.853412628173828,-36.56190490722656,6.259525299072266,-6.002388000488281,-6.905290126800537,0.5707048568059601,0.8156434133597414,0.09498309671177466,-0.8209043509080105,0.5695601381549678,0.041440266471055,-0.02029810529055647,-0.10162219869577643,0.9946159639045864,-4.984392217011191e-05,3.644753405751544e-06,-0.020476218312978745
5.87,4.139045740997339,4.179985218203532,4.18,4.139034603954277,46.62084197998047,-28.9254207611084,-36.64515686035156,6.228941917419434,-5.999095439910889,-6.969938278198242,0.5705064686193696,0.81578213406119,0.09498357231662248,-0.8210428479110746,0.5693604489116132,0.04144057322526552,-0.020273410110994747,-0.10162769780791585,0.9946159057046767,-4.618398452294059e-05,-3.449343353167933e-07,-0.020066918805241585
5.88,4.139866334856684,4.179988164631192,4.18,4.139854154553541,46.695411682128906,-28.99738883972168,-36.729183197021484,6.1982316970825195,-5.995633602142334,-7.034274578094482,0.5703119681760442,0.815918072406281,0.09498398852430567,-0.8211785615367525,0.5691646722346468,0.04144087296929082,-0.020249173504038584,-0.10163304089146243,0.9946158534688444,-4.06950457545463e-05,-1.11582539830124e-06,-0.019665801897644997
5.89,4.140668954117409,4.179989977200803,4.18,4.140657815492814,46.76959991455078,-29.06931495666504,-36.8139762878418,6.167397499084473,-5.992002010345459,-7.098296165466309,0.5701213154589093,0.8160512597572466,0.09498435191132049,-0.8213115235220331,0.5689727692604424,0.041441153097135114,-0.02022540455268236,-0.10163822749691229,0.9946158070943606,-3.7786696339026093e-05,-3.6299927614891203e-06,-0.019272705540060997
5.9,4.1414564039162585,4.179991990455333,4.18,4.14144476437883,46.843421936035156,-29.14119529724121,-36.899539947509766,6.136439800262451,-5.9882025718688965,-7.161999225616455,0.5699344659649234,0.8161817285562514,0.09498468548248944,-0.8214417693972762,0.5687846917157702,0.04144145218580671,-0.020202078970984208,-0.10164330002870854,0.9946157627770253,-3.604002995416522e-05,-4.181279564363649e-06,-0.018887467682361603
5.91,4.142227155275059,4.1799927202319935,4.18,4.142215694227488,46.91687774658203,-29.213029861450195,-36.98586654663086,6.105361461639404,-5.984233379364014,-7.225379943847656,0.5697513318603007,0.8163095418705726,0.09498500773527113,-0.8215693626629754,0.568600358349639,0.04144170385269903,-0.020179251149785707,-0.10164823823223991,0.9946157215162627,-3.198244667146355e-05,-9.53582855345303e-07,-0.018509935587644577
5.92,4.142980605616138,4.179992161355292,4.18,4.142971813388575,46.989952087402344,-29.28481674194336,-37.07294845581055,6.074163913726807,-5.980096340179443,-7.288434028625488,0.569571835162647,0.8164347585279862,0.09498531284784703,-0.8216943617072915,0.5684196892924895,0.0414419203594209,-0.020156897774743304,-0.10165304664385869,0.9946156833572051,-2.927341847680509e-05,-1.3479773315339116e-06,-0.018139952793717384
5.93,4.143720768401231,4.179993062899861,4.18,4.14371248332376,47.06265640258789,-29.356552124023438,-37.16078567504883,6.042849540710449,-5.9757914543151855,-7.351158618927002,0.569395795603485,0.8165575104063606,0.09498557863192093,-0.8218168958050186,0.5682425031329028,0.041442096986713736,-0.020134987421840014,-0.10165770916275542,0.9946156506155043,-2.3960212274687365e-05,1.3287622095958795e-06,-0.017777368426322937
5.94,4.144444598766249,4.179993105963703,4.18,4.144439033492162,47.13498306274414,-29.42823600769043,-37.24937438964844,6.011419296264648,-5.97131872177124,-7.413549423217773,0.5692232592676949,0.8166777663597289,0.09498582548120811,-0.8219369360405753,0.5680688463261582,0.0414422369799068,-0.020113534768746846,-0.10166224356835575,0.9946156212083916,-2.101586142089218e-05,2.1041591935500037e-06,-0.017422035336494446
5.95,4.145154877247414,4.179993483796434,4.18,4.1451504652030415,47.20692825317383,-29.49986457824707,-37.33871078491211,5.979876518249512,-5.96668004989624,-7.4756035804748535,0.56905432013865,0.8167954667615558,0.09498603165366534,-0.8220544213385375,0.5678988098362777,0.04144237136436148,-0.020092513264928183,-0.10166664774797803,0.9946155959195428,-1.87869809451513e-05,1.8971356894326163e-06,-0.01707381010055542
5.96,4.145851431231044,4.17999416681711,4.18,4.145847495183844,47.27849578857422,-29.571435928344727,-37.42878723144531,5.948223114013672,-5.961874485015869,-7.53731632232666,0.5688886676370777,0.8169108257285266,0.09498624448649179,-0.8221695702643622,0.567732081853146,0.04144250192745104,-0.02007190985991783,-0.10167096951553924,0.9946155701537884,-2.0311374100856483e-05,2.175535200876766e-06,-0.01673254556953907
5.97,4.146533821093321,4.179993631275133,4.18,4.146529627903655,47.34968566894531,-29.642946243286133,-37.51960754394531,5.9164605140686035,-5.956902980804443,-7.598685264587402,0.5687262226368427,0.8170239008757283,0.0949864678943107,-0.8222824407076339,0.5675685829360397,0.041442627424822465,-0.0200517178597057,-0.1016752136057964,0.994615543589125,-1.8457834812579677e-05,2.1160567484912463e-06,-0.016398105770349503
5.98,4.1472027304309265,4.179994142934575,4.18,4.14719898942225,47.420494079589844,-29.71439552307129,-37.61116027832031,5.8845906257629395,-5.951766014099121,-7.659707546234131,0.5685670263441818,0.8171346738492483,0.09498663773087872,-0.822393006953282,0.5674083576662564,0.04144270460311077,-0.02003194120582391,-0.10167930194373044,0.9946155241538119,-1.1854011063405778e-05,3.206524979759706e-06,-0.016070354729890823
5.99,4.147857687277728,4.179995314694633,4.18,4.147856208497341,47.49091720581055,-29.785783767700195,-37.70344543457031,5.852616310119629,-5.946464538574219,-7.72037935256958,0.5684109935668682,0.8172432063900666,0.09498675698016396,-0.8225013309479229,0.5672513203125056,0.041442733894068384,-0.020012570580042355,-0.1016832395874665,0.994615511544927,-9.683477401267737e-06,3.3879996408359148e-06,-0.015749158337712288
6.0,4.148499989324755,4.179995788296054,4.18,4.14849916562045,47.56095886230469,-29.85710906982422,-37.796451568603516,5.820539951324463,-5.940999507904053,-7.780697822570801,0.5682581679866169,0.8173494680485881,0.09498684960132048,-0.8226073858767134,0.5670975096678276,0.041442770535138077,-0.019993579408746513,-0.10168707690379407,0.9946155011727839,-5.589608917944133e-06,1.9853689536830643e-06,-0.015434383414685726
6.01,4.149130240486151,4.179997554017204,4.18,4.149129779872309,47.630611419677734,-29.928367614746094,-37.89017868041992,5.788363933563232,-5.935371398925781,-7.840660095214844,0.5681082491195033,0.8174536693250767,0.09498692430719391,-0.822711382220231,0.5669466259919838,0.04144278998309196,-0.019974955510572497,-0.10169081464554162,0.9946154932279493,-4.9676937123877e-06,9.83364088824601e-07,-0.015125902369618416
6.02,4.1497477035787185,4.179998216717591,4.18,4.1497469036603984,47.69987869262695,-29.999557495117188,-37.984622955322266,5.756089210510254,-5.929581165313721,-7.900262832641602,0.5679613693857941,0.8175557224302554,0.09498696545819586,-0.8228132313136454,0.5667987995517835,0.041442818459348336,-0.01995668460969366,-0.10169445190471413,0.9946154881114556,-4.4397534111340065e-06,7.730503170932934e-07,-0.01482358854264021
6.03,4.150352436389561,4.179998459138954,4.18,4.150351668578832,47.768760681152344,-30.070676803588867,-38.07978439331055,5.723719120025635,-5.923629283905029,-7.959503650665283,0.5678173485246748,0.8176557494219828,0.09498702096383357,-0.8229130596316144,0.5666538510840513,0.04144284424781687,-0.019938781360530615,-0.10169802598275703,0.9946154817360664,-5.1200604502810165e-06,-4.612881525645207e-07,-0.014527318999171257
6.04,4.1509455926457335,4.179998899428359,4.18,4.15094403078594,47.837249755859375,-30.1417236328125,-38.17565155029297,5.691256046295166,-5.917517185211182,-8.018379211425781,0.5676762383759397,0.8177537202833772,0.09498705883455677,-0.8230108340103451,0.566511831889903,0.041442869475250166,-0.01992123201359451,-0.10170151076283335,0.9946154770682074,-3.548364020389272e-06,1.3659125670528738e-06,-0.014236973598599434
6.05,4.151525369846517,4.17999839446907,4.18,4.151525130228155,47.90534973144531,-30.212696075439453,-38.27222442626953,5.6587018966674805,-5.911244869232178,-8.076889038085938,0.5675379047427005,0.8178497274573633,0.09498710427306614,-0.8231066490689993,0.5663726085260112,0.04144288322311973,-0.0199040432743929,-0.10170492421391686,0.9946154721559345,-3.4308266094740247e-06,7.963640200614464e-07,-0.013952432200312614
6.06,4.1520947374173645,4.179998709803071,4.18,4.152094243584456,47.973060607910156,-30.283592224121094,-38.36949920654297,5.626059532165527,-5.90481424331665,-8.135027885437012,0.5674023927090694,0.8179437432699771,0.09498714435922671,-0.823200476084926,0.566236225073716,0.04144289550476627,-0.019887204971385603,-0.10170826052865936,0.9946154678159095,-3.430615379329538e-06,7.652069484720414e-07,-0.013673580251634121
6.07,4.152652456893257,4.179998725436526,4.18,4.152651947536732,48.040374755859375,-30.35441017150879,-38.467464447021484,5.5933308601379395,-5.898226261138916,-8.192794799804688,0.5672695303802124,0.8180358875184925,0.09498719194736438,-0.8232924362120271,0.5661025073545516,0.04144292029955374,-0.01987069143936747,-0.10171154260319748,0.9946154622380448,-3.2897280561883235e-06,7.868734428484458e-07,-0.01340030413120985
6.08,4.153198998300859,4.179998751233983,4.18,4.153198536408285,48.1072998046875,-30.42514991760254,-38.566123962402344,5.560518741607666,-5.891481876373291,-8.250186920166016,0.5671392735262746,0.8181261963510233,0.09498721634144451,-0.8233825619439856,0.5659714125750364,0.04144293467379942,-0.019854498499038475,-0.10171473340684165,0.9946154593094393,-2.518536348361522e-07,-2.789731752272928e-07,-0.013132492080330849
6.09,4.153735081321283,4.18,4.179999925995357,4.15373487635275,48.173828125,-30.495805740356445,-38.66546630859375,5.527625560760498,-5.884582042694092,-8.307201385498047,0.5670116676283814,0.8182146400872258,0.09498721766750289,-0.823470823293965,0.5658429885119474,0.041442919002256884,-0.019838648059818997,-0.10171782094991927,0.9946154598357894,6.747574161636294e-07,9.350871437163732e-07,-0.012870035134255886
6.1,3.866321643375494,3.8920618890809338,3.8920621811875775,3.866322286355994,48.23996353149414,-30.56637954711914,-38.765480041503906,5.495162487030029,-5.877309799194336,-8.358540534973145,0.5668865824929668,0.8183013080777389,0.0949872190755498,-0.8235573126574006,0.5657171002083945,0.04144291616580596,-0.01982310162324446,-0.10172085199243584,0.994615459819506,-6.974645430091186e-07,-6.380067247846455e-07,-0.012612828053534031
6.11,2.7758026948458103,2.7156536241575515,2.801028031949516,2.690427649047121,48.30571746826172,-30.636859893798828,-38.86598587036133,5.4653472900390625,-5.868741512298584,-8.381338119506836,0.5667639855515554,0.8183900423973276,0.09495432157946648,-0.8236420547175805,0.5655953781113687,0.041420211970246784,-0.019807836386610274,-0.10168385694867296,0.9946195467884809,0.013114778324961662,-3.3748081023077248e-06,-0.012360762804746628
6.12,1.3403395233513975,1.2731501640526535,1.3650593615568396,1.248426951039109,48.37114334106445,-30.707223892211914,-38.96644592285156,5.440950870513916,-5.85781717300415,-8.347819328308105,0.5666438239304401,0.8185057660307684,0.09467358541786328,-0.8237250869554373,0.5654886151117083,0.041226293785633285,-0.019792875529988242,-0.10134563213788345,0.9946543645532488,0.04543456435203552,-6.1107680267014075e-06,-0.012113736942410469
6.13,0.04478497774339321,0.024230529268834292,0.0690093962442008,0.0,48.436317443847656,-30.77743911743164,-39.06611633300781,5.422789573669434,-5.844401836395264,-8.25123119354248,0.566525985617827,0.8186568110494323,0.09407089529776898,-0.8238064877166664,0.5654002173585422,0.040810109125598765,-0.019778230853129228,-0.10061620114716824,0.9947287075635411,0.07387062907218933,-1.3710952771361917e-05,-0.011871649883687496
6.14,0.0,0.04294966332614422,0.02373644429098931,0.01919950808238355,48.50130081176758,-30.847484588623047,-39.164344787597656,5.408450603485107,-5.829757213592529,-8.118315696716309,0.5664105749084628,0.8188276790176314,0.09327535958903242,-0.8238861871172296,0.5653234462379468,0.040261045827007964,-0.019763889022604092,-0.09965256247708801,0.9948259925647561,0.08275771886110306,-2.3213364329421893e-05,-0.011634401977062225
6.15,0.0,0.04478581085801125,0.02325719727195974,0.021505400221722086,48.56612014770508,-30.917354583740234,-39.26094436645508,5.3948445320129395,-5.815297603607178,-7.981979846954346,0.5662974570856341,0.8189952324433579,0.09248783343442926,-0.8239642792175316,0.5652480520768361,0.03971783222780483,-0.0197498524520607,-0.09869877840375033,0.9949213508965064,0.07659520208835602,-3.122540874755941e-05,-0.011401897296309471
6.16,0.0,0.042718547135591506,0.022788181888245163,0.019899139838598784,48.63077926635742,-30.98705291748047,-39.35591125488281,5.381609916687012,-5.801181316375732,-7.84604024887085,0.5661865208748833,0.8191522053665033,0.09177411412151659,-0.8240408418139983,0.5651707930697432,0.03922582928880439,-0.01973612429207655,-0.09783475407088874,0.9950069579122632,0.06861939281225204,-3.6496803659247234e-05,-0.011174041777849197
6.17,0.039755388088825915,0.02236633195752802,0.062085223242694686,0.0,48.69527816772461,-31.056583404541016,-39.449249267578125,5.3686957359313965,-5.787424087524414,-7.710984230041504,0.5660778533954849,0.8193008957562091,0.09111479631889241,-0.8241158154675288,0.5650928143643443,0.03877155980966873,-0.019722743000149867,-0.09703686601935374,0.9950853531439864,0.06995457410812378,-3.951718463213183e-05,-0.010950740426778793
6.18,0.060758114778749345,0.021921239445873656,0.08263983703999087,0.0,48.75962448120117,-31.125951766967773,-39.540977478027344,5.356067657470703,-5.77403450012207,-7.577101707458496,0.5659711996530907,0.8194589859283637,0.09035248499349294,-0.8241893774295005,0.5650213080463261,0.03824645847645654,-0.019709675177791118,-0.09611395234239743,0.9951751789858454,0.087251216173172,-4.2603449401212856e-05,-0.010731902904808521
6.19,0.15406034915603953,0.02148510753431765,0.17550285324095596,0.0,48.82382583618164,-31.195161819458008,-39.63111114501953,5.343656539916992,-5.761030673980713,-7.4450812339782715,0.5658667320348383,0.8196415064243988,0.08934563516229968,-0.8242614096784854,0.5649627426613466,0.03755300146999499,-0.019696956390488525,-0.09489415340742233,0.9952924844275877,0.12473184615373611,-4.776243804371916e-05,-0.010517439804971218
6.2,0.2803688739463232,0.021058760828964296,0.3013798723372438,0.0,48.887874603271484,-31.264219284057617,-39.71967315673828,5.331344127655029,-5.748446941375732,-7.316126823425293,0.5657643640456451,0.8198803116197574,0.087789287469009,-0.8243319728823265,0.5649300137215725,0.03648120174110518,-0.01968458432271379,-0.09300728043993915,0.9954708247483742,0.20211240649223328,-5.829951260238886e-05,-0.010307262651622295
6.21,0.4116602877046842,0.020643675059545785,0.4322456632516276,0.0,48.951778411865234,-31.333126068115234,-39.80670928955078,5.319076061248779,-5.7362823486328125,-7.190769195556641,0.5656640284959404,0.8202192929439172,0.08523214386793596,-0.8244011139631591,0.5649400724492519,0.0347205679293485,-0.01967257385413535,-0.08990565067677686,0.9957559760374722,0.3287854790687561,-7.855200965423137e-05,-0.01010128203779459
6.22,0.43455505144695056,0.020241840080416296,0.4547183395177126,0.0,49.015533447265625,-31.40188980102539,-39.89226531982422,5.306931495666504,-5.724474906921387,-7.068090438842773,0.5655656945066875,0.820694428969063,0.08121637431153785,-0.8244688548944936,0.5650043171146559,0.03195667302401339,-0.019660938587224983,-0.08503396910026544,0.9961840550786408,0.4900622069835663,-0.00011284971697023138,-0.009899405762553215
6.23,0.3926402510427579,0.019855236383591546,0.4123826377093792,0.0,49.07914352416992,-31.47051429748535,-39.976356506347656,5.2950849533081055,-5.712926387786865,-6.946087837219238,0.5654692646418111,0.8212999343080979,0.0755706864529062,-0.8245352629032204,0.5651137132048625,0.028072965232223905,-0.01964970672978321,-0.07818509482840463,0.9967451931020821,0.6530735492706299,-0.00016056517779361457,-0.009701541624963284
6.24,0.350281159778533,0.019483365838823374,0.3696039604395628,0.0,49.142616271972656,-31.538999557495117,-40.05897903442383,5.283618450164795,-5.701585292816162,-6.823757648468018,0.5653747425076535,0.8219947954742934,0.0683809677291784,-0.8246003356098122,0.5652426728553426,0.023130224718608754,-0.01963891663482848,-0.06946421378323184,0.9973911148375484,0.8014599084854126,-0.00021838259999640286,-0.00950759556144476
6.25,0.31172961509379093,0.01912438242288772,0.33063561491668225,0.0,49.205955505371094,-31.607351303100586,-40.1401252746582,5.272532939910889,-5.690441131591797,-6.701009273529053,0.5652821277356487,0.8227272566996371,0.05979947446380429,-0.8246640721304941,0.5653601754291189,0.017234853521488087,-0.019628657616071535,-0.05905703279242337,0.998061612666245,0.9339950084686279,-0.0002812391030602157,-0.00931747816503048
6.26,0.24581828098605052,0.01877557588159108,0.26431261776458137,0.0,49.26915740966797,-31.675569534301758,-40.21979904174805,5.261831283569336,-5.679487228393555,-6.5776143074035645,0.5651912828468658,0.8234440695810435,0.04998677890926457,-0.8247265656460135,0.5654342277535651,0.010498857197872288,-0.01961901403348202,-0.04715928706563583,0.9986946960567153,1.047120213508606,-0.00034560917993076146,-0.009131100960075855
6.27,0.0,0.19916363925057107,0.01808939733018633,0.18072863274045398,49.332237243652344,-31.7436580657959,-40.2979850769043,5.251515865325928,-5.668725967407227,-6.453220844268799,0.5651022370960204,0.8240838395381022,0.03931013916552435,-0.8247877949591845,0.5654334682638168,0.0031758862570168446,-0.019610071785677006,-0.03421722343047423,0.9992220107189741,1.0796736478805542,-0.0004069589776918292,-0.008948386646807194
6.28,0.0,0.24400246719710394,0.017693293804768473,0.22590221441464364,49.39519500732422,-31.811620712280273,-40.37467575073242,5.241524696350098,-5.658178329467773,-6.328814506530762,0.5650148798661223,0.82457376266811,0.02891877330086351,-0.8248478343814445,0.5653410359504302,-0.003945020498740716,-0.019601929652775275,-0.02162459224701983,0.9995739799354711,1.012751817703247,-0.000453110144007951,-0.008769289590418339
6.29,0.0,0.28085405178368095,0.017312024108832702,0.2630889175308403,49.458030700683594,-31.879453659057617,-40.44988250732422,5.231804847717285,-5.6478495597839355,-6.205724716186523,0.5649292463743839,0.8249128905405289,0.019330535712706248,-0.8249066585219863,0.565171257479558,-0.010509730970212228,-0.01959467572994478,-0.01000863322560892,0.9997579086678903,0.9205257892608643,-0.0004791474202647805,-0.008593770675361156
6.3,0.0,0.256524246558547,0.01694796764058991,0.2390971314976923,49.52075958251953,-31.94716453552246,-40.52361297607422,5.222378730773926,-5.637740612030029,-6.083425045013428,0.564845178987042,0.82512742835974,0.010707508745666994,-0.82496437449276,0.5649464910278899,-0.01640862861556227,-0.019588379025983947,0.0004350215125442404,0.9998080346563625,0.8221107125282288,-0.000486616394482553,-0.008421777747571468
6.31,0.0,0.23059234075248242,0.01660024729790166,0.2135054770600982,49.5833740234375,-32.0147590637207,-40.59587860107422,5.213257312774658,-5.627866268157959,-5.9611101150512695,0.5647625982832607,0.8252478885989468,0.003021579606842831,-0.8250210363005533,0.5646866658697922,-0.021662387920511905,-0.01958308560726201,0.009741239748506134,0.999760776889282,0.7317065596580505,-0.00047948380233719945,-0.008253251202404499
6.32,0.0,0.20675020791590215,0.0162667605036404,0.19000396360992455,49.64588165283203,-32.08223342895508,-40.66667938232422,5.204429626464844,-5.6182403564453125,-5.838687896728516,0.564681582969593,0.8253000291727046,-0.0038172899401532605,-0.82507659072463,0.564406900560845,-0.02633381927335008,-0.019578797030860566,0.018019779322539578,0.9996459164424127,0.6508253812789917,-0.0004618885286618024,-0.00808812491595745
6.33,0.0,0.18539084896445274,0.015945305567584,0.16898365486820693,49.708282470703125,-32.14959716796875,-40.73601150512695,5.1958842277526855,-5.608872890472412,-5.716190814971924,0.5646022711908429,0.8253037396377152,-0.009900136673006477,-0.8251309445785004,0.5641183553500445,-0.03048615187511479,-0.019575486331978507,0.025381459713012873,0.9994861589025149,0.5788149833679199,-0.0004373709380161017,-0.007926330901682377
6.34,0.0,0.16634455747902394,0.015633976334356703,0.15027321020665113,49.77058410644531,-32.21684646606445,-40.80386734008789,5.187612533569336,-5.599770545959473,-5.593664646148682,0.5645245882184213,0.825274254512088,-0.015309935869867172,-0.825184150737514,0.5638289266643401,-0.03417687563464394,-0.019573110852126017,0.03192720307286171,0.9992985274859133,0.5147607326507568,-0.00040880925371311605,-0.0077678002417087555
6.35,0.0,0.1493733909726143,0.015331195856560953,0.13363338586234022,49.832786560058594,-32.28398895263672,-40.87025833129883,5.179605960845947,-5.590936660766602,-5.471152305603027,0.5644483685520154,0.8252231137585598,-0.02012092834824885,-0.825236324464128,0.5635441049589172,-0.03745731638798614,-0.019571612705777043,0.037747242080450404,0.9990956399121232,0.4577934741973877,-0.0003780121332965791,-0.007612465415149927
6.36,0.0,0.13425123412162066,0.015035924763651565,0.11883729722467251,49.8948974609375,-32.35102844238281,-40.935176849365234,5.171858787536621,-5.582372665405273,-5.348690509796143,0.5643736505214902,0.8251588075388596,-0.024399281507743054,-0.8252874418558114,0.5632678297607303,-0.04037313799703689,-0.019570920063649227,0.04292195589304067,0.9988867227019178,0.40713071823120117,-0.0003467154165264219,-0.0074602579697966576
6.37,0.0,0.12077450267970562,0.014747158231330104,0.10568062903184909,49.95691680908203,-32.417964935302734,-40.99862289428711,5.164364814758301,-5.574079990386963,-5.2263102531433105,0.5643003682811922,0.8250876520280072,-0.028203915129308,-0.8253375500717174,0.5630026126768302,-0.042964945719489125,-0.01957096827768807,0.04752288490794286,0.9986784029960296,0.36207491159439087,-0.00031578546622768044,-0.007311112247407436
6.38,0.0,0.1087617015093565,0.014464331761701033,0.09398158428142779,50.01884460449219,-32.484806060791016,-41.060604095458984,5.1571197509765625,-5.566057205200195,-5.104037284851074,0.5642286033873124,0.8250141388857003,-0.03158724043485171,-0.8253865959635832,0.5627501252855158,-0.04526879382957723,-0.01957167144756645,0.05161363317789605,0.9984753289625768,0.3220055103302002,-0.0002859568048734218,-0.007164963986724615
6.39,0.0,0.09805136065930128,0.01418694957101252,0.08357845428341534,50.0806884765625,-32.551551818847656,-41.12112045288086,5.150118827819824,-5.5583038330078125,-4.9818925857543945,0.5641582180159934,0.8249415905176293,-0.034595914198975244,-0.8254346756972232,0.5625110853667596,-0.047316751749565865,-0.019572971201093834,0.0552508015666203,0.9982806457728243,0.28637057542800903,-0.0002577120903879404,-0.00702174985781312
6.4,0.0,0.08849984932690859,0.01391464367043227,0.07432749356608838,50.142452239990234,-32.61820602416992,-41.180171966552734,5.14335823059082,-5.550817012786865,-4.859893321990967,0.5640892959746547,0.8248721766702888,-0.03727141427472554,-0.8254817343261079,0.5622858998465454,-0.04913728856705117,-0.01957479146196217,0.058484690210178644,0.9980963723760548,0.25467953085899353,-0.00023135115043260157,-0.006881408859044313
6.41,0.0,0.07997949574142695,0.013647142142872326,0.06610100244812202,50.204132080078125,-32.68477249145508,-41.23775863647461,5.136833190917969,-5.5435943603515625,-4.738053321838379,0.5640217619194758,0.8248074186339068,-0.03965065255101953,-0.8255278252977475,0.5620744320016642,-0.0507557144485115,-0.019577071804086802,0.06136004446281097,0.9979236860617647,0.22649571299552917,-0.00020701705943793058,-0.006743881851434708
6.42,0.0,0.072376649081707,0.01338425517315045,0.05878537684911862,50.2657356262207,-32.75125503540039,-41.293880462646484,5.13054084777832,-5.536632537841797,-4.616382598876953,0.5639555482123344,0.8247482670100912,-0.04176644232367339,-0.825572996804949,0.5618762863655602,-0.05219449938971219,-0.019579749411597437,0.06391662447202959,0.9977631475100093,0.2014310210943222,-0.0001846754748839885,-0.006609110627323389
6.43,0.0,0.06559028673917056,0.013125883517204784,0.05227972774708178,50.327266693115234,-32.817657470703125,-41.34855270385742,5.124476432800293,-5.529927730560303,-4.494889259338379,0.5638906797012897,0.8246951900059356,-0.04364796589866686,-0.8256172335610148,0.561690978252764,-0.05347362524188697,-0.019582772864798703,0.06618979173956253,0.9976148688128095,0.1791401505470276,-0.00016431517724413425,-0.006477038841694593
6.44,0.0,0.05953051682561636,0.01287192009476712,0.046494281553605105,50.38872146606445,-32.883975982666016,-41.40176010131836,5.1186370849609375,-5.5234761238098145,-4.373579978942871,0.5638271031763702,0.8246484034974796,-0.04532116870514982,-0.8256605736274821,0.5615178309414076,-0.05461082943879964,-0.01958608896333397,0.06821096791509915,0.9974786458742892,0.15931616723537445,-0.0001458243787055835,-0.006347611080855131
6.45,0.0,0.05411742564290762,0.01262230997235747,0.041349291291844566,50.45011520385742,-32.95022201538086,-41.45351791381836,5.113019943237305,-5.517273426055908,-4.252456188201904,0.5637649018757533,0.8246078097883104,-0.04680913852174606,-0.8257029615143928,0.5613562349260854,-0.055621909855474466,-0.01958965950146467,0.07000812485515673,0.9973540533305519,0.14168602228164673,-0.00012920028530061245,-0.0062207733280956745
6.46,0.0,0.0492799124494195,0.012376946513541043,0.03677376565057784,50.511436462402344,-33.01639175415039,-41.503822326660156,5.1076202392578125,-5.511314868927002,-4.131521224975586,0.5637038335086613,0.8245733813870169,-0.04813238821854694,-0.8257445640632926,0.5612052281429682,-0.05652085300950419,-0.019593442973669856,0.07160607944148627,0.9972405258409112,0.12600696086883545,-0.00011424520198488608,-0.006096473429352045
6.47,0.0,0.044954756684601305,0.012135824257711647,0.03270468722490477,50.57269287109375,-33.08249282836914,-41.552677154541016,5.102434158325195,-5.50559663772583,-4.0107741355896,0.5636441150127999,0.824544674056997,-0.049309148194608896,-0.825785234572977,0.5610643012844264,-0.057320120249974064,-0.01959739708968429,0.07302691495920269,0.9971374086447918,0.11206301301717758,-0.00010087559348903596,-0.005974659696221352
6.48,0.0,0.04108570277690887,0.011898881595698184,0.02908594558772165,50.633888244628906,-33.14852523803711,-41.60008239746094,5.097458362579346,-5.500113487243652,-3.8902149200439453,0.5635855902424798,0.8245214316766453,-0.05035564692198127,-0.8258250808376376,0.5609325858993368,-0.05803076714806249,-0.01960148796763356,0.07429026034534142,0.9970440004770482,0.099662184715271,-8.894215716281906e-05,-0.005855282302945852
6.49,0.0,0.037622732631862166,0.011666093527310295,0.02586769694738905,50.69502639770508,-33.21449661254883,-41.64604568481445,5.092688083648682,-5.494860649108887,-3.7698402404785156,0.5635280809748424,0.8245033742875111,-0.051286330940320056,-0.8258642251427396,0.5608092149409153,-0.05866264626435288,-0.019605702797752735,0.07541359443669832,0.9969595810221914,0.0886337012052536,-7.831076072761789e-05,-0.00573829235509038
6.5,0.0,0.0345213470235467,0.011437429329816952,0.023005606933002132,50.7561149597168,-33.2804069519043,-41.6905632019043,5.0881195068359375,-5.489832878112793,-3.6496472358703613,0.5634718913571157,0.8244898784549209,-0.05211399021207837,-0.8259024612765921,0.5606938416784419,-0.05922449122734331,-0.019610000196383866,0.0764124088696338,0.9968834393563962,0.07882566004991531,-6.888042844366282e-05,-0.005623640958219767
6.51,0.0,0.03174195352941751,0.0112128417022177,0.02046023139875615,50.817142486572266,-33.346256256103516,-41.733638763427734,5.083747863769531,-5.485024452209473,-3.5296311378479004,0.5634167186814307,0.8244807293315854,-0.05285005270675018,-0.825939996492721,0.5605855494643163,-0.05972406487668662,-0.01961436473234589,0.07730050900639303,0.9968148815118578,0.07010297477245331,-6.0565464082174e-05,-0.005511281546205282
6.52,0.0,0.029249336533248425,0.010992280360369477,0.018196490708796774,50.87812423706055,-33.412044525146484,-41.775272369384766,5.079568862915039,-5.480431079864502,-3.40978741645813,0.5633626647548957,0.8244754452024087,-0.05350465604555342,-0.8259767621058941,0.5604838676566534,-0.0601682853146276,-0.019618777263792395,0.07809016810667724,0.9967532438992835,0.06234554201364517,-5.32181111339014e-05,-0.00540116848424077
6.53,0.0,0.027012177892029286,0.01077572791291459,0.016183231867980794,50.939056396484375,-33.477787017822266,-41.81547164916992,5.075578212738037,-5.476045608520508,-3.2901105880737305,0.5633098100475977,0.824473574710979,-0.05408680529888081,-0.8260127041752976,0.5603883485153033,-0.06056328416873909,-0.019623211896928585,0.07879228040608245,0.9966979011231325,0.0554465614259243,-4.6720277168788016e-05,-0.005293256137520075
6.54,0.0,0.02500261824578047,0.010563152136455756,0.014392745832155926,50.99993896484375,-33.54347229003906,-41.8542366027832,5.071770668029785,-5.471863746643066,-3.1705942153930664,0.5632579594409066,0.8244748722775708,-0.054604542936915454,-0.8260479562806933,0.5602983087921438,-0.06091452280986302,-0.019627660353589264,0.07941656091488038,0.9966482653381268,0.04931105300784111,-4.0980296034831554e-05,-0.005187500733882189
6.55,0.5962603074491071,0.6194561826989102,0.606614818768854,0.6090606910831284,51.0607795715332,-33.609107971191406,-41.8916015625,5.0687432289123535,-5.467203140258789,-3.062229871749878,0.5632070471677963,0.8244790288251345,-0.05506498931348931,-0.8260825636286819,0.5602132368797521,-0.06122685108165878,-0.01963211881576836,0.07997162154335666,0.9966037927173114,0.04385460540652275,-3.5890254366677254e-05,-0.005083858501166105
6.56,0.9875600153595775,1.0091299297676055,0.9977097872347264,0.99894426763809,51.1215934753418,-33.6746826171875,-41.92780685424805,5.067106246948242,-5.461319446563721,-2.9764633178710938,0.5631573092909303,0.8244855533798949,-0.05547447395016558,-0.8261163661674038,0.560132962273596,-0.06150458621086842,-0.01963656137319364,0.08046512811432381,0.9965639811948765,0.039000365883111954,-3.085195567109622e-05,-0.004982287529855967
6.57,1.2027633778942572,1.222868048083578,1.2127125269761336,1.2128880470460306,51.182395935058594,-33.740177154541016,-41.96308898925781,5.066463470458984,-5.454589366912842,-2.9064106941223145,0.5631084400701241,0.8244943489600771,-0.05583863585986071,-0.8261495725624641,0.5600568102692769,-0.0617515427002517,-0.01964098970646318,0.0809038800299574,0.9965283707549167,0.03468382731080055,-2.83132085314719e-05,-0.004882746376097202
6.58,1.3736634343756313,1.392446722228634,1.38341477052356,1.382667072872174,51.243186950683594,-33.80559158325195,-41.99759292602539,5.0664825439453125,-5.447339057922363,-2.8463094234466553,0.563060619343372,0.8245050102733403,-0.056162505097415695,-0.82618206096001,0.5599846237614451,-0.06197114892127627,-0.019645383491511022,0.08129396770309412,0.996496537737367,0.030845684930682182,-2.4365463104913943e-05,-0.004785194527357817
6.59,1.4124109577974298,1.4300012249341227,1.421969164120593,1.4204186531478546,51.30398941040039,-33.870914459228516,-42.03141784667969,5.06692361831665,-5.439805507659912,-2.7920515537261963,0.5630138040052779,0.8245173104578867,-0.05645052041212271,-0.8262138607879164,0.5599160563856005,-0.06216643824060394,-0.019649751688818475,0.08164076528848858,0.9964680991891701,0.027432549744844437,-2.0161023712716997e-05,-0.004689592402428389
6.6,1.4100612163866697,1.4265728641251862,1.4194303206796701,1.417183598808473,51.36479568481445,-33.9361457824707,-42.064605712890625,5.0675368309021,-5.432250022888184,-2.7393219470977783,0.5629678463139736,0.8245311144731612,-0.0567066599461909,-0.8262450729044989,0.5598506857796166,-0.06234010854283159,-0.01965409671405228,0.08194907502674839,0.9964427056206568,0.024396855384111404,-1.601364965608809e-05,-0.004595900885760784
6.61,1.4046205113267187,1.420155495498109,1.4138043062734122,1.4109556869017594,51.42560958862305,-34.001285552978516,-42.09716033935547,5.068234443664551,-5.424764156341553,-2.686631202697754,0.5629227757709061,0.8245461870893307,-0.05693447000565258,-0.8262756777797629,0.559788293868837,-0.06249456261955945,-0.019658403494982435,0.08222318045334327,0.9964200398266614,0.021698735654354095,-1.4344442206493113e-05,-0.004504081793129444
6.62,1.4138786686823561,1.4285285035387472,1.4228796600475118,1.419513167731385,51.48643112182617,-34.06633758544922,-42.129085540771484,5.069015979766846,-5.41734504699707,-2.634023904800415,0.5628785841796962,0.8245623417393001,-0.05713706377879723,-0.8263056815990811,0.5597286534180541,-0.06263190161482926,-0.019662655693941412,0.08246683653574635,0.9963998197725891,0.019295834004878998,-1.2347762094577774e-05,-0.004414096940308809
6.63,1.4173205315795803,1.4311656423014665,1.4261425515791506,1.4223312745398016,51.54726791381836,-34.13130187988281,-42.160377502441406,5.0698933601379395,-5.409976005554199,-2.581746816635132,0.5628352454347352,0.8245794192896228,-0.057317255520565616,-0.8263351024525505,0.5596715372208882,-0.06275403476702249,-0.019666849039794817,0.08268344277300263,0.9963817859335092,0.017160825431346893,-1.1297974197077565e-05,-0.004325910471379757
6.64,1.4176860067160941,1.4307996422710039,1.426332178671755,1.4221421723411458,51.60811233520508,-34.1961784362793,-42.19104766845703,5.070854187011719,-5.402667045593262,-2.529632568359375,0.5627927865618254,0.8245972456131423,-0.05747749056104352,-0.8263639219030754,0.5596167945198598,-0.06286264286748551,-0.019670993135674494,0.08287596647120395,0.996365709069978,0.01526058278977871,-8.858796718413942e-06,-0.00423948559910059
6.65,1.4180188533374074,1.4304655760609513,1.4264933951372494,1.4219821754643909,51.668968200683594,-34.26096725463867,-42.221092224121094,5.071890830993652,-5.395423412322998,-2.4775893688201904,0.5627512697288382,0.8246156353495294,-0.0576199822602561,-0.826392098476861,0.5595643285348149,-0.0629592074790648,-0.019675060192803732,0.08304707200421763,0.9963513817112595,0.013573403470218182,-8.917932973417919e-06,-0.004154786933213472
6.66,0.8984829000989015,0.9103215588675851,0.9067880149988418,0.9020075260346715,51.729835510253906,-34.3256721496582,-42.25048065185547,5.072448253631592,-5.388853073120117,-2.416020393371582,0.5627105795255234,0.8246345367914621,-0.05774672649406666,-0.826419710343342,0.5595138756723594,-0.06304510517179385,-0.019679076352224253,0.08319918064997045,0.9963386122664809,0.012070216238498688,-6.137836862762924e-06,-0.004071781877428293
6.67,0.0,0.011281819976866246,0.008140494836425205,0.0031351873035782778,51.79069900512695,-34.39030456542969,-42.27897644042969,5.071366310119629,-5.384263515472412,-2.324650764465332,0.5626706021924309,0.8246539149858642,-0.05785943247988222,-0.8264468350362727,0.5594651966545134,-0.06312149072110339,-0.019683045672225962,0.08333435204532076,0.9963272371476409,0.01073476579040289,-5.01894692206406e-06,-0.003990435041487217
6.68,0.5128841976406836,0.5236561068291627,0.005189830977469723,0.0,51.85154342651367,-34.45489501953125,-42.30619812011719,5.069264888763428,-5.381052017211914,-2.213655471801758,0.5626441260087203,0.8246735716603719,-0.05783673290227154,-0.826459553236089,0.5594183147103859,-0.063369993146566,-0.019904630935728407,0.08345447484417456,0.9963127803535371,0.00954768992960453,0.07128846645355225,-0.003910786472260952
6.69,0.6613642764824358,0.6716682488086548,0.005339173562824762,0.0,51.91236114501953,-34.519447326660156,-42.332122802734375,5.067597389221191,-5.377640247344971,-2.108046770095825,0.5627153890249774,0.8246934932815884,-0.05685097266959735,-0.8263628969518415,0.5593730105407095,-0.06500921180866309,-0.021811774247608762,0.08356121838289743,0.9962639054419954,0.008497900329530239,0.2619852125644684,-0.003833440598100424
6.7,0.5766524850866334,0.5865288203685121,0.005457427110522994,0.0,51.97316360473633,-34.58395767211914,-42.35679626464844,5.066141128540039,-5.374246597290039,-2.0041234493255615,0.5629268471366045,0.8247137426161997,-0.0544114649023794,-0.826088999500999,0.5593289797678354,-0.06876087037924393,-0.026274125604492382,0.08365605257154683,0.9961482496053817,0.007573558483272791,0.48002418875694275,-0.003758644452318549
6.71,0.3877278713249686,0.3972142854352566,0.005548163698986197,0.0,52.0339469909668,-34.64842987060547,-42.380210876464844,5.064655303955078,-5.371133327484131,-1.8977199792861938,0.5632533859966032,0.8247342781418785,-0.050586496430926706,-0.825618214419934,0.5592860957391692,-0.07452266186118657,-0.03316906964932058,0.08374027448385533,0.9959354292563184,0.006760940421372652,0.6596423387527466,-0.0036861253902316093
6.72,0.0,0.009130095290020103,0.1297752383386547,0.12416083206774836,52.0947151184082,-34.712867736816406,-42.402320861816406,5.063028335571289,-5.368486404418945,-1.7864724397659302,0.5636299596780272,0.824755270198042,-0.04582589697867773,-0.8249742691793741,0.5592439384952423,-0.08163132026549157,-0.04169800649075543,0.08381504361917709,0.9956085147877214,0.006044862791895866,0.7307833433151245,-0.003615413326770067
6.73,0.0,0.008802490979433086,0.3726224983111024,0.3669633359834552,52.15546417236328,-34.77727508544922,-42.42307662963867,5.061450004577637,-5.366058826446533,-1.6739140748977661,0.563964242143898,0.8247765606728688,-0.041084772698562436,-0.824273669111504,0.559202592648819,-0.08868697076965626,-0.050172223316468784,0.08388137659500344,0.9952118682310865,0.005408761091530323,0.6660587787628174,-0.0035458700731396675
6.74,0.0,0.008498018030077215,0.340121129527688,0.33443566726520657,52.21619415283203,-34.841651916503906,-42.4425048828125,5.060080528259277,-5.363522052764893,-1.5638495683670044,0.564214179194855,0.8247979184469836,-0.03702369134755821,-0.8236287540041445,0.5591622643470339,-0.0947271751287783,-0.057428525778192886,0.08394019213595431,0.9948145598909992,0.0048387618735432625,0.5482355952262878,-0.0034771282225847244
6.75,0.0,0.0082123345322907,0.28107205405831337,0.27537587570026517,52.27690887451172,-34.90599822998047,-42.460609436035156,5.058765411376953,-5.361118316650391,-1.453189492225647,0.5643888115242847,0.8248192640970153,-0.03374093953439006,-0.8230787523731351,0.5591229468802663,-0.09961374234416717,-0.06329800011128862,0.08399233206897397,0.9944539463120082,0.004326483700424433,0.438742995262146,-0.0034091901034116745
6.76,0.0,0.007943265968933688,0.22618987783789635,0.22049638339318334,52.33760452270508,-34.97031784057617,-42.477378845214844,5.0574750900268555,-5.35890531539917,-1.341307520866394,0.5645076768251689,0.8248405723259312,-0.03113058063193022,-0.8226244765720762,0.559084578083188,-0.1035055800141308,-0.06797097431969572,0.084038472109945,0.9941415803875508,0.0038657314144074917,0.34824302792549133,-0.0033421716652810574
6.77,0.0,0.007689433498308057,0.18080585729330778,0.1751266041304916,52.398284912109375,-35.034610748291016,-42.4927978515625,5.056208610534668,-5.356876373291016,-1.228272557258606,0.5645869400706929,0.8248616772459153,-0.02906545221852458,-0.8222556837321026,0.559047303461788,-0.10659128980529343,-0.07167410740193617,0.08407928343628475,0.9938780088245119,0.0034518747124820948,0.2757302522659302,-0.003276174422353506
6.78,0.0,0.0074498362699523535,0.1444174749776721,0.13876261355821043,52.458953857421875,-35.09888458251953,-42.50685501098633,5.054966926574707,-5.355007171630859,-1.114283561706543,0.5646380176287931,0.8248825701888246,-0.02743454841810913,-0.8219598766993655,0.5590110510428214,-0.10903488390585761,-0.07460475953041155,0.0841153387360408,0.9936592673772688,0.003080700756981969,0.21815432608127594,-0.0032112691551446915
6.79,0.0,0.007223520507104689,0.11549970135092735,0.10987814523745328,52.51960754394531,-35.16313171386719,-42.51953887939453,5.0537495613098145,-5.353272438049316,-0.9995328783988953,0.5646690301438055,0.8249031414174866,-0.026147536710299513,-0.8217248280636413,0.5589759062932613,-0.1109695594629726,-0.07692329517274465,0.08414715362500072,0.9934797749308122,0.00274809543043375,0.1725624054670334,-0.003147500567138195
6.8,0.0,0.007009505946189168,0.09257620386779308,0.08699570754542947,52.58024597167969,-35.227359771728516,-42.53084182739258,5.052552700042725,-5.351646423339844,-0.8841808438301086,0.5646854096932353,0.8249234814646388,-0.02513240553235904,-0.821539799291484,0.5589416681130808,-0.11250142144468725,-0.07875751557592077,0.08417518265633098,0.9933336762463467,0.002450544387102127,0.13648948073387146,-0.0030848924070596695
6.81,0.0,0.006806926354765888,0.07441452518105507,0.06888188190758228,52.640869140625,-35.29157257080078,-42.54075622558594,5.05137300491333,-5.350107669830322,-0.7683563232421875,0.5646912462696818,0.8249434813906991,-0.024332054935560943,-0.8213953756453582,0.5589084344414936,-0.11371454954657091,-0.08020868565694456,0.08419984810646718,0.9932154611785065,0.0021843293216079473,0.10795518755912781,-0.0030234551522880793
6.82,0.0,0.006614835928194222,0.06002450408414006,0.05454551940318197,52.70147705078125,-35.35576248168945,-42.549278259277344,5.050203800201416,-5.348636150360107,-0.6521617770195007,0.5646892297983999,0.8249632238464213,-0.023701330144309255,-0.8212838247773799,0.5588760271344717,-0.11467547886722403,-0.08135694751358323,0.08422152691152511,0.9931202250966211,0.0019465448567643762,0.08538564294576645,-0.002963189035654068
6.83,0.0,0.006432479734066875,0.04861919954419136,0.04319892313564196,52.7620735168457,-35.41993713378906,-42.5564079284668,5.049039840698242,-5.347214698791504,-0.5356785655021667,0.5646814654846959,0.8249826621469059,-0.023204518850005316,-0.8211986396100113,0.558844466486282,-0.11543680773622204,-0.08226564799916691,0.08424054507579419,0.9930437521703716,0.0017342193750664592,0.0675344318151474,-0.0029040868394076824
6.84,0.0,0.0062590707163326445,0.039575389586389065,0.03421811294509098,52.822654724121094,-35.48409652709961,-42.562137603759766,5.047874450683594,-5.345826625823975,-0.4189709722995758,0.5646697502411872,0.8250015896226373,-0.022813379466375325,-0.8211343285689032,0.5588140123395262,-0.1160401398598616,-0.08298486372978964,0.08425720582313016,0.9929824951420981,0.0015446932520717382,0.05341528356075287,-0.002846137387678027
6.85,0.0,0.006093895020894705,0.03239991655573249,0.027109262025915085,52.88322067260742,-35.54823684692383,-42.566463470458984,5.046700477600098,-5.344457626342773,-0.3020903766155243,0.5646548169977633,0.8250202624010226,-0.022505649712246487,-0.8210868569733321,0.5587842476681341,-0.11651840139485471,-0.08355423955059048,0.08427176980285488,0.9929335113024523,0.0013755791587755084,0.042247939854860306,-0.0027893257793039083
6.86,0.0,0.005936302139889448,0.02670262148603797,0.021481620508711784,52.94377517700195,-35.612361907958984,-42.56938552856445,5.045510768890381,-5.343094825744629,-0.1850777566432953,0.5646376740629855,0.8250385598160864,-0.022263688942760287,-0.8210526429215453,0.5587553174628627,-0.11689761656475826,-0.08400508663341477,0.08428445896826835,0.9928943928717388,0.001224803738296032,0.033415328711271286,-0.0027336350176483393
6.87,0.0,0.005785719007253647,0.02217493439093232,0.01702611332759261,53.00431442260742,-35.67647171020508,-42.57090377807617,5.0442986488342285,-5.341725826263428,-0.06796617060899734,0.5646187825048874,0.8250565958796625,-0.022073605010549533,-0.8210290176470298,0.5587270194437541,-0.1171984211713279,-0.08436221087816372,0.08429550011099021,0.9928631758891989,0.001090367091819644,0.026429317891597748,-0.0026790471747517586
6.88,0.0,0.005641589793376624,0.01857275329530239,0.01349815438967198,53.06483840942383,-35.740562438964844,-42.57101821899414,5.043056488037109,-5.340339660644531,0.04921765252947807,0.5645987669038302,0.8250742713823352,-0.02192439539834925,-0.8210136590541378,0.5586994753201362,-0.11743708070086077,-0.08464516558676227,0.08430505904104,0.9928382813746035,0.0009705765405669808,0.02090383693575859,-0.002625542925670743
6.89,0.0,0.0055034357518888855,0.42377573159194803,0.41877699564115395,53.12534713745117,-35.80463790893555,-42.569740295410156,5.041860103607178,-5.33848237991333,0.1627022624015808,0.5645741621955718,0.8250916226099657,-0.02190501495142899,-0.8210251497319124,0.5586726031216277,-0.11748457783468914,-0.08469780923293745,0.08431332528229683,0.9928330898449057,0.0008634296827949584,-0.039882030338048935,-0.0025730973575264215
6.9,0.0,0.005370686432579541,0.5565142704551193,0.5515925674575931,53.18584442138672,-35.86868667602539,-42.567138671875,5.04076623916626,-5.335829734802246,0.26977741718292236,0.5645190119269496,0.8251086641873234,-0.022671070906142957,-0.8211992369880449,0.5586463600196145,-0.11638753200875203,-0.08336724982433738,0.08432044070002338,0.9929450966377146,0.0007650109473615885,-0.19669784605503082,-0.0025216450449079275
6.91,0.0,0.005242192936129819,0.6650943670623004,0.6602499798187985,53.2463264465332,-35.93269729614258,-42.56327438354492,5.039717197418213,-5.332769393920898,0.37357455492019653,0.5644104043467906,0.8251254126924222,-0.024676887855888136,-0.8216229910096012,0.5586207025601335,-0.11348379318501595,-0.07985334125463393,0.08432653200732573,0.9932333461428329,0.0006719463272020221,-0.4023997187614441,-0.0024711438454687595
6.92,0.0,0.005116993736010045,0.5454515192193063,0.5406839375734414,53.30679702758789,-35.996673583984375,-42.55817413330078,5.038674354553223,-5.329653739929199,0.4768195152282715,0.5642236835656185,0.825141781450006,-0.028154491811348093,-0.8223219463807926,0.5585957349307029,-0.1084316439870424,-0.07374450084006057,0.08433175809111466,0.9937051389487286,0.0005831902963109314,-0.6159309148788452,-0.00242157862521708
6.93,0.0,0.004994786727474998,0.4516776998110116,0.44698617203761826,53.367252349853516,-36.060611724853516,-42.551822662353516,5.037590980529785,-5.3268232345581055,0.5822451710700989,0.5639396283905276,0.825157848504046,-0.03296392851174202,-0.8232317039961621,0.558571330539518,-0.10142795588439885,-0.06528136844712057,0.08433619478898777,0.9942966102638514,0.0004979206132702529,-0.7961475253105164,-0.0023729591630399227
6.94,0.0,0.004875377685530091,0.3596903374890035,0.3550738785223739,53.427696228027344,-36.124515533447266,-42.544193267822266,5.036470890045166,-5.32427978515625,0.6898245811462402,0.5635398313160903,0.8251735838265982,-0.038876922138983784,-0.8242653123652773,0.5585475164009017,-0.0927974501468449,-0.054859396201601456,0.08433995777300632,0.9949257350029916,0.00041778935701586306,-0.9434522390365601,-0.0023252966348081827
6.95,0.0,0.004759218502440488,0.28594265556951814,0.2814006875327259,53.488128662109375,-36.188392639160156,-42.53525924682617,5.03531551361084,-5.321990966796875,0.7993618249893188,0.5630071848818745,0.8251889177709616,-0.0456744979104983,-0.8253399883997364,0.55852438090226,-0.08285179229244527,-0.04285806014870477,0.08434314391660186,0.9955146512003494,0.00034259751555509865,-1.0608069896697998,-0.002278594532981515
6.96,0.0,0.0046462644200073455,0.20869914877651763,0.20423103506459891,53.548545837402344,-36.25224304199219,-42.52500534057617,5.034119606018066,-5.319917678833008,0.9106549620628357,0.5623271933170285,0.8252039248863186,-0.053165872591433745,-0.826384586594652,0.5585018051025221,-0.07186270754717525,-0.02960815250872021,0.08434581228158142,0.9959965568492597,0.0002731627319008112,-1.1512724161148071,-0.0022328500635921955
6.97,0.0,0.004536722437478602,0.15326585570614448,0.1488711778892543,53.60894775390625,-36.316070556640625,-42.513404846191406,5.032874584197998,-5.318019866943359,1.023524284362793,0.5614910953083598,0.8252187354658725,-0.06117016041767963,-0.8273390071974324,0.5584795778761402,-0.06008933569989805,-0.015424560252572671,0.08434808670855823,0.99631695921008,0.00020996108651161194,-1.2175742387771606,-0.0021880532149225473
6.98,0.0,0.0044306963123381116,0.11166171431399208,0.10734019776664,53.669334411621094,-36.37987518310547,-42.50044250488281,5.031585693359375,-5.316242218017578,1.1375675201416016,0.5604944670919596,0.8252331846304081,-0.06954238523414957,-0.8281579793021937,0.5584579316410696,-0.04773991941013064,-0.0005600691095715149,0.0843500419201623,0.9964360274250723,0.00015266962873283774,-1.2657694816589355,-0.0021441904827952385
6.99,0.0,0.0043280750690610215,0.09285818559066816,0.08860949872854823,53.729705810546875,-36.443660736083984,-42.48610305786133,5.0302653312683105,-5.314539432525635,1.252368450164795,0.5593347870899817,0.8252472734162818,-0.07817629864605827,-0.828809725257447,0.5584368592469803,-0.03496732121629831,0.014799840191037271,0.08435171577010887,0.9963261277197133,0.00010122007370227948,-1.3021098375320435,-0.002101244404911995
7.0,0.0,0.004228806028986589,0.06387484277107502,0.05969867118041364,53.790061950683594,-36.507423400878906,-42.47038269042969,5.028918266296387,-5.312885761260986,1.3677080869674683,0.5580088305843367,0.8252611196366285,-0.08700706526483501,-0.8292727661637714,0.5584161708409086,-0.021864570484324178,0.030542172303026853,0.08435321309514807,0.9959677259587967,5.51308949070517e-05,-1.329887866973877,-0.002059195190668106
7.01,0.0,0.004132724414012044,0.04157445689439776,0.03747040054573738,53.850399017333984,-36.5711669921875,-42.45327377319336,5.027534008026123,-5.311269283294678,1.4836218357086182,0.5565173007192364,0.8252747405556302,-0.09596924820489312,-0.8295308246705575,0.5583958369870027,-0.00852643870379461,0.04655217418724712,0.08435456025860219,0.9953477800457577,1.413869540556334e-05,-1.3485753536224365,-0.002018022583797574
7.02,0.12501127347768556,0.12905099470608616,0.004032369106789696,0.0,53.91072082519531,-36.634891510009766,-42.434776306152344,5.026208877563477,-5.30966854095459,1.5990238189697266,0.5548700704300052,0.825288054548519,-0.1049706242742312,-0.8295734786685044,0.5583759704233862,0.004911124471866368,0.06266616655610471,0.08435580995558352,0.9944631963506242,-2.1942909370409325e-05,-1.3398985862731934,-0.0019777060952037573
7.03,0.12722772556576026,0.13117743259973147,0.003961117346843818,0.0,53.97102737426758,-36.69860076904297,-42.41490173339844,5.025014400482178,-5.3080949783325195,1.713290810585022,0.5531178746439812,0.8253010974401533,-0.11374847389483281,-0.8294046224947149,0.5583565101103736,0.018054910738176166,0.07841293856070056,0.08435701619570697,0.993345511332705,-5.27818119735457e-05,-1.2992335557937622,-0.0019382243044674397
7.04,0.12297595571344874,0.1268386810512705,0.0038901718800480045,0.0,54.03131866455078,-36.76228713989258,-42.39365768432617,5.023855209350586,-5.3065595626831055,1.8274213075637817,0.5512906610471924,0.8253138697084436,-0.1222113886224352,-0.8290433153885427,0.5583374517337918,0.030764772077640907,0.09362578839039466,0.08435820326613244,0.9920271696329627,-7.84976000431925e-05,-1.2553253173828125,-0.001899554394185543
7.05,0.6276830680674175,0.6314617674797773,0.0038195181643823073,0.0,54.09159851074219,-36.825958251953125,-42.37105941772461,5.0232930183410645,-5.305215835571289,1.9369304180145264,0.5494303969667936,0.82532646991824,-0.13023999747085474,-0.8285189097823217,0.5583186405946038,0.042856874567645156,0.10808633133761564,0.08435943110814752,0.9905558194070059,-9.981288894778118e-05,-1.142103910446167,-0.001861673779785633
7.06,0.5710779065742099,0.5747753027826548,0.0037492989106976404,0.0,54.15188217163086,-36.88961410522461,-42.347190856933594,5.023553848266602,-5.304201602935791,2.0405209064483643,0.5477416434958067,0.8253387128735633,-0.13709522607560987,-0.8279308805568296,0.5583003505191887,0.05320879279352133,0.12045558933028143,0.0843606996317661,0.9891277588647148,-0.0001137947547249496,-0.9399518370628357,-0.0018245538230985403
7.07,0.47000550516764633,0.4736250261776149,0.0036786942824255653,0.0,54.2121696472168,-36.9532585144043,-42.322078704833984,5.023762226104736,-5.303262233734131,2.1450490951538086,0.546309644658251,0.8253507270313186,-0.14262520654585967,-0.8273626163068492,0.5582823915513091,0.06157818137649246,0.1304487381742764,0.08436200965259427,0.9878593918347462,-0.00012128151865908876,-0.7521947622299194,-0.0017881684470921755
7.08,0.3761289143098111,0.37967371800914407,0.0036078700890357362,0.0,54.272457122802734,-37.01689147949219,-42.29570388793945,5.023706912994385,-5.302271842956543,2.251708984375,0.5451261573235278,0.8253624815191218,-0.14701784484300517,-0.8268518132951288,0.5582648035332807,0.06823846412768522,0.13839635635464648,0.08436339986359623,0.9867772115889243,-0.00012387731112539768,-0.5970293283462524,-0.0017524991417303681
7.09,0.2985468722740188,0.30201966245658696,0.003537206384353342,0.0,54.33274459838867,-37.08051300048828,-42.26803207397461,5.0233612060546875,-5.301176071166992,2.3603711128234863,0.5441597167695225,0.8253740596818372,-0.15049207371033263,-0.8264111832451219,0.5582474596284741,0.07351414847329016,0.14468848901246711,0.08436489449218984,0.9858741328002327,-0.00012248933489900082,-0.47270920872688293,-0.0017175314715132117
7.1,0.23638645159051522,0.2397896673064679,0.0034669101701001737,0.0,54.39301681518555,-37.14411926269531,-42.23904800415039,5.022744655609131,-5.299954414367676,2.4706780910491943,0.5433758239142648,0.8253854505977322,-0.15323697963309169,-0.826040856746708,0.5582303765960188,0.0776875127072025,0.14966367953066861,0.08436648971627081,0.9851309955748503,-0.00011841914238175377,-0.37399885058403015,-0.0016832523979246616
7.11,1.0784638547365923,1.0817995705554224,0.8948309342404266,0.891433640467558,54.45329284667969,-37.20771789550781,-42.20878219604492,5.024423122406006,-5.29989767074585,2.566033124923706,0.5427427452189748,0.8253965586247418,-0.15540538447107985,-0.8257350986186263,0.5582136980252717,0.08098774133310783,0.15359641734577859,0.08436817141187748,0.9845253436205477,-0.00011371464643161744,-0.29583436250686646,-0.0016496499301865697
7.12,1.584571723600566,1.5878414576528672,1.439953842207506,1.4366249765390608,54.51362228393555,-37.27132797241211,-42.177574157714844,5.03106164932251,-5.302448272705078,2.629953145980835,0.5422327949209601,0.8254073914825176,-0.15711853550179777,-0.8254859923545851,0.5581974165048926,0.08359737216939955,0.15670504949927305,0.08436991343653946,0.984035184923863,-0.0001078750065062195,-0.2339904010295868,-0.001616712543182075
7.13,1.8365109114650604,1.8397162890497327,1.7227491360366312,1.7194876634485752,54.57404708862305,-37.33498001098633,-42.14573669433594,5.041036605834961,-5.306849479675293,2.673358201980591,0.5418226134341526,0.8254179672073051,-0.1584721899348436,-0.8252851643361866,0.5581815081574409,0.08566096822753134,0.1591623482422219,0.08437169763875187,0.9836405662332033,-0.00010057641338789836,-0.18507017195224762,-0.0015844280133023858
7.14,2.0033681899084996,2.0065108960676237,1.9140019599589806,1.910806954064895,54.634613037109375,-37.3986930847168,-42.11345291137695,5.0529704093933105,-5.312400817871094,2.7051098346710205,0.5414928160574963,0.825428306835366,-0.15954197075698734,-0.8251246867214377,0.5581659348330096,0.0872928436633954,0.1611048773965953,0.08437357090282119,0.9833241169686293,-9.059625881491229e-05,-0.14637728035449982,-0.0015527838841080666
7.15,2.266869313718163,2.2699513264590867,2.196786241309129,2.1936571185136207,54.69532775878906,-37.46247863769531,-42.080848693847656,5.0666656494140625,-5.319001197814941,2.72650146484375,0.5412275949998124,0.8254383916019905,-0.1603875059979362,-0.8249974200932111,0.5581507299639809,0.08858340409027649,0.16264054614475745,0.0843754959108049,0.9830711207433269,-8.514140790794045e-05,-0.11577551066875458,-0.0015217699110507965
7.16,2.4442331761391656,2.4472545791952114,2.38938896062689,2.3863232840387325,54.75621795654297,-37.52635192871094,-42.04805374145508,5.082200050354004,-5.326695919036865,2.737078905105591,0.5410139766765565,0.825448292217095,-0.1610558720335882,-0.8248972953352028,0.558135787530783,0.08960410049802252,0.16385459770566538,0.0843774825013985,0.9828693256264744,-7.806048233760521e-05,-0.09157006442546844,-0.001491372473537922
7.17,2.485179291495533,2.488141740717201,2.4423770042298747,2.439373963557391,54.81730270385742,-37.59032440185547,-42.01517868041992,5.0988383293151855,-5.3350749015808105,2.741356134414673,0.540841561389565,0.8254580242430698,-0.16158420617877534,-0.8248191530123354,0.5581210866593573,0.09041137898623013,0.16481435100655267,0.08437951670225165,0.9827086683566922,-7.088387792464346e-05,-0.07242337614297867,-0.0014615807449445128
7.18,2.4980534781949304,2.5009582098765586,2.46476495161333,2.4618233603151802,54.87859344482422,-37.65439987182617,-41.982269287109375,5.1158766746521,-5.343738079071045,2.743570327758789,0.5407021728374245,0.8254674705576031,-0.1620018991867708,-0.8247585840043947,0.5581068005393452,0.09104986162977534,0.1655730606105766,0.08438159895953744,0.9825809418857452,-6.458075949922204e-05,-0.05728113651275635,-0.0014323818031698465
7.19,2.509040297823754,2.5118882704326237,2.4832644931737153,2.480382938569906,54.940086364746094,-37.71857833862305,-41.949337005615234,5.133109092712402,-5.352559566497803,2.7449069023132324,0.5405889495676222,0.8254767500970406,-0.16233213685097228,-0.8247121842997154,0.5580927514726188,0.09155486781877782,0.16617280365019768,0.08438374134245012,0.9824795079410478,-5.559498458751477e-05,-0.04530321806669235,-0.001403766218572855
7.2,2.5294812656460968,2.5322743433872494,2.5096371890498963,2.5068152019167576,55.00178909301758,-37.78286361694336,-41.9163932800293,5.150518894195557,-5.361520767211914,2.745394468307495,0.5404966752281395,0.8254857948672764,-0.1625931933989489,-0.8246770197937651,0.5580790482617075,0.09195427622128709,0.16664680342389138,0.08438588960038083,0.9823990352931701,-5.0534388719825074e-05,-0.035831138491630554,-0.00137572200037539
7.21,2.5507006320930663,2.5534389371527495,2.535536506848002,2.5327719239061834,55.06370162963867,-37.84725570678711,-41.88344955444336,5.168133735656738,-5.37062931060791,2.7448275089263916,0.5404209730501512,0.825494681385771,-0.16279957890403735,-0.8246508441405843,0.558065578111516,0.09227023238987123,0.16702142720546076,0.08438804139724834,0.9823352285871597,-4.747884668176994e-05,-0.028341881930828094,-0.0013482378562912345
7.22,2.6075274048764845,2.6102115360889293,2.596052939623653,2.593344119410933,55.12582778930664,-37.91175842285156,-41.850521087646484,5.186057090759277,-5.379938125610352,2.7425408363342285,0.540358483410311,0.8255033942779112,-0.16296274249703802,-0.8246317792000551,0.5580523655253462,0.09252019274145871,0.16731747709029066,0.08439018525404864,0.9822846626578914,-4.32314736826811e-05,-0.02241421677172184,-0.001321301911957562
7.23,2.6413358723725513,2.643967236013309,2.6327713678106055,2.630117523803533,55.188167572021484,-37.97637939453125,-41.81763458251953,5.204361915588379,-5.3894853591918945,2.7380716800689697,0.5403065157479675,0.8255119422041224,-0.16309169911025234,-0.8246183546456034,0.5580393948058835,0.09271786789104337,0.16755130026910892,0.08439234042886211,0.9822446205783313,-3.846397885354236e-05,-0.017723174765706062,-0.0012949038064107299
7.24,2.6490048902022667,2.6515846971805863,2.642733110432235,2.640133302184912,55.250732421875,-38.041107177734375,-41.78480911254883,5.222884178161621,-5.399174213409424,2.732395648956299,0.5402629695734986,0.8255202961425503,-0.16319364069822423,-0.8246093445188429,0.5580267097935889,0.0928742164927704,0.16773596108118638,0.08439450108661008,0.9822129176235227,-3.268685395596549e-05,-0.014017991721630096,-0.001269031665287912
7.25,2.703887715556134,2.7064172803046813,2.6994167830258946,2.6968702211132904,55.31351852416992,-38.10595703125,-41.75205993652344,5.241642475128174,-5.409013271331787,2.7253806591033936,0.5402260948294109,0.8255284906135345,-0.1632742406220398,-0.8246038293819591,0.5580142594098936,0.09299790784655813,0.167881776956206,0.08439666747311393,0.9821878188439619,-2.9704602638958022e-05,-0.011088191531598568,-0.001243678038008511
7.26,2.794228231443234,2.796707864322565,2.7911714917534516,2.788676412480749,55.37653350830078,-38.170928955078125,-41.71940612792969,5.260926246643066,-5.419164180755615,2.715278387069702,0.5401946050753295,0.8255364901234863,-0.16333796901548678,-0.8246010182516124,0.5580020975793099,0.09309575605522821,0.16799687302421132,0.08439883039287746,0.9821679530927495,-2.3794249500497244e-05,-0.008770214393734932,-0.0012188298860564828
7.27,2.8258968169648124,2.8283282902320552,2.823949369540058,2.821505523263075,55.439781188964844,-38.23602294921875,-41.6869010925293,5.280726432800293,-5.429622173309326,2.7021491527557373,0.540167387432037,0.8255443232661314,-0.16338838354642277,-0.82460034170158,0.5579901781930685,0.09317315871915684,0.16808768551112002,0.08440101517833155,0.982152227822338,-2.1046809706604108e-05,-0.006937825120985508,-0.0011944787111133337
7.28,2.843094713654395,2.8454781989060978,2.842014758516129,2.8396203289233783,55.503273010253906,-38.301239013671875,-41.65456008911133,5.300769329071045,-5.440229892730713,2.687636375427246,0.5401435992107049,0.8255520001816602,-0.1634282326520281,-0.8246013234783477,0.5579784950533151,0.09323441626242383,0.1681592981356152,0.084403163768295,0.9821397845502643,-1.7740017938194796e-05,-0.005486989859491587,-0.0011706134537234902
7.29,2.857499440213481,2.8598360547162645,2.857097172191182,2.8547513328790717,55.56700897216797,-38.3665885925293,-41.62240219116211,5.320958614349365,-5.450932502746582,2.672311305999756,0.5401225730742398,0.825559516646929,-0.16345975201667098,-0.8246035874277189,0.5579670493753539,0.09328287845418247,0.16821572357243805,0.0844053095785476,0.9821299374614088,-1.5269493815139867e-05,-0.0043425727635622025,-0.0011472235200926661
7.3,2.8660524047049942,2.8683428816767873,2.8661755653633985,2.863877148254821,55.63098907470703,-38.432064056396484,-41.59042739868164,5.341254711151123,-5.461705684661865,2.656407594680786,0.540103712692425,0.8255669205858512,-0.16348467564347827,-0.8246068799584424,0.5579557709860651,0.09332122560569345,0.16826013509165352,0.08440744788074414,0.9821221460089361,-1.2419918675732333e-05,-0.003434699960052967,-0.0011243013432249427
7.31,2.868735988236216,2.87098136174381,2.8692672409426394,2.8670154090773337,55.695213317871094,-38.4976692199707,-41.558650970458984,5.361612796783447,-5.472522258758545,2.640195369720459,0.5400866856866129,0.8255741520411224,-0.16350440797003443,-0.8246109063569058,0.5579447472110959,0.09335155154998027,0.16829505358533883,0.08440958796918753,0.9821159790969598,-1.1522924978635274e-05,-0.002716068411245942,-0.0011018362129107118
7.32,2.8892506788701477,2.8914513553354744,2.890096317090346,2.88788964870403,55.759681701660156,-38.56340408325195,-41.52706527709961,5.382057189941406,-5.483396053314209,2.6235175132751465,0.5400711465475834,0.8255812314947923,-0.1635199892071953,-0.8246154873857567,0.5579339575945963,0.09337556921584156,0.1683224721489378,0.0844116648714722,0.9821111017615555,-1.082776998373447e-05,-0.0021487558260560036,-0.0010798204457387328
7.33,2.936098776120873,2.938255601792155,2.9371840390993227,2.9350215829876496,55.82439422607422,-38.6292724609375,-41.49568557739258,5.402739524841309,-5.494412899017334,2.6054654121398926,0.5400567913111347,0.8255881788451341,-0.1635323243578961,-0.8246205055117056,0.5579233628487476,0.09339455592893808,0.16834394568365157,0.08441374377860195,0.9821072425213757,-7.33980141376378e-06,-0.0016965188551694155,-0.001058246591128409
7.34,2.9858628372968474,2.987977422130737,2.9871310710515195,2.9850126695208954,55.88935089111328,-38.69527053833008,-41.464542388916016,5.42378568649292,-5.505646228790283,2.5852770805358887,0.5400434625397823,0.8255949702727233,-0.16354205461722593,-0.8246258125301257,0.5579130059230679,0.09340956659206173,0.16836070764009226,0.08441577389485874,0.9821041946966012,-1.009183415590087e-05,-0.0013437168672680855,-0.0010371044045314193
7.35,3.0181721367507257,3.0202437216829083,3.0195744871261545,3.0174976544402115,55.954566955566406,-38.76140594482422,-41.433650970458984,5.4451704025268555,-5.517078876495361,2.5631227493286133,0.5400309329749644,0.8256016400335319,-0.16354975819038053,-0.8246313447406187,0.5579028341860599,0.09342147974872028,0.16837380051976092,0.08441776815993338,0.9821017786957864,-7.502945663873106e-06,-0.001063127419911325,-0.0010163848055526614
7.36,3.073906372432361,3.075937191277594,3.0754075783335106,3.073372857956533,56.02003860473633,-38.82767868041992,-41.403038024902344,5.466892719268799,-5.528712272644043,2.539003610610962,0.5400191479884546,0.8256081431731476,-0.16355584285500496,-0.8246369896299762,0.5578929141345128,0.09343089260256318,0.16838395155071711,0.08441972686930777,0.9820998699600144,-8.065752808761317e-06,-0.000838808948174119,-0.0009960775496438146
7.37,3.156102673235264,3.158092731238822,3.1576754238604647,3.155681171665447,56.08577346801758,-38.89409255981445,-41.37273025512695,5.489123821258545,-5.54064416885376,2.5118958950042725,0.5400078960474488,0.8256145517017193,-0.16356064387491553,-0.8246427607556917,0.5578831372913597,0.093438333991896,0.16839177337280742,0.08442166276684623,0.9820983624444356,-4.468063707463443e-06,-0.0006631917785853148,-0.0009761773981153965
7.38,3.2147502013948124,3.2167013944944793,3.2163709603017505,3.214417443808956,56.15177536010742,-38.960655212402344,-41.3427619934082,5.51191520690918,-5.55290412902832,2.481502056121826,0.5399971533545025,0.8256208240131496,-0.16356445006443676,-0.8246485683088011,0.55787356565948,0.09344422681269635,0.1683977825129493,0.08442357309558565,0.9820971678762218,-3.167243676216458e-06,-0.0005263995262794197,-0.0009566742228344083
7.39,3.2764473374004135,3.278359862362726,3.2780974860829426,3.2761833141539176,56.21805953979492,-39.027366638183594,-41.31317901611328,5.535190582275391,-5.565449237823486,2.4482853412628174,0.5399868783060733,0.8256269599648469,-0.16356739967507897,-0.8246543742998147,0.5578642064713362,0.09344886348312297,0.16840229869405862,0.084425411561398,0.9820962354460206,-7.060732968966477e-06,-0.00041247456101700664,-0.0009375599911436439
7.4,3.296958476544396,3.2988317607361113,3.298627359246175,3.2967504034733155,56.28462219238281,-39.09423065185547,-41.28401184082031,5.558828830718994,-5.578210353851318,2.4129762649536133,0.5399769364123954,0.8256330104491721,-0.1635696799511484,-0.8246601996065662,0.5578549816803356,0.09345252591177339,0.168405651115223,0.08442719627625683,0.9820955071689251,-5.968215191387571e-06,-0.0003248797438573092,-0.0009188262629322708
7.41,3.3086591695410066,3.3104952703309216,3.3103343821949425,3.3084951779331284,56.351470947265625,-39.16124725341797,-41.255271911621094,5.5826311111450195,-5.591073989868164,2.376770496368408,0.5399674237587107,0.8256388696754327,-0.1635715077892689,-0.8246659238177245,0.5578460396290872,0.09345539130516738,0.1684081214586757,0.08442898170188211,0.9820949300732303,3.621598239078594e-07,-0.00025936579913832247,-0.0009004682069644332
7.42,3.3262923261620427,3.3280933567375257,3.3279635796764024,3.3261627374240277,56.41860580444336,-39.228416442871094,-41.22697067260742,5.606558322906494,-5.6040167808532715,2.339895009994507,0.5399581728662366,0.8256446226774298,-0.16357300693818635,-0.8246716106459345,0.5578372518357025,0.09345766452801516,0.16840993483044706,0.08443078531102,0.9820944640624796,-4.500191153056221e-08,-0.00020715949358418584,-0.0008824777905829251
7.43,3.3468173179330614,3.3485822618137306,3.348478693767435,3.3467137264857727,56.48603057861328,-39.29574203491211,-41.19911575317383,5.63063907623291,-5.6170549392700195,2.3021812438964844,0.5399491292473915,0.825650307423121,-0.16357416567749863,-0.8246772751840556,0.5578285734413377,0.09345948024359782,0.16841119208646774,0.08443253226398043,0.9820940982795421,-2.3282193524210015e-06,-0.00016252808563876897,-0.0008648467482998967
7.44,3.346824087941626,3.3485531761011935,3.348472517395406,3.3467422185617743,56.553741455078125,-39.363224029541016,-41.17171859741211,5.654824256896973,-5.630160331726074,2.263916015625,0.539940331482498,0.8256558856049825,-0.16357505006700263,-0.8246828697352551,0.5578200613046118,0.09346092002191904,0.16841200314643434,0.08443422156904955,0.9820938139629197,-4.587524927046616e-06,-0.00012694962788373232,-0.0008475650101900101
7.45,3.3703927687750213,3.37208670603892,3.3720244239814594,3.3703281012045982,56.62174606323242,-39.43086624145508,-41.14478302001953,5.6790995597839355,-5.643324851989746,2.2251791954040527,0.5399318423423323,0.8256612999718822,-0.16357574194713628,-0.824688331989923,0.5578117973670709,0.09346204469085964,0.16841247193866957,0.08443587180138068,0.9820935916951335,4.6645033080494613e-07,-0.00010304765601176769,-0.0008306307718157768
7.46,3.373291070503644,3.3749524533243616,3.3749008082192695,3.373239667952724,56.690040588378906,-39.49866485595703,-41.118316650390625,5.703490734100342,-5.656561851501465,2.1858069896698,0.5399235134588068,0.8256666254309499,-0.163576353009123,-0.8246937343004499,0.5578036600623598,0.09346294146138649,0.1684127198874148,0.08443755367431564,0.982093404574952,4.365368113212753e-06,-8.432941103819758e-05,-0.0008140343124978244
7.47,3.4497584805424064,3.451387684163112,3.451344384461883,3.449717450832597,56.758628845214844,-39.56662368774414,-41.09233093261719,5.728143692016602,-5.669955253601074,2.1449239253997803,0.5399153448902463,0.8256718662918011,-0.1635768613412685,-0.82469907216764,0.5577956492065035,0.09346365118124385,0.16841276886827858,0.08443922631401586,0.9820932523653801,4.135923518333584e-06,-6.481409218395129e-05,-0.0007977691711857915
7.48,3.4819938966818027,3.483590510364289,3.4835570279780823,3.4819625649758255,56.8275146484375,-39.634742736816406,-41.06684875488281,5.7532243728637695,-5.68359899520874,2.101529359817505,0.5399073857361913,0.8256770043562154,-0.1635771967752775,-0.824704319068416,0.5577878025680948,0.093464182530831,0.1684125913861899,0.08444081823148433,0.9820931459281169,-8.611107773504045e-07,-4.885659654974006e-05,-0.000781828653998673
7.49,3.5143824974395392,3.515945930858735,3.5159217264492617,3.5143578452524626,56.896705627441406,-39.70302963256836,-41.04189682006836,5.778580188751221,-5.697404861450195,2.0565412044525146,0.5398997220824773,0.8256819741902965,-0.16357740550723437,-0.8247094007414892,0.5577802194398176,0.09346459827272917,0.1684122751579512,0.08444231343872198,0.98209307159619,-4.632334366760915e-06,-3.6699722841149196e-05,-0.0007662069983780384
7.5,3.5289875701358,3.530518779725621,3.5305016342711353,3.528968015867444,56.96620178222656,-39.771480560302734,-41.01749038696289,5.804139137268066,-5.711332321166992,2.010380983352661,0.5398921598699552,0.8256868915762812,-0.16357754366065488,-0.824714434403166,0.5577727193065634,0.09346494147233853,0.1684118683407458,0.08444377227753638,0.9820930159233996,-3.887849743478e-06,-2.945202140836045e-05,-0.0007508985581807792
7.51,3.5349289698676376,3.5364297561430655,3.536416040973295,3.534913233016,57.03600311279297,-39.8400993347168,-40.993648529052734,5.829797744750977,-5.725320816040039,1.9636636972427368,0.5398846860333562,0.8256917463626565,-0.1635777056180056,-0.8247194164096459,0.5577653060561942,0.09346522110910038,0.16841143067974185,0.08444526836138558,0.9820929623349187,1.1259862731094472e-06,-2.6237283236696385e-05,-0.0007358951261267066
7.52,3.5349425178164666,3.5364146008251507,3.5364011894271017,3.534929691931279,57.106109619140625,-39.90888595581055,-40.970367431640625,5.855492115020752,-5.739334583282471,1.916764259338379,0.5398773897149856,0.8256964797637121,-0.1635778939231936,-0.8247242842746736,0.5577580701540761,0.0934654487264055,0.16841098242739738,0.0844467790020127,0.9820929093084951,2.0171601136098616e-06,-2.2214939235709608e-05,-0.0007211899501271546
7.53,3.537844101553867,3.539287005915751,3.5392753739845033,3.5378335185458787,57.17653274536133,-39.977840423583984,-40.94764709472656,5.881199359893799,-5.753359794616699,1.8698073625564575,0.5398702889667146,0.8257011017305653,-0.16357799880157028,-0.8247290396322913,0.5577510102742063,0.09346561787791577,0.1684104577459318,0.08444821572438829,0.9820928757417869,7.620076303282985e-07,-1.4972568351367954e-05,-0.0007067792466841638
7.54,3.5437848648344117,3.5451986214497637,3.5451909370436043,3.5437775766722197,57.24726486206055,-40.046966552734375,-40.92549133300781,5.9069366455078125,-5.767404079437256,1.8226826190948486,0.5398633781880554,0.825705616528011,-0.16357801724399823,-0.824733687256239,0.5577441199884963,0.09346572485668708,0.16840985124424512,0.08444957934978092,0.9820928624888464,-3.03237970911141e-06,-1.0010578080255073e-05,-0.0006926575442776084
7.55,3.549726239309604,3.551110765979435,3.551106549109119,3.5497204456018396,57.318302154541016,-40.11626052856445,-40.90390396118164,5.932715892791748,-5.781475067138672,1.7753067016601562,0.5398566083638723,0.8257100483861736,-0.16357798873919338,-0.8247382473687533,0.5577373612741552,0.09346581816931636,0.1684092210449707,0.08445088414602649,0.9820928583560623,-7.624293175467756e-06,-5.396955657488434e-06,-0.0006788184982724488
7.56,3.5466995218987547,3.5480551765790738,3.548054460417471,3.5466948411047,57.389644622802734,-40.18572235107422,-40.88288879394531,5.958510398864746,-5.795556545257568,1.72783362865448,0.539849928551335,0.8257144289551671,-0.16357792167148058,-0.8247427534024997,0.5577306846896051,0.09346589787579176,0.16840856674522883,0.08445214722496272,0.9820928619412276,-5.454498023027554e-06,-5.639722076011822e-06,-0.0006652551819570363
7.57,3.5497528638333042,3.5510819560277325,3.5510805543361803,3.5497486258027804,57.4613037109375,-40.25535202026367,-40.8624382019043,5.984299182891846,-5.809636116027832,1.6803776025772095,0.5398433729158474,0.8257187103468909,-0.16357794503510753,-0.8247471629040376,0.5577241486799145,0.09346598986265382,0.1684079867482013,0.08445345086100405,0.9820928492953636,1.195712570734031e-06,-8.875537787389476e-06,-0.0006519627058878541
7.58,3.5614701007359244,3.5627743370329688,3.5627695883788064,3.5614659738522993,57.53327178955078,-40.32515335083008,-40.842559814453125,6.010129451751709,-5.823740005493164,1.632651686668396,0.539836897026253,0.8257229276733009,-0.16357802824248552,-0.8247515128174325,0.5577177019290074,0.09346607438200982,0.16840744257432094,0.0844547906850735,0.9820928273925623,3.2423288303107256e-06,-9.350635991722811e-06,-0.0006389359477907419
7.59,3.558594980208459,3.559873695109536,3.5598681767860447,3.558591147895959,57.60554504394531,-40.39512252807617,-40.82325744628906,6.0359930992126465,-5.837862491607666,1.5846879482269287,0.5398306052247039,0.8257270302035215,-0.16357808304905241,-0.8247557488849239,0.5577114305363787,0.09346611648257587,0.16840686548949935,0.08445609415748988,0.9820928142572182,8.31988927529892e-07,-4.430913122632774e-06,-0.0006261698435992002
7.6,3.5643828297261204,3.5656353857304404,3.5656329539567575,3.5643808305866806,57.67813491821289,-40.46525955200195,-40.804527282714844,6.061856269836426,-5.851983547210693,1.5366714000701904,0.5398245428799545,0.8257309926680831,-0.16357808732171264,-0.8247598402469991,0.5577053774238787,0.09346613241293987,0.16840626122621527,0.08445732496279289,0.9820928120294624,-1.273369207410724e-06,-1.3375970411289018e-06,-0.0006136595038697124
7.61,3.5703228404333873,3.5715498283651326,3.571549490642606,3.5703218405588726,57.751033782958984,-40.53556823730469,-40.786376953125,6.087750434875488,-5.866120338439941,1.4884182214736938,0.5398185395176845,0.8257349323851038,-0.163578011456192,-0.824763905286555,0.5576993673428743,0.09346612328447329,0.168405596490926,0.08445849338181352,0.9820928255344347,-4.369781436253106e-06,1.7557432556714048e-06,-0.0006013998645357788
7.62,3.5674467292712366,3.568648392857135,3.568650406871936,3.567446470999691,57.82423782348633,-40.60604476928711,-40.76880645751953,6.113649845123291,-5.880258083343506,1.4400641918182373,0.5398127109727365,0.825738759107608,-0.1635779287669721,-0.8247678521004025,0.5576935311470491,0.0934661193076076,0.1684049500874407,0.08445961771262735,0.9820928396856804,-7.888424988777842e-06,3.3393869216524763e-06,-0.0005893837660551071
7.63,3.576122806882463,3.5772995234240756,3.577303244108034,3.5761224255854263,57.897762298583984,-40.676692962646484,-40.75181579589844,6.139550685882568,-5.8943939208984375,1.391619086265564,0.5398068780759075,0.8257425847864499,-0.16357786541013092,-0.8247717951656965,0.5576876961160908,0.0934661409275095,0.16840433569566016,0.08446074396380467,0.9820928481808551,5.974129635433201e-07,-1.0366172773501603e-06,-0.000577606086153537
7.64,3.5996945754044805,3.600849942904158,3.600849269268149,3.5996942124232123,57.97159194946289,-40.74751281738281,-40.735408782958984,6.165541172027588,-5.9085774421691895,1.342544436454773,0.5398012090571309,0.8257462848295918,-0.16357789517714855,-0.824775621347585,0.5576820383928982,0.09346613549648242,0.16840376816201164,0.084461927186564,0.9820928437397184,4.550029643723974e-06,-2.820831241479027e-06,-0.0005660633905790746
7.65,3.6526020503133774,3.6537353601022433,3.653732766678915,3.6526018229054644,58.04573440551758,-40.818504333496094,-40.719600677490234,6.191775798797607,-5.922895908355713,1.291901707649231,0.5397955319384967,0.8257499747691139,-0.16357800239654186,-0.8247794415087595,0.5576763870805324,0.09346614444440945,0.1684032557990916,0.08446316630112793,0.9820928250296169,9.458524800720625e-06,-6.288985787250567e-06,-0.0005547524197027087
7.66,3.83470959021852,3.8358215542743737,3.8358159505650318,3.8347089049420746,58.12019729614258,-40.88966369628906,-40.70441818237305,6.218774795532227,-5.93764591217041,1.2365591526031494,0.5397901215584967,0.8257534875161636,-0.1635781236069059,-0.8247830820302171,0.5576710034964225,0.09346614069292156,0.16840276798378148,0.08446436949498803,0.9820928051977648,8.455668648821302e-06,-6.0831716837128624e-06,-0.0005436674691736698
7.67,3.949176754086823,3.9502662874990184,3.9502610474393283,3.9491759109748292,58.19498825073242,-40.96100616455078,-40.68994140625,6.246884822845459,-5.953024864196777,1.1744046211242676,0.5397848055658588,0.8257569531078405,-0.16357817114237366,-0.8247866689688005,0.5576657007270902,0.0934661271472921,0.16840223980570568,0.08446549962333183,0.9820927985693626,9.550360573484795e-07,-1.5699217783549102e-06,-0.0005328029510565102
7.68,4.178934145788512,4.18,4.179998966729736,4.1789336091369975,58.27012634277344,-41.032535552978516,-40.67625427246094,6.2762274742126465,-5.969099998474121,1.1046905517578125,0.5397796787178473,0.8257603076377849,-0.16357815493888084,-0.8247901359698642,0.5576605757291615,0.09346611088642207,0.16840169253920945,0.08446654134845946,0.982092802815782,-1.2989198694413062e-07,-1.3271048828755738e-06,-0.0005221545579843223
7.69,4.178955724655948,4.18,4.179999370219475,4.17895502733159,58.34562683105469,-41.10426330566406,-40.663448333740234,6.306560039520264,-5.9857306480407715,1.028839111328125,0.5397745583893083,0.8257636677949319,-0.16357808858611947,-0.8247936041544174,0.5576554487410423,0.093466095646459,0.1684011183501863,0.08446754074369578,0.9820928153179406,-5.4782403822173364e-06,4.511151018959936e-06,-0.0005117225809954107
7.7,4.178974299262499,4.17999632008199,4.18,4.178975130495509,58.42149353027344,-41.17619323730469,-40.65155792236328,6.33696174621582,-6.002389430999756,0.9523466229438782,0.5397695697270464,0.8257669440887887,-0.16357801089065285,-0.8247969833598014,0.5576504519887255,0.09346608816753522,0.1684005577106281,0.08446849973234656,0.982092828970722,-7.178900887083728e-06,4.521738901530625e-06,-0.0005014974740333855
7.71,4.178994744182482,4.179995872616319,4.18,4.178995138537703,58.49772262573242,-41.248321533203125,-40.640594482421875,6.367328643798828,-6.019014835357666,0.8758115768432617,0.539764630766205,0.8257701984108515,-0.1635778798931121,-0.8248003329511148,0.5576454968427917,0.09346609339587385,0.1683999825936829,0.08446939840829283,0.9820928502921648,-4.457778231881093e-06,1.6712904198357137e-06,-0.0004914767923764884
7.72,4.179016210770037,4.17999800533245,4.18,4.179015887392907,58.57430648803711,-41.320648193359375,-40.63054656982422,6.397647857666016,-6.035598278045654,0.7992885112762451,0.5397597628469821,0.8257733810098942,-0.16357787633680124,-0.8248036215155137,0.5576406336049431,0.09346608843623946,0.1683994784619681,0.08447039107383084,0.9820928513565157,3.752420752789476e-06,-9.891725767374737e-07,-0.0004816576256416738
7.73,4.17903570911932,4.18,4.179998529784315,4.179036190162428,58.6512565612793,-41.39317321777344,-40.62141418457031,6.427914142608643,-6.052135467529297,0.7227828502655029,0.5397549759686264,0.8257764928404739,-0.16357796241912936,-0.8248068435700074,0.5576358673482961,0.09346609142782546,0.16839904013143497,0.08447143492802807,0.982092836733886,9.734125342220068e-06,-5.433865680970484e-06,-0.0004720323777291924
7.74,4.1790534043719525,4.18,4.17999475219457,4.179053218311701,58.728572845458984,-41.46589660644531,-40.613197326660156,6.458122730255127,-6.068622589111328,0.6462957859039307,0.539750218528966,0.825779568532597,-0.16357813359997553,-0.8248100364300643,0.5576311447797659,0.09346609104827105,0.16839865023856154,0.08447254326540518,0.9820928082580103,1.1000802260241471e-05,-6.521347131638322e-06,-0.0004626002046279609
7.75,4.1790719393821565,4.18,4.179993879117847,4.179071538917178,58.80625534057617,-41.538818359375,-40.60589599609375,6.488270282745361,-6.085056304931641,0.5698280334472656,0.5397457834402863,0.8257824518624101,-0.1635782120410234,-0.824813027172724,0.5576267258630825,0.09346606234022035,0.16839821692820495,0.08447352721015737,0.9820927979249598,5.769706149294507e-06,-3.913712134817615e-06,-0.0004533585160970688
7.76,4.179091782844207,4.18,4.179996543020334,4.179091326111738,58.88429260253906,-41.6119384765625,-40.599510192871094,6.518352031707764,-6.1014323234558105,0.4933805763721466,0.5397413576938501,0.8257853392741962,-0.16357823887852624,-0.8248160161095853,0.557622308160503,0.09346604201989774,0.16839776234829146,0.08447446289591808,0.982092795388773,6.207199021446286e-07,-1.2849457107222406e-06,-0.0004443001525942236
7.77,4.179111238307637,4.18,4.1799991961399705,4.179110757221956,58.96269226074219,-41.68525314331055,-40.59405517578125,6.548364639282227,-6.1177473068237305,0.4169544279575348,0.5397370779676737,0.8257881464708132,-0.16357818869035032,-0.8248189125466621,0.5576180245104084,0.09346603793063658,0.16839729265121509,0.08447529751002995,0.9820928041373346,-3.976989773946116e-06,8.793327879175195e-07,-0.00043542461935430765
7.78,4.179128711094897,4.179998526316265,4.18,4.17912811674395,59.04145431518555,-41.75876235961914,-40.589515686035156,6.578303813934326,-6.133997917175293,0.3405507504940033,0.5397328358009874,0.8257909314366589,-0.16357812664045177,-0.8248217817736034,0.5576137779437332,0.09346605244223846,0.16839683568892447,0.08447610433899236,0.9820928130913417,-7.272793482115958e-06,3.7931977203697897e-06,-0.0004267253098078072
7.79,4.179144652781524,4.179996212474833,4.18,4.179144658454078,59.12057113647461,-41.83246994018555,-40.58589172363281,6.6081647872924805,-6.150179862976074,0.2641710937023163,0.5397286116627569,0.8257937252474575,-0.1635779602957547,-0.8248246537288589,0.5576095300880883,0.09346605028570072,0.16839630742287873,0.08447683290031625,0.9820928410030649,-1.2808783139917068e-05,7.81561539042741e-06,-0.0004182013217359781
7.8,4.1791596895488325,4.179992761908688,4.18,4.179160267072911,59.200050354003906,-41.906368255615234,-40.58318328857422,6.637943267822266,-6.166290283203125,0.1878167986869812,0.5397245580218962,0.825796403813347,-0.16357781303408125,-0.8248274051461912,0.5576054573886018,0.0934660666244676,0.16839582295256006,0.08447753156545412,0.9820928639760793,-1.2374782272672746e-05,6.348196166072739e-06,-0.0004098465433344245
7.81,4.179177132815248,4.179993608458526,4.18,4.17917708946994,59.279884338378906,-41.9804573059082,-40.581390380859375,6.667636394500732,-6.1823248863220215,0.1114894300699234,0.5397205071889775,0.8257990809337913,-0.1635776636603506,-0.8248301534097376,0.5576013878708197,0.09346609155519815,0.16839534478643386,0.08447822307223045,0.9820928864831557,-7.870877198001835e-06,2.3786674319126178e-06,-0.00040165739483200014
7.82,4.17919549587662,4.179996764238211,4.18,4.179194638782263,59.36007308959961,-42.054744720458984,-40.58051300048828,6.697239398956299,-6.198280334472656,0.03519061207771301,0.5397164799020604,0.8258017131127331,-0.16357766333519985,-0.8248328675699659,0.5575973678589569,0.09346612184674158,0.16839495805526866,0.08447902684594699,0.9820928836544566,5.80496543989284e-06,-3.343430762470234e-06,-0.0003936324792448431
7.83,4.179211225750496,4.18,4.1799968189936045,4.179211063326129,59.440616607666016,-42.129215240478516,-40.58055114746094,6.726747989654541,-6.21415376663208,-0.04107792675495148,0.5397125711733173,0.8258042469885285,-0.16357776796739956,-0.8248354936299531,0.5575934821685393,0.09346612804323534,0.168394622733977,0.08447990470444691,0.9820928656371601,7.963055395521224e-06,-5.338810296962038e-06,-0.0003857678675558418
7.84,4.179226393870485,4.18,4.179995260200448,4.1792257948597396,59.521514892578125,-42.20388412475586,-40.581504821777344,6.756158351898193,-6.229940891265869,-0.11731411516666412,0.5397086559048487,0.8258067761336321,-0.16357791792647042,-0.8248381174654018,0.5575895983938262,0.09346614220745281,0.1683943191367031,0.08448081589798404,0.9820928393118937,1.5915189578663558e-05,-1.0511979780858383e-05,-0.0003780596889555454
7.85,4.179239742672799,4.18,4.179990606060819,4.179238624632198,59.60276412963867,-42.27873611450195,-40.5833740234375,6.785466194152832,-6.245638370513916,-0.19351589679718018,0.539705010191292,0.8258091234325973,-0.16357809642462104,-0.8248405619940555,0.5575859857214625,0.09346612122237383,0.16839402977465615,0.08448171507794047,0.9820928115782855,9.323530321125872e-06,-6.8169538280926645e-06,-0.0003705076524056494
7.86,4.179256560577304,4.18,4.1799941674052015,4.179255576218274,59.684364318847656,-42.35377502441406,-40.586158752441406,6.81466817855835,-6.2612433433532715,-0.2696811854839325,0.5397014604461472,0.8258114315081375,-0.16357815619078359,-0.8248429540964228,0.5575824492483954,0.09346610812292863,0.16839368951888373,0.08448249452188994,0.9820928028702668,3.7874890495004365e-06,-3.5864163692167494e-06,-0.0003631067229434848
7.87,4.17927280180696,4.18,4.179997222044662,4.179271993345928,59.76631546020508,-42.42900848388672,-40.5898551940918,6.843760013580322,-6.276752471923828,-0.34580785036087036,0.5396979156964368,0.8258137402584292,-0.16357819595931938,-0.8248453432141128,0.5575789152954587,0.09346610613442767,0.16839334776324832,0.0844832505193976,0.9820927964356334,1.242311782334582e-06,-2.414561549812788e-06,-0.00035585169098339975
7.88,4.179287973616969,4.18,4.179998469718161,4.179287089337258,59.84861373901367,-42.504425048828125,-40.59445571899414,6.872737407684326,-6.29216194152832,-0.42189356684684753,0.539694425019906,0.8258160309016799,-0.16357814862697467,-0.8248477034726654,0.557575421644794,0.09346611821136015,0.16839297395765285,0.08448391730634781,0.9820928031699812,-7.073449523886666e-06,1.9773242456722073e-06,-0.0003487436624709517
7.89,4.179301524012935,4.179997172241,4.18,4.179300673578181,59.93125915527344,-42.58002471923828,-40.599971771240234,6.901597023010254,-6.307468891143799,-0.49793586134910583,0.53969107538217,0.8258182414729631,-0.163578040101169,-0.8248499733599559,0.5575720594950577,0.0934661431670304,0.1683925906948312,0.08448449870208453,0.9820928188710782,-8.656834324938245e-06,2.2201804767973954e-06,-0.00034177754423581064
7.9,4.17931533482129,4.1799966391328365,4.18,4.179314194134603,60.01424789428711,-42.65580749511719,-40.60640335083008,6.930334568023682,-6.322669982910156,-0.5739321112632751,0.539687725748612,0.825820453064114,-0.1635779263142564,-0.8248522421528797,0.5575686972915509,0.09346617792533364,0.16839221268116336,0.0844850702880945,0.9820928345155348,-1.223412709805416e-05,3.7721538319601677e-06,-0.0003349497856106609
7.91,4.179328214351862,4.179994933050038,4.18,4.1793269195557325,60.09758377075195,-42.731773376464844,-40.61375045776367,6.958946228027344,-6.337761878967285,-0.6498796343803406,0.5396843913130691,0.8258226737714094,-0.16357771626380638,-0.8248545180315257,0.5575653306597776,0.09346617639142124,0.16839175115195418,0.08448558179531554,0.982092869647614,-1.441566382709425e-05,1.4245145393942948e-05,-0.0003282575635239482
7.92,4.179336362300255,4.179989129354707,4.18,4.179339736800356,60.1812629699707,-42.80792236328125,-40.62200164794922,6.987428188323975,-6.352741241455078,-0.7257757186889648,0.53968123883533,0.8258247781517584,-0.16357749307212952,-0.8248566794264877,0.5575621400773538,0.09346613481828554,0.16839126715679806,0.0844860683365037,0.9820929107789993,-1.2574180800584145e-05,1.1764211194531526e-05,-0.0003217004705220461
7.93,4.179350716953358,4.179990848607394,4.18,4.179353329771947,60.26528549194336,-42.884239196777344,-40.63116455078125,7.015776634216309,-6.367605209350586,-0.8016175627708435,0.5396780776623296,0.825826877499732,-0.16357732388609128,-0.8248588365465056,0.5575589520033568,0.09346611584988294,0.16839083188177975,0.08448658733764276,0.9820929407638571,-9.278333891415969e-06,7.562409336969722e-06,-0.0003152752760797739
7.94,4.179365668243172,4.17999380642852,4.18,4.179367037081029,60.34964370727539,-42.96073913574219,-40.64124298095703,7.04398775100708,-6.382350921630859,-0.8774024248123169,0.5396749077963363,0.8258289719875281,-0.16357720782871493,-0.8248609892114628,0.5575557664304076,0.09346612112037217,0.16839044620198396,0.08448713716432474,0.9820929595927634,-4.903447461401811e-06,3.1916756597638596e-06,-0.00030897732358425856
7.95,4.179380449515001,4.17999712926583,4.18,4.179380770456492,60.4343376159668,-43.03741455078125,-40.6522216796875,7.072058200836182,-6.396975517272949,-0.9531274437904358,0.5396718068210168,0.8258309938684685,-0.16357723096065907,-0.8248630794514433,0.5575526733961608,0.09346612512924743,0.16839014543737774,0.08448778583328898,0.9820929553583851,8.244600394391455e-06,-2.79437017525197e-06,-0.0003028061182703823
7.96,4.1793922441673566,4.18,4.17999645921881,4.179392990578371,60.51936721801758,-43.11426544189453,-40.66411590576172,7.099984169006348,-6.411476135253906,-1.0287892818450928,0.5396687818967212,0.8258329435368919,-0.16357736767444922,-0.8248651069832504,0.5575496748716211,0.09346611863162192,0.16838990803376544,0.08448851649628124,0.9820929332057317,1.0027373718912713e-05,-4.958668341714656e-06,-0.000296758022159338
7.97,4.1794038768385136,4.18,4.179994913548661,4.17940400462151,60.604732513427734,-43.191287994384766,-40.67691421508789,7.1277618408203125,-6.425848960876465,-1.1043850183486938,0.5396658879836789,0.8258348103858012,-0.16357749020520854,-0.8248670515343189,0.5575468028473446,0.09346608972126416,0.16838965716416934,0.08448922173716608,0.9820929155484126,1.25725164252799e-05,-7.165201168390922e-06,-0.00029082951368764043
7.98,4.1794150721183545,4.18,4.179993148545146,4.17941475837204,60.690433502197266,-43.26848602294922,-40.69062042236328,7.155387878417969,-6.440092086791992,-1.1799113750457764,0.5396630319509909,0.8258366335657189,-0.16357770815824665,-0.8248689609311873,0.5575439842580348,0.09346605217927882,0.1683894570267603,0.0844900010564388,0.9820928828189908,2.1556787032750435e-05,-9.720148227643222e-06,-0.0002850195742212236
7.99,4.179424356086928,4.18,4.179989535161257,4.1794251007774434,60.77646255493164,-43.34585189819336,-40.705230712890625,7.182858467102051,-6.454202175140381,-1.2553648948669434,0.5396603125526664,0.8258383687900153,-0.16357791932227714,-0.8248707834634128,0.5575412986678074,0.09346598776170159,0.16838924444279138,0.08449076230015803,0.982092853778055,1.317062651651213e-05,-5.307218998495955e-06,-0.0002793259627651423
8.0,4.179437923711575,4.18,4.179993922027606,4.17943869446497,60.862823486328125,-43.42338562011719,-40.72074508666992,7.210170745849609,-6.468177318572998,-1.3307424783706665,0.5396576487836786,0.8258400924811649,-0.16357800512285553,-0.82487257966612,0.5575386488136533,0.09346594242827717,0.16838898249063738,0.08449140033013293,0.9820928438014509,3.306649205114809e-06,-1.2356667866697535e-07,-0.00027374536148272455
8.01,4.179451649548241,4.18,4.179999078487867,4.179452447493695,60.94950866699219,-43.5010871887207,-40.73716735839844,7.2373199462890625,-6.482014179229736,-1.4060410261154175,0.5396549987344346,0.8258418241976335,-0.16357800508278106,-0.8248743747198974,0.5575359988705366,0.09346590765563259,0.16838868213569322,0.08449196038297405,0.9820928471174436,3.2362759156967513e-06,-7.992488235686324e-07,-0.0002682777412701398
8.02,4.179462603085721,4.18,4.179998758943849,4.179463044893048,61.03651809692383,-43.57895278930664,-40.754493713378906,7.264303207397461,-6.495710372924805,-1.4812567234039307,0.5396523393592015,0.8258435552049254,-0.16357803932872753,-0.8248761679936937,0.5575333475386566,0.09346589676657069,0.16838842032687676,0.08449253640901697,0.9820928424497299,1.1954505225730827e-06,-4.5086608224664815e-07,-0.00026292013353668153
8.03,4.179473848915791,4.18,4.179999463749823,4.179473934299885,61.12385177612305,-43.656982421875,-40.77272033691406,7.291118144989014,-6.509263038635254,-1.5563862323760986,0.5396497772248955,0.825845238884869,-0.16357799165020478,-0.82487790333674,0.5575307801833822,0.09346589610597511,0.1683881306027968,0.08449302077274098,0.9820928504539642,-7.202406777651049e-06,3.5926236705563497e-06,-0.00025766895851120353
8.04,4.179482865771142,4.1799963310624015,4.18,4.179482789457214,61.21150588989258,-43.735172271728516,-40.791847229003906,7.317760944366455,-6.522669792175293,-1.6314260959625244,0.5396473173273555,0.8258468748496681,-0.16357784752962493,-0.8248795789038372,0.5575282993858467,0.09346590657214932,0.16838780599798966,0.08449340024500349,0.982092873462699,-1.1307492059131619e-05,5.060132025391795e-06,-0.0002525221789255738
8.05,4.179492425576136,4.179994529986052,4.18,4.179492015694214,61.29948043823242,-43.81352615356445,-40.81187438964844,7.3442277908325195,-6.535928249359131,-1.7063724994659424,0.5396448580787212,0.8258485080371923,-0.1635777152363371,-0.8248812503508806,0.5575258224170696,0.09346593046526633,0.1683874994432922,0.08449378149256578,0.9820928932236104,-8.492555025441106e-06,2.4208125068980735e-06,-0.0002474782813806087
8.06,4.179503833030985,4.179996581529439,4.18,4.179502835372931,61.38777160644531,-43.89203643798828,-40.83279800415039,7.370516300201416,-6.549035549163818,-1.7812219858169556,0.5396423938580401,0.8258501438454774,-0.16357758606107517,-0.8248829212952579,0.5575233427659863,0.09346597469904264,0.16838721123222353,0.08449415471761973,0.9820929105293397,-1.4661924069514498e-05,5.3769135774928145e-06,-0.00024253597075585276
8.07,4.179512239601699,4.179993499442952,4.18,4.179511115958229,61.47637176513672,-43.970703125,-40.85462188720703,7.396622180938721,-6.561990261077881,-1.8559707403182983,0.5396399448991945,0.8258517935137057,-0.16357733650903317,-0.8248845943786065,0.5575208584864559,0.09346602756813194,0.1683868635791873,0.08449442290897338,0.9820929470631808,-2.118314841936808e-05,1.0085563189932145e-05,-0.00023769245308358222
8.08,4.179519572312238,4.179989449599816,4.18,4.179519107475244,61.56528854370117,-44.049522399902344,-40.877342224121094,7.422544002532959,-6.574789524078369,-1.9306150674819946,0.5396376822323833,0.8258533278303886,-0.1635770547061359,-0.8248861567459302,0.5575185490752661,0.09346601438993064,0.16838646122473752,0.08449466461548245,0.9820929952543838,-1.7066282453015447e-05,1.4920907233317848e-05,-0.0002329453855054453
8.09,4.179526648775372,4.1799881023129455,4.18,4.179529671995551,61.65451431274414,-44.12849426269531,-40.90095901489258,7.448276996612549,-6.587430953979492,-2.0051512718200684,0.5396354064684059,0.8258548497008477,-0.16357687890184416,-0.8248877178460851,0.5575162436464268,0.09346598855763338,0.16838610700516807,0.0844950016034578,0.9820930269947322,-5.595428774540778e-06,6.5066938077507075e-06,-0.00022829185763839632
8.1,4.179540162937819,4.179995291841614,4.18,4.179541961473241,61.74404525756836,-44.207618713378906,-40.92546844482422,7.473819255828857,-6.599913120269775,-2.079575538635254,0.539633115465779,0.8258563602383823,-0.16357681054021234,-0.8248892741368458,0.5575139427272306,0.09346597818846136,0.16838582513586176,0.08449541951224013,0.982093039367842,-2.487268602635595e-06,2.62158232544607e-06,-0.00022373051615431905
8.11,4.179551228176528,4.179998042519001,4.18,4.179551892277855,61.83388137817383,-44.28689193725586,-40.950870513916016,7.4991679191589355,-6.612232685089111,-2.153884172439575,0.5396308157748053,0.8258578659643449,-0.16357679508731232,-0.8248908259334101,0.5575116443113681,0.09346599246855007,0.1683855930806275,0.08449586784010775,0.9820930405826285,-2.118666770911659e-07,-1.550096158098313e-07,-0.00021926207409705967
8.12,4.179561530937141,4.18,4.179999977580527,4.179561398346998,61.92402267456055,-44.366310119628906,-40.9771614074707,7.524320125579834,-6.624388694763184,-2.2280731201171875,0.5396285073785394,0.8258593655437261,-0.16357683933895997,-0.8248923746316361,0.5575093484563394,0.09346601873605434,0.16838540405566674,0.08449635925590074,0.982093030712217,8.139073543134145e-06,-6.014370228513144e-06,-0.00021488286438398063
8.13,4.17956811811211,4.18,4.179994876655764,4.1795672270861175,62.014469146728516,-44.44587707519531,-41.00434494018555,7.5492730140686035,-6.636378288269043,-2.3021388053894043,0.5396263548093218,0.8258607272075372,-0.16357706578687017,-0.824893802920995,0.5575072364965297,0.09346601070197232,0.1683853054685673,0.08449698521391473,0.9820929937597644,2.057164238067344e-05,-1.0585758900560904e-05,-0.00021059074788354337
8.14,4.179573469877214,4.18,4.179989358493531,4.179573525624782,62.10520553588867,-44.52558517456055,-41.032413482666016,7.574023246765137,-6.648200035095215,-2.3760769367218018,0.5396242869990493,0.8258620225927689,-0.16357734720843464,-0.8248951718288604,0.5575052164999748,0.09346597813510168,0.1683852261161965,0.08449765212298785,0.9820929499856416,2.1181514966883697e-05,-1.1345943676133174e-05,-0.00020638543355744332
8.15,4.179581721938993,4.18,4.17998881983427,4.179581556161047,62.19624328613281,-44.60543441772461,-41.06136703491211,7.598569393157959,-6.659852027893066,-2.4498836994171143,0.5396223070432768,0.8258632646612072,-0.163577607955442,-0.8248964865811392,0.5575032793266137,0.09346592944043411,0.16838513048183304,0.08449829361119993,0.982092911189879,2.1193214706727304e-05,-1.1514913239807356e-05,-0.00020226321066729724
8.16,4.179589963342842,4.18,4.179988732307557,4.179589716122045,62.287574768066406,-44.685420989990234,-41.09120559692383,7.622907638549805,-6.671332359313965,-2.523555040359497,0.539620327089856,0.825864507155606,-0.16357786651031017,-0.8248978008786395,0.5575013421314425,0.09346588483090794,0.16838503703423627,0.0844989310125772,0.9820928723703836,2.1181456759222783e-05,-1.1525521586008836e-05,-0.00019822180911432952
8.17,4.179598049203014,4.18,4.179988730060449,4.179597793620978,62.37919616699219,-44.76554489135742,-41.12192916870117,7.647036075592041,-6.6826395988464355,-2.5970876216888428,0.5396183471289266,0.8258657493008195,-0.16357812681908668,-0.8248991155318619,0.557499404947818,0.09346583695436969,0.16838494183446828,0.08449957168308461,0.9820928335696061,2.3034588593873195e-05,-9.255731129087508e-06,-0.00019426002108957618
8.18,4.179605490964786,4.18,4.1799893831414,4.179606852092256,62.47110366821289,-44.84580612182617,-41.15353775024414,7.670952320098877,-6.693771839141846,-2.6704766750335693,0.5396164612829433,0.8258669283659462,-0.16357839510115943,-0.824900369963434,0.5574975610067199,0.09346576435116988,0.16838484001436596,0.08450021362668741,0.9820927957939517,1.916404471558053e-05,-7.165417173382593e-06,-0.0001903799275169149
8.19,4.1796142574933395,4.18,4.179991434639787,4.179615657436379,62.563297271728516,-44.92619705200195,-41.1860237121582,7.694653511047363,-6.7047271728515625,-2.7437188625335693,0.5396146770339298,0.825868063268795,-0.16357855116798542,-0.8249015679287525,0.5574957997606216,0.09346569679808062,0.16838468920377903,0.08450074154653733,0.9820927762283114,8.901283763407264e-06,-1.791735030565178e-06,-0.00018657816690392792
8.2,4.179624529332413,4.18,4.179996789798706,4.179625947798677,62.6557731628418,-45.006717681884766,-41.21938705444336,7.718137264251709,-6.715503692626953,-2.816810131072998,0.5396129052492327,0.8258692157479,-0.1635785773517769,-0.8249027687885349,0.557494030587248,0.09346565093441281,0.16838448424214053,0.08450114993024113,0.9820927762319481,-6.460047643486178e-07,2.8746239877364133e-06,-0.00018285040277987719
8.21,4.179632861882446,4.179998394726766,4.18,4.1796341312332,62.748531341552734,-45.08736801147461,-41.253623962402344,7.741401672363281,-6.726100444793701,-2.8897464275360107,0.5396111493841954,0.8258703792767279,-0.16357849520514958,-0.8249039677219832,0.5574922606258282,0.0934656267235876,0.16838423767323643,0.08450145546449,0.9820927922185285,-5.4782844927103724e-06,4.532143066171557e-06,-0.0001791989925550297
8.22,4.179639335943357,4.1799963095744985,4.18,4.1796401776609216,62.8415641784668,-45.168148040771484,-41.28873825073242,7.764443874359131,-6.736515998840332,-2.962523937225342,0.5396093913510802,0.8258715420202525,-0.16357842414819676,-0.8249051650906081,0.5574904912708298,0.09346561265752054,0.1683840056910205,0.08450176461884928,0.9820928053925184,-2.1941964405414183e-06,5.397859240474645e-06,-0.0001756194542394951
8.23,4.1796460621619005,4.179996730579305,4.18,4.179648190600446,62.934871673583984,-45.24905014038086,-41.32472610473633,7.787262439727783,-6.746748924255371,-3.0351381301879883,0.5396076304703737,0.8258727049412671,-0.1635783615614958,-0.8249063668997818,0.5574887187635378,0.09346557815362688,0.16838376105299224,0.08450209278109028,0.9820928191007532,-4.364023880043533e-06,5.967962806607829e-06,-0.00017211282101925462
8.24,4.179652790376558,4.179995881372388,4.18,4.179654639711753,63.0284538269043,-45.330074310302734,-41.3615837097168,7.809854507446289,-6.7567973136901855,-3.1075856685638428,0.539605926486973,0.8258738472663795,-0.1635782152414078,-0.824907537854021,0.5574869898178171,0.09346555609145948,0.16838348521084862,0.0845023347919927,0.9820928455716139,-1.2245800462551415e-05,9.103525371756405e-06,-0.00016867528029251844
8.25,4.179658097676729,4.179992264329194,4.18,4.179659465531294,63.12230682373047,-45.41122055053711,-41.39930725097656,7.832218170166016,-6.766660213470459,-3.1798620223999023,0.5396043629257986,0.8258749140381736,-0.16357798713116065,-0.824908620774113,0.5574853884814606,0.09346554981502866,0.1683831906218479,0.08450247328992333,0.9820928841631489,-2.017448605329264e-05,1.2851432074967306e-05,-0.00016530540597159415
8.26,4.179662963472019,4.179988328917588,4.18,4.179664143821682,63.216426849365234,-45.49247360229492,-41.437896728515625,7.854351997375488,-6.776336193084717,-3.2519633769989014,0.5396028131068978,0.8258759900881812,-0.16357766682218106,-0.8249097012429346,0.557483787009649,0.09346556594100631,0.1683828639809129,0.08450252195790643,0.9820929359792478,-2.7035839593736455e-05,1.5195219930319581e-05,-0.0001620044349692762
8.27,4.179668393520096,4.179985373071741,4.18,4.1796689618117675,63.31081008911133,-45.573848724365234,-41.47735595703125,7.876253604888916,-6.785824775695801,-3.323885917663574,0.5396012626760724,0.8258770726103544,-0.16357731583242152,-0.8249107819507808,0.5574821815395792,0.09346560376535899,0.16838253810814108,0.08450253370416351,0.9820929908403975,-2.4162243789760396e-05,1.16796572910971e-05,-0.00015876874385867268
8.28,4.179676622683637,4.179987877987969,4.18,4.179676180328897,63.40545654296875,-45.65533447265625,-41.517669677734375,7.897921085357666,-6.795124053955078,-3.3956258296966553,0.5395997063330678,0.8258781445010567,-0.16357703799971024,-0.8249118596216797,0.5574805819681996,0.09346563317016282,0.16838224603790325,0.08450261039689305,0.9820930343176973,-1.800457357603591e-05,9.747692274686415e-06,-0.00015559967141598463
8.29,4.17968392681103,4.179990444964732,4.18,4.179684119468037,63.500362396240234,-45.73693084716797,-41.5588493347168,7.919353008270264,-6.804232597351074,-3.4671790599823,0.5395981384730626,0.8258792129276599,-0.16357681562616003,-0.8249129360307031,0.557478981702181,0.09346567781546583,0.16838199703534426,0.08450272548438026,0.9820930671072374,-2.0233041141182184e-05,9.684380529506598e-06,-0.0001524928375147283
8.3,4.1796901721347055,4.179989897219038,4.18,4.179689753734273,63.59552001953125,-45.818634033203125,-41.600887298583984,7.940547466278076,-6.813150405883789,-3.538541555404663,0.539596584340903,0.8258802894694514,-0.1635765069729947,-0.8249140112039631,0.5574773813511469,0.09346573383468246,0.16838171007273495,0.08450276177571547,0.9820931131849251,-2.655487332958728e-05,1.2144294487370644e-05,-0.00014944802387617528
8.31,4.179695031805004,4.17998702358569,4.18,4.179694199685182,63.69093322753906,-45.90044403076172,-41.64377975463867,7.961502552032471,-6.821876525878906,-3.6097097396850586,0.5395950792973632,0.8258813487448856,-0.1635761235431416,-0.8249150589346658,0.5574758187096921,0.09346580709957743,0.16838140022249892,0.0845027179994063,0.9820931700759472,-3.263039980083704e-05,1.4361398825712968e-05,-0.00014646352792624384
8.32,4.179699892244734,4.1799843353966395,4.18,4.1796985890402,63.786590576171875,-45.982357025146484,-41.68752670288086,7.982216835021973,-6.830409526824951,-3.6806795597076416,0.5395937137430102,0.8258823195983592,-0.1635757263895219,-0.8249160156876817,0.5574743922440601,0.0934658710657324,0.16838108905392762,0.08450263999987889,0.9820932301375792,-2.757523543550633e-05,1.8151558833778836e-05,-0.0001435379235772416
8.33,4.179703848373428,4.17998375465937,4.18,4.179705754591632,63.882503509521484,-46.064369201660156,-41.73211669921875,8.00268840789795,-6.838748455047607,-3.7514469623565674,0.5395923408655277,0.8258832777425995,-0.16357541754310229,-0.8249169856033987,0.5574729643309351,0.09346582746160306,0.16838073685033667,0.08450269572753333,0.9820932857282538,-1.5142618394747842e-05,1.8996186554431915e-05,-0.00014067172014620155
8.34,4.17970915846643,4.17998656482594,4.18,4.179714719478925,63.97866439819336,-46.146484375,-41.777557373046875,8.022917747497559,-6.846892833709717,-3.8220083713531494,0.5395909620436686,0.8258842226287846,-0.16357519522726055,-0.8249179552289925,0.5574715424306211,0.09346575052307854,0.16838040509989954,0.08450284133017355,0.9820933300789295,-1.4192550224834122e-05,1.7644861145527102e-05,-0.00013786113413516432
8.35,4.179715455301157,4.179987487506368,4.18,4.179720587668671,64.07506561279297,-46.228694915771484,-41.82384490966797,8.042900085449219,-6.854842185974121,-3.892360210418701,0.5395895804307496,0.8258851721732299,-0.1635749585815693,-0.8249189246144191,0.5574701171850174,0.09346569562525879,0.16838008345275937,0.08450296343985476,0.9820933747186794,-8.43365523905959e-06,1.109929598896997e-05,-0.0001351089304080233
8.36,4.179724232491189,4.1799922576016435,4.18,4.179727589388822,64.17169952392578,-46.31100082397461,-41.870975494384766,8.062636375427246,-6.862595558166504,-3.962498426437378,0.5395881661567135,0.8258860962125965,-0.16357495843298553,-0.8249198849915746,0.5574687016640841,0.09346566219980323,0.1683799105865137,0.08450327063302535,0.9820933779245227,1.3534499885281548e-05,-4.515096406976227e-06,-0.0001324119366472587
8.37,4.126597111702189,4.18,4.12685967802728,4.179732918578502,64.26856231689453,-46.39339828491211,-41.9189453125,8.08204460144043,-6.8701066970825195,-4.031936168670654,0.5395867627837985,0.8258910381304801,-0.16355463479907487,-0.824920798612702,0.5574650166244313,0.0934795766791056,0.16837993183477337,0.08447927778858318,0.9820954384272622,-0.008126068860292435,-1.9071731003350578e-05,-0.00012976826110389084
8.38,4.083053241381467,4.18,4.083303242038173,4.17973092761229,64.36566925048828,-46.47588348388672,-41.96773910522461,8.101024627685547,-6.877326011657715,-4.100091457366943,0.5395852898643541,0.8259298278710301,-0.1633635038646385,-0.824921740268773,0.557441923910188,0.09360888792869658,0.16838003858516043,0.08425212697753641,0.9821149330428801,-0.03430227190256119,-1.64499524544226e-05,-0.00012717719073407352
8.39,4.021337690858653,4.18,4.021583820263894,4.179737420642304,64.4629898071289,-46.55845260620117,-42.017337799072266,8.119528770446777,-6.884268760681152,-4.166850566864014,0.5395838398269883,0.8260380244901265,-0.16282033624216735,-0.824922681786309,0.5573788163293605,0.09397565738937454,0.1683800726690876,0.08360644235781302,0.9821701043730777,-0.08046004921197891,-1.1509660907904617e-05,-0.00012463858001865447
8.4,3.967313244725986,4.18,3.9675567670555694,4.1797449680095085,64.56053161621094,-46.64110565185547,-42.06772994995117,8.137471199035645,-6.8909735679626465,-4.232071399688721,0.5395827132871039,0.8262577084759225,-0.16170558031757798,-0.8249234312689823,0.5572503839290415,0.09472772642866815,0.16838001088352422,0.08228127852101914,0.9822820181291169,-0.1491907835006714,-2.3051302378007676e-07,-0.00012215078459121287
8.41,3.91469512032281,4.18,3.9149393066354805,4.179755583174305,64.65828704833984,-46.723838806152344,-42.118900299072266,8.154767990112305,-6.897530555725098,-4.2958550453186035,0.5395816937137122,0.8266283947439746,-0.1598032941213709,-0.8249241210832138,0.557029847201377,0.0960101233302924,0.16837989863439456,0.0800202869890526,0.9824688103986104,-0.23901912569999695,-1.397640062350547e-06,-0.00011971205094596371
8.42,3.896852457671016,4.18,3.897091182952877,4.179759877078077,64.75624084472656,-46.80664825439453,-42.17082977294922,8.171339988708496,-6.904082298278809,-4.358563423156738,0.5395805997354902,0.8271814040009773,-0.1569194100934015,-0.8249248585122442,0.5566905274627176,0.09795220488501258,0.16837979153581023,0.07659361271185527,0.9827419113348649,-0.3441900610923767,1.3132769254298182e-06,-0.00011732137500075623
8.43,3.903344954952198,4.18,3.903580254340662,4.179766013888461,64.8543930053711,-46.8895378112793,-42.223506927490234,8.187125205993652,-6.910828590393066,-4.420881748199463,0.5395794759081607,0.8279239181709275,-0.15295742838833973,-0.8249256145355446,0.5562140749677771,0.1006162675261525,0.16837968898245684,0.07188802771143103,0.9830973460496838,-0.45349517464637756,-5.128328552927996e-07,-0.00011497852392494678
8.44,3.915885333814753,4.18,3.9161150344461753,4.179769786535722,64.95272827148438,-46.972511291503906,-42.27693176269531,8.201997756958008,-6.917957782745361,-4.48323917388916,0.5395785090345042,0.8288402768166554,-0.14791493540069445,-0.8249262707358249,0.5555903430355835,0.10400008930518811,0.168379572508027,0.06590270291947664,0.9835167275191212,-0.5600349307060242,3.771971250898787e-06,-0.00011268323578406125
8.45,3.895428806421089,4.18,3.8956560588782825,4.179776519514057,65.05123901367188,-47.055572509765625,-42.33110427856445,8.215736389160156,-6.925597190856934,-4.545466423034668,0.5395775743081617,0.8299061515106995,-0.1418161520716897,-0.8249269098249178,0.5548096347182377,0.10808266591145738,0.1683794368396345,0.058668977394495975,0.983974753914475,-0.6669427156448364,2.555599849074497e-06,-0.00011043156700907275
8.46,3.8939391520245477,4.18,3.8941612929584903,4.179780414665906,65.14990234375,-47.138729095458984,-42.38602066040039,8.228120803833008,-6.933866500854492,-4.607343673706055,0.5395763699291654,0.8311050900445159,-0.13461675347504726,-0.8249277187737961,0.5538506735103108,0.11288795440982927,0.16837933309264874,0.05013741870372045,0.9844463618872298,-0.778134822845459,-1.1329616427246947e-06,-0.00010822498734341934
8.47,3.9154033312378598,4.18,3.9156192147317253,4.1797829835444915,65.24870300292969,-47.221988677978516,-42.441680908203125,8.23901653289795,-6.942958831787109,-4.669286251068115,0.5395752816944832,0.8324102763691256,-0.126299830480469,-0.824928445892562,0.5526931433850357,0.11842021960987355,0.16837925805039494,0.040291699520427285,0.9848984741627708,-0.8868033289909363,-1.4792531146667898e-06,-0.00010606392606860027
8.48,3.942678192230961,4.18,3.9428895804565407,4.179787132521305,65.34762573242188,-47.305362701416016,-42.498085021972656,8.248272895812988,-6.953067302703857,-4.731661319732666,0.5395742077525929,0.8337797452519276,-0.11692309752907121,-0.8249291584100438,0.5513242601883237,0.12463323687000416,0.1683792087315376,0.029204392399578415,0.9852895744559123,-0.9867891669273376,2.666167802090058e-06,-0.000103945450973697
8.49,3.9488052924991597,4.18,3.949014516485008,4.179793442181953,65.4466552734375,-47.38886642456055,-42.555240631103516,8.255685806274414,-6.964327812194824,-4.794376850128174,0.5395730818158828,0.8351664425793279,-0.10657346090420813,-0.8249298989154521,0.5497350286088927,0.131461249787616,0.16837918890127926,0.01698268264350678,0.9855759926231854,-1.0795261859893799,3.5488433240971062e-06,-0.00010186865256400779
8.5,3.9550519801430197,4.18,3.95525749186981,4.179798037116534,65.54576110839844,-47.47251510620117,-42.61315155029297,8.261048316955566,-6.976840019226074,-4.8571648597717285,0.5395722354501034,0.8365292511753167,-0.09529225917902416,-0.8249304608528428,0.5479099107709976,0.1388685149198112,0.16837914802164383,0.0036798922513423815,0.9857154360689112,-1.1693313121795654,3.6817259569943417e-06,-9.983211202779785e-05
8.51,3.974945022397177,4.18,3.975146527484211,4.179802176638923,65.6449203491211,-47.55631637573242,-42.67181396484375,8.264206886291504,-6.990742206573486,-4.920102596282959,0.5395714045930904,0.8378279175584995,-0.08310884372332135,-0.8249310118932971,0.5458302361447362,0.14682703745183368,0.16837911082477014,-0.010664608280166812,0.9856646190099807,-1.254546046257019,6.995293460931862e-06,-9.783560381038114e-05
8.52,3.996102664455568,4.18,3.996301833309919,4.179807826439109,65.74410247802734,-47.64029312133789,-42.73123550415039,8.265013694763184,-7.0061798095703125,-4.983343601226807,0.5395703960654135,0.8390182163375649,-0.07008723381289891,-0.8249316758625261,0.54348317428457,0.15528608897197427,0.1683790897007614,-0.025970597284213817,0.9853801348861485,-1.3321095705032349,1.939743015100248e-06,-9.587727254256606e-05
8.53,4.0157814610584825,4.18,4.015974185475075,4.179809215326422,65.84327697753906,-47.72446823120117,-42.79141616821289,8.26331901550293,-7.023270606994629,-5.04686975479126,0.5395695285474109,0.8400560603285038,-0.05630754273166109,-0.8249322493660854,0.5408605157187282,0.16418491554427908,0.16837905991819577,-0.04213926959291697,0.9848211889166684,-1.4016741514205933,9.596688869351055e-06,-9.395805682288483e-05
8.54,3.973629646092,4.119757555563565,3.9738223605500806,4.119574437794354,65.94241333007812,-47.80885696411133,-42.85235595703125,8.258919715881348,-7.041925430297852,-5.109509468078613,0.5395686389966157,0.8409008994177617,-0.041849267254507896,-0.8249328471815013,0.5379554600984515,0.17346388843585023,0.1683789816228906,-0.059072839009671724,0.9839506686002991,-1.4637302160263062,1.0149025001737755e-05,-9.207386028720066e-05
8.55,3.7271706806032454,3.819928244884253,3.7273599028363207,3.8197491716761793,66.0414810180664,-47.89347839355469,-42.91401672363281,8.251506805419922,-7.061229705810547,-5.165635108947754,0.5395676977855703,0.8415155083341942,-0.026802028643781214,-0.8249334703899923,0.5347658770049427,0.18305798595379044,0.168378944457741,-0.07666228553974355,0.9827367017869638,-1.5132335424423218,1.2100105777790304e-05,-9.022447920870036e-05
8.56,0.39343467098211476,0.00017439890552850557,0.39362116999342106,0.0,66.14043426513672,-47.978294372558594,-42.97610092163086,8.239660263061523,-7.068783283233643,-5.149440765380859,0.5395668189581226,0.8418640099584389,-0.011516797128973771,-0.8249340528819908,0.5313527662317834,0.192738284244528,0.1683789068592182,-0.0944945847894424,0.9811826115307821,-1.4762694835662842,1.1651723070826847e-05,-8.84116452652961e-05
8.57,0.38382423986569847,0.00017099742899517878,0.3840068890177645,0.0,66.23921966552734,-48.063072204589844,-43.03728103637695,8.225255966186523,-7.060060501098633,-5.042458534240723,0.5395659406019058,0.8419389781878226,0.0027115955498665106,-0.8249346334243892,0.5280189435320413,0.2016899745854408,0.1683788772956672,-0.11106192992809216,0.9794456602595665,-1.3359471559524536,1.0323743481421843e-05,-8.66350601427257e-05
8.58,0.34734109867589724,0.0001681082485447405,0.3475195306679234,0.0,66.33783721923828,-48.147727966308594,-43.09708786010742,8.211151123046875,-7.049932479858398,-4.925755500793457,0.5395650884998605,0.8418017718333435,0.015469072705925901,-0.824935193823743,0.5249013265695457,0.20966764976150887,0.1683788622812298,-0.12589032649006282,0.9776503385327006,-1.191989779472351,9.455344297748525e-06,-8.48959170980379e-05
8.59,0.3099126149906624,0.00016506416204720153,0.31008713449700737,0.0,66.43628692626953,-48.232261657714844,-43.15549087524414,8.197517395019531,-7.040008068084717,-4.80786657333374,0.5395640939239813,0.8415169402048535,0.02682960857437247,-0.8249358362229906,0.5220226380611679,0.21673308807548036,0.16837890207228484,-0.13907409787562847,0.9758621524769838,-1.0607529878616333,8.79424624145031e-06,-8.31934084999375e-05
8.6,0.27579137972090395,0.00016198969387914985,0.27596216366102455,0.0,66.53457641601562,-48.316688537597656,-43.21247482299805,8.18436050415039,-7.030403137207031,-4.689553260803223,0.5395632008684155,0.8411346936136449,0.03693209265814426,-0.8249364127987681,0.5193817537169934,0.2229854451406215,0.16837893902543338,-0.15078136856170346,0.974121918338423,-0.9434995651245117,8.46043349156389e-06,-8.15261882962659e-05
8.61,0.24530565671562726,0.00015882215984674986,0.24547293930896558,0.0,66.6327133178711,-48.400997161865234,-43.268035888671875,8.171675682067871,-7.021108150482178,-4.570932865142822,0.5395621847160708,0.8406929603707637,0.04591290894140857,-0.8249370609488497,0.5169697801486657,0.22851934685298336,0.1683790197664023,-0.16117565819962304,0.9724561238978465,-0.8391290307044983,7.70693259255495e-06,-7.98929322627373e-05
8.62,0.2181696945168733,0.00015593239822919713,0.21833333384769504,0.0,66.73069763183594,-48.48519515991211,-43.322174072265625,8.15945816040039,-7.012107849121094,-4.452066421508789,0.5395613835354844,0.8402194700993981,0.05389578335232452,-0.8249375702594581,0.5147752043611654,0.233419138352754,0.1683790918484111,-0.17040460979916935,0.9708814296233589,-0.7462912797927856,7.153168553486466e-06,-7.829307287465781e-05
8.63,0.19403215616184752,0.00015300956147257239,0.19419231889187358,0.0,66.82854461669922,-48.56929016113281,-43.37488555908203,8.14769458770752,-7.003389358520508,-4.333006858825684,0.5395607535133271,0.8397346275649029,0.060991380838313715,-0.824937965362005,0.5127844868017647,0.23775917101101698,0.16837917499657076,-0.17859962307878605,0.9694073591961172,-0.6637229919433594,6.4169748839049134e-06,-7.672586798435077e-05
8.64,0.1725647694178315,0.00015024324852674908,0.17272142964124215,0.0,66.9262466430664,-48.653282165527344,-43.42616653442383,8.136373519897461,-6.994941711425781,-4.213800430297852,0.5395600340554414,0.8392531837050065,0.06729831566318692,-0.8249384216805099,0.5109831205766089,0.24160474109805918,0.16837924481764502,-0.18587722863977107,0.9680382666960217,-0.5902904272079468,5.782597781944787e-06,-7.519067003158852e-05
8.65,0.1534726197751752,0.00014749004117220466,0.15362589241412936,0.0,67.0238265991211,-48.7371711730957,-43.476016998291016,8.125480651855469,-6.98675537109375,-4.094485282897949,0.5395593492990471,0.8387852377054703,0.0729042769072323,-0.8249388547654415,0.5093567808296973,0.24501337865734907,0.1683793172639403,-0.19234082985727513,0.9667747466124382,-0.5249828696250916,5.368009169615107e-06,-7.368657679762691e-05
8.66,0.136492862097939,0.00014468914901044627,0.13664291925611907,0.0,67.12126922607422,-48.82096481323242,-43.52443313598633,8.115004539489746,-6.978823184967041,-3.9750945568084717,0.5395586724349394,0.8383376450196318,0.07788730283674838,-0.8249392780365867,0.507891194431781,0.24803572761022513,0.16837941249666108,-0.19808212327617153,0.965614750242395,-0.46690064668655396,4.856142822973197e-06,-7.221289706649259e-05
8.67,0.12139174006709255,0.00014199772272149858,0.12153859393263702,0.0,67.21857452392578,-48.904666900634766,-43.571414947509766,8.104927062988281,-6.971138000488281,-3.8556580543518066,0.5395580335305336,0.837914721724372,0.08231675145577608,-0.8249396689447507,0.5065726325135216,0.25071639473645524,0.16837954464242091,-0.203182398612402,0.9645544265826175,-0.4152441620826721,4.293300207791617e-06,-7.076900510583073e-05
8.68,0.10796133549139086,0.00013939136010776565,0.10810502015170642,0.0,67.31578826904297,-48.988277435302734,-43.616966247558594,8.095236778259277,-6.963694095611572,-3.7362000942230225,0.5395572401951216,0.8375190707210478,0.08625422152901387,-0.8249401553825164,0.5053878440074682,0.2530945814650182,0.16837970361802373,-0.2077135847941473,0.9635887826772741,-0.3693028688430786,3.5505179312167456e-06,-6.935428245924413e-05
8.69,0.09601697064023483,0.0001369333059528799,0.09615745446411893,0.0,67.41287994384766,-49.071800231933594,-43.66108703613281,8.085919380187988,-6.956485271453857,-3.61674165725708,0.5395564747583943,0.8371516854593577,0.08975447665075459,-0.8249406212563541,0.5043246906213479,0.25520497219071214,0.1683798739382904,-0.21173960886484713,0.9627120836939188,-0.3284447193145752,3.005673761435901e-06,-6.796813249820843e-05
8.7,0.08539412418490884,0.00013443342811569892,0.08553156328678597,0.0,67.50984954833984,-49.155235290527344,-43.703773498535156,8.076960563659668,-6.9495062828063965,-3.497300624847412,0.5395557410612668,0.8368126877701086,0.09286618262206,-0.8249410613117737,0.5033716903714871,0.25707817234132513,0.16838006903915795,-0.21531713104051492,0.9619182321958817,-0.29210731387138367,2.716650669754017e-06,-6.660989311058074e-05
8.71,0.07594654328122488,0.00013186146088628448,0.07608112139278092,0.0,67.60672760009766,-49.238590240478516,-43.745025634765625,8.068347930908203,-6.942752361297607,-3.3778910636901855,0.5395549488163238,0.8365015698541041,0.09563253023649343,-0.8249415473876778,0.5025181619662635,0.2587410680345745,0.16838022627802324,-0.21849627119396758,0.9612010605866464,-0.25979021191596985,2.4489854695275426e-06,-6.527893128804862e-05
8.72,0.0675442306054174,0.00012933336984133348,0.06767601296072825,0.0,67.70349884033203,-49.321861267089844,-43.78484344482422,8.06006908416748,-6.936219215393066,-3.2585253715515137,0.53955423874233,0.8362171938864437,0.09809193699722007,-0.8249419842684939,0.5017544478666205,0.26021759478794415,0.16838036122524686,-0.22132166341039616,0.9605544103583673,-0.23104874789714813,2.195417209804873e-06,-6.39745921944268e-05
8.73,0.06007157674465361,0.00012685147578395117,0.06020062363764737,0.0,67.8001708984375,-49.405059814453125,-43.8232307434082,8.052109718322754,-6.929902076721191,-3.1392135620117188,0.5395534928025632,0.8359582758682662,0.10027855908373472,-0.8249424398925918,0.5010714604397993,0.2615288939998486,0.16838051926696235,-0.22383286742585912,0.9599723163671471,-0.20548710227012634,2.006880094995722e-06,-6.269639561651275e-05
8.74,0.05342564315018535,0.00012438935118552763,0.053552039381465875,0.0,67.8967514038086,-49.488182067871094,-43.86018753051758,8.04446029663086,-6.923795223236084,-3.019963264465332,0.539552791610163,0.8357232260793578,0.10222267095508111,-0.8249428708385681,0.5004611289893074,0.2626935823794888,0.16838065482204753,-0.22606491935339842,0.9594491165869298,-0.18275348842144012,1.7712810631564935e-06,-6.144378130557016e-05
8.75,0.047515021349042855,0.00012200192207956206,0.04763879455218557,0.0,67.99324035644531,-49.571231842041016,-43.89570999145508,8.037108421325684,-6.917895317077637,-2.90078067779541,0.5395520960798526,0.8355104261895056,0.10395125465557642,-0.8249432936859508,0.4999159646020018,0.2637282513092318,0.16838081190685844,-0.2280490211877283,0.9589794294545145,-0.16253502666950226,1.5362167005150695e-06,-6.021623994456604e-05
8.76,0.04225833882572033,0.00011966437153887455,0.04237953941395972,0.0,68.08964538574219,-49.65421676635742,-43.929805755615234,8.030041694641113,-6.912197113037109,-2.781670570373535,0.5395513793705082,0.8353182273328723,0.1054882368079485,-0.8249437276043692,0.4994292152935741,0.2646475112247482,0.16838098261261664,-0.22981278901904642,0.9585582542014319,-0.14455345273017883,1.3265821507957298e-06,-5.901325130253099e-05
8.77,0.0375832344187711,0.00011736321152966411,0.03770192421245156,0.0,68.18596649169922,-49.737125396728516,-43.96247100830078,8.0232515335083,-6.90669584274292,-2.6626365184783936,0.53955066347842,0.8351449661850593,0.10685488756137014,-0.824944160227932,0.49899481599826156,0.2654643217321172,0.16838115703910786,-0.2313807664059772,0.9581809468422725,-0.12856124341487885,1.1458517974460847e-06,-5.7834346080198884e-05
8.78,0.03342535036196978,0.00011509576626167473,0.0335415919800289,0.0,68.28221130371094,-49.81997299194336,-43.993709564208984,8.01672649383545,-6.901386737823486,-2.5436806678771973,0.5395500905406965,0.8349889562525972,0.10807008251003009,-0.824944502733514,0.498607416822871,0.26619017881766255,0.1683813148994916,-0.23277475555872063,0.9578432261948174,-0.11433829367160797,1.0055646271212026e-06,-5.6679025874473155e-05
8.79,0.029727453572304514,0.00011285526943538571,0.02984131440636702,0.0,68.37837219238281,-49.90275955200195,-44.023521423339844,8.010457038879395,-6.896264553070068,-2.424804210662842,0.5395495899045658,0.8348487130321212,0.10915065910211395,-0.8249447944992587,0.4982619836598272,0.26683530813584216,0.16838148966674044,-0.23401414911920412,0.957541148958949,-0.10168895125389099,8.671274258631456e-07,-5.554681411013007e-05
8.8,0.026438693762298727,0.00011066006450732857,0.02655022095423192,0.0,68.4744644165039,-49.9854850769043,-44.05190658569336,8.004433631896973,-6.891324043273926,-2.3060073852539062,0.5395490652554993,0.8347228612481635,0.11011153932080034,-0.8249451047620912,0.497953990530703,0.2674086712199349,0.16838165075500253,-0.23511607393844375,0.9572711483507652,-0.09043902903795242,7.451918122569623e-07,-5.443723784992471e-05
8.81,0.0235137749539615,0.00010850187979372095,0.02362302202556748,0.0,68.57048034667969,-50.06814956665039,-44.0788688659668,7.998646259307861,-6.886560440063477,-2.1872901916503906,0.5395485127250148,0.83461005905177,0.11096599364591558,-0.8249454339320561,0.4976794347959712,0.26791829205153966,0.16838180855091234,-0.23609580578816597,0.9570299561865138,-0.08043374866247177,6.430568646464963e-07,-5.334983143256977e-05
8.82,0.020912453123810338,0.0001063781344328163,0.0210194743151078,0.0,68.66642761230469,-50.150760650634766,-44.10440444946289,7.993084907531738,-6.8819684982299805,-2.0686514377593994,0.5395479990983723,0.8345090155917876,0.11172582317874699,-0.8249457368576165,0.49743478847972955,0.2683713145076632,0.16838197026222032,-0.23696694728622486,0.9568145995878513,-0.0715353786945343,5.585896474258334e-07,-5.2284158300608397e-05
8.83,0.018598919165755207,0.00010428902177750388,0.018703766777180136,0.0,68.76231384277344,-50.23331832885742,-44.128517150878906,7.987740993499756,-6.877542495727539,-1.9500900506973267,0.5395474236121619,0.8344186440319677,0.11240153097414037,-0.8249460795648259,0.4972167422254815,0.2687740260168436,0.16838213528786883,-0.23774153558545758,0.9566224013545608,-0.06362144649028778,4.943482849739667e-07,-5.123977462062612e-05
8.84,0.016541328913332338,0.00010223237509876526,0.016644055636716077,0.0,68.85813903808594,-50.31582260131836,-44.151206970214844,7.982605457305908,-6.873276710510254,-1.8316038846969604,0.5395469120306209,0.8343378123926456,0.113002409399429,-0.8249463821671282,0.4970225464906275,0.2691320397673577,0.16838229202498708,-0.23843028979520778,0.9564509400071628,-0.05658302828669548,4.418869821165572e-07,-5.0216272938996553e-05
8.85,0.5035854669325859,0.488974312123923,0.5036861204219549,0.48887410052153607,68.95390319824219,-50.398284912109375,-44.17250442504883,7.9766435623168945,-6.871599197387695,-1.7218433618545532,0.5395463755358807,0.834265608138275,0.1135367945811783,-0.8249466958369115,0.4968495218327448,0.2694503696088299,0.16838247436671241,-0.23904277385490477,0.9562980155756344,-0.05032337084412575,6.876468319205742e-07,-4.9213173042517155e-05
8.86,0.9168206531249857,0.9038350030515981,0.9169194232944867,0.9037369205289291,69.04957580566406,-50.48075485229492,-44.192596435546875,7.968545913696289,-6.875500679016113,-1.6314853429794312,0.5395458680504994,0.8342011282062483,0.11401199046177288,-0.8249469974023922,0.49669545422424366,0.2697333446753473,0.16838262305359922,-0.23958736079433454,0.9561616959495893,-0.044755980372428894,1.0436073694108927e-07,-4.8229790991172194e-05
8.87,1.1773860215672403,1.1658459262523913,1.177482533329591,1.1657495188507774,69.1451416015625,-50.56330871582031,-44.211708068847656,7.958644866943359,-6.884048938751221,-1.5572795867919922,0.5395452907437456,0.8341436334053652,0.11443460178435054,-0.8249473386194662,0.4965581627780006,0.26998496158711627,0.1683828012028158,-0.24007163478393803,0.956040188711364,-0.03980179503560066,-5.801414317829767e-07,-4.726616680272855e-05
8.88,1.520415112223183,1.5101611778475323,1.5205093544860726,1.510066355443211,69.24058532714844,-50.6459846496582,-44.230010986328125,7.947185039520264,-6.896557807922363,-1.4968359470367432,0.5395447539481477,0.8340923393582687,0.1148103998376605,-0.8249476548420842,0.49643593952878506,0.27020866883710043,0.16838297199413638,-0.24050223983992994,0.9559319261194276,-0.03539884835481644,-1.5013296206234372e-06,-4.632150739780627e-05
8.89,1.5990359041111333,1.5899248465536768,1.5991277964611186,1.589831452874071,69.33587646484375,-50.72883224487305,-44.2476692199707,7.93450403213501,-6.912141799926758,-1.447069764137268,0.539544182770223,0.8340466331762243,0.1151446417607748,-0.8249479906209455,0.49632704638414304,0.2704076104662315,0.1683831571425027,-0.24088519405517142,0.9558354647509819,-0.03148449584841728,1.6134151792357443e-07,-4.5396362111205235e-05
8.9,1.6955035477628033,1.6874083715664374,1.6955944211577847,1.687317659512974,69.4310073852539,-50.81188201904297,-44.26475524902344,7.92130708694458,-6.929096221923828,-1.4019758701324463,0.5395436425266935,0.8340058899077243,0.11544190490568196,-0.824948311404448,0.49623010100061826,0.27058449765621484,0.16838331663195566,-0.2412257499939449,0.9557495468060037,-0.028003234416246414,1.0615235623845365e-06,-4.44898396381177e-05
8.91,1.8271396652535832,1.8199478039846353,1.8272291756946406,1.8198593550671402,69.5259780883789,-50.895137786865234,-44.28133010864258,7.907540798187256,-6.947519779205322,-1.361923336982727,0.5395430915651978,0.8339696078761951,0.11570628973004828,-0.8249486397956767,0.49614375316845827,0.2707417919183864,0.16838347319001193,-0.24152860975615548,0.9556730280936714,-0.02490467205643654,8.043477350838657e-08,-4.3600342905847356e-05
8.92,1.8913379869157374,1.8849499728668755,1.8914252278189359,1.8848628123984505,69.62078094482422,-50.97862243652344,-44.297454833984375,7.893238067626953,-6.967305660247803,-1.326560378074646,0.5395425678584824,0.8339372907644188,0.11594141857496798,-0.8249489538318134,0.49606688473345406,0.27088165209670884,0.16838361274325747,-0.24179793411720257,0.9556048963960899,-0.02215058170258999,-1.000819906948891e-07,-4.2728890548460186e-05
8.93,1.9028368717512858,1.8971631782897094,1.9029222794913874,1.897077670467617,69.71541595458984,-51.062347412109375,-44.31317138671875,7.878695964813232,-6.987741470336914,-1.2933861017227173,0.5395420073356247,0.8339085484204327,0.11615057120639238,-0.8249492918670931,0.49599838262519913,0.2710060336619243,0.16838375268483058,-0.24203747086869226,0.9555442294981749,-0.019703026860952377,3.191225914633833e-06,-4.18752315454185e-05
8.94,1.9142227204538995,1.9091836839331429,1.9143080665299477,1.9091015290830093,69.80986785888672,-51.146324157714844,-44.32849884033203,7.864091873168945,-7.008406639099121,-1.2609323263168335,0.5395416426439339,0.8338828593279496,0.11633654959697126,-0.8249495114043149,0.4959375725685833,0.27111663126514995,0.1683838456826181,-0.242250492329374,0.9554902299235237,-0.017521534115076065,2.7016242256650003e-06,-4.103811806999147e-05
8.95,1.9080120859108334,1.9035385632770536,1.9080955129590862,1.9034578378530265,69.9041519165039,-51.230552673339844,-44.34343338012695,7.849483013153076,-7.029165744781494,-1.228728175163269,0.5395412788407778,0.8338600061361667,0.11650192527786823,-0.8249497330279332,0.49588344189082023,0.2712149517184762,0.16838392561049226,-0.24243989404614408,0.9554421758384412,-0.015581481158733368,2.1659670892404392e-06,-4.021861241199076e-05
8.96,1.904872832446451,1.9009020845700042,1.9049543526548196,1.9008227303287248,69.99826049804688,-51.315025329589844,-44.35798263549805,7.834918975830078,-7.049905776977539,-1.1963804960250854,0.5395408844904427,0.8338396993142887,0.11664900261351446,-0.8249499765643487,0.4958352192121124,0.2713023618683725,0.16838399606183374,-0.24260830825908125,0.9553994131429614,-0.013860570266842842,4.178888502792688e-06,-3.9415604987880215e-05
8.97,1.9046494138075758,1.9011244967481726,1.904730334461803,1.9010477549824483,70.09219360351562,-51.39974594116211,-44.37214660644531,7.820390701293945,-7.070647716522217,-1.1639671325683594,0.5395405251855774,0.8338216135743851,0.11677987163325748,-0.8249501946930436,0.49579228340616754,0.27138015401058346,0.16838407869623795,-0.2427581686598975,0.955361331429377,-0.012324808165431023,2.9920179258624557e-06,-3.8628499169135466e-05
8.98,1.9103788485578554,1.9072516554331818,1.9104576015651566,1.9071758944438064,70.18595123291016,-51.48472213745117,-44.38591766357422,7.805877685546875,-7.091442108154297,-1.1316676139831543,0.5395401562903581,0.8338055534040245,0.11689618840143742,-0.8249504197990292,0.49575406446851267,0.27144928151747894,0.16838415787591673,-0.24289134746951824,0.9553274667363334,-0.010957769118249416,8.568339353587362e-07,-3.785711305681616e-05
8.99,1.9042744386638317,1.9015011329192004,1.904350581306913,1.9014258471100545,70.27953338623047,-51.569942474365234,-44.3993034362793,7.79138708114624,-7.112270355224609,-1.0994256734848022,0.5395398284625798,0.8337912600939666,0.11699960723645653,-0.8249506184509102,0.4957200729331629,0.2715107482377082,0.16838423506976685,-0.24300976087814816,0.955297338789298,-0.009748982265591621,1.7260805407204316e-07,-3.7100471672602e-05
9.0,1.9070062240708407,1.904545689625132,1.907080511318213,1.9044715749858139,70.3729476928711,-51.65541458129883,-44.41230010986328,7.7769341468811035,-7.13309907913208,-1.0671226978302002,0.5395394267061185,0.8337786093584071,0.11709157786106468,-0.8249508617047349,0.49568972978493786,0.27156540199066354,0.16838433063158906,-0.24311503935811157,0.9552705348934696,-0.00866925623267889,-1.7553472844156204e-06,-3.6359611840453e-05
9.01,1.9010910825352287,1.8989097951384133,1.9011629240852674,1.8988361982410902,70.46617889404297,-51.74113845825195,-44.42491149902344,7.762515544891357,-7.153936386108398,-1.0347920656204224,0.5395391044419396,0.8337673243018067,0.11717339162367717,-0.8249510478706721,0.4956627534298932,0.2716140708420257,0.1683844511677662,-0.2432087247384492,0.9552466659538924,-0.007710858713835478,-2.2163440007716417e-06,-3.5633533116197214e-05
9.02,1.8979273321856827,1.8959937759863177,1.8979974910799147,1.895921400748085,70.55924224853516,-51.82710647583008,-44.4371337890625,7.748149871826172,-7.174740791320801,-1.0022902488708496,0.5395387700707936,0.8337573164834421,0.11724612062164266,-0.8249512424455044,0.4956387217713276,0.2716573302314943,0.16838456929930898,-0.2432919947125555,0.9552254404750075,-0.006857751403003931,-8.434459459749633e-07,-3.4921267797471955e-05
9.03,1.8978167972760795,1.8961036244468934,1.8978862180887015,1.8960333601883255,70.65213775634766,-51.913330078125,-44.44896697998047,7.733824729919434,-7.195540428161621,-0.9697169661521912,0.5395384672978996,0.8337484136235979,0.11731080549534852,-0.8249514259598848,0.49561734987084327,0.2716957624140552,0.16838464037015388,-0.24336603149810404,0.9552065680261405,-0.006097735837101936,-3.5776423601419083e-07,-3.422354711801745e-05
9.04,1.9007585715527642,1.8992416073293537,1.9008268397648822,1.8991729813529996,70.74485778808594,-51.99980163574219,-44.46040725708008,7.719524383544922,-7.216372013092041,-0.9372058510780334,0.5395383005617835,0.8337404276141542,0.11736831594885225,-0.8249515200535875,0.4955984352856436,0.2717299771900355,0.16838471364164234,-0.24343190075293936,0.9551897706255198,-0.005421576090157032,-5.032318313169526e-07,-3.354003274580464e-05
9.05,1.9035593906669324,1.9022168609489831,1.9036262191165083,1.9021495292675759,70.83740997314453,-52.08652114868164,-44.471458435058594,7.705237865447998,-7.237258434295654,-0.9048371315002441,0.5395381104230124,0.8337333489882409,0.11741946255207258,-0.8249516351854581,0.49558157966249683,0.27176036779498086,0.16838475882930787,-0.24349045296289681,0.9551748386080525,-0.004825500771403313,2.1698263026337372e-06,-3.287073195679113e-05
9.06,1.89755390191175,1.8963650131750986,1.897620728288815,1.8963003566243364,70.9297866821289,-52.17349624633789,-44.482120513916016,7.69098424911499,-7.258155822753906,-0.872459888458252,0.5395379598437946,0.8337270333320047,0.11746498958843109,-0.8249517215361445,0.49556658550163135,0.2717874472244915,0.1683848182650306,-0.24354259016785668,0.9551615359467654,-0.004289594944566488,1.414108396602387e-06,-3.221437873435207e-05
9.07,1.89459707943696,1.8935462135088412,1.894662215248627,1.8934824918055708,71.0219955444336,-52.26071548461914,-44.49239730834961,7.676783561706543,-7.279017448425293,-0.8399118781089783,0.5395377738146534,0.8337214506993121,0.11750546060061376,-0.8249518280428018,0.4955532017346236,0.2718115259870398,0.16838489254077274,-0.243588930155699,0.9551497061035168,-0.0038139047101140022,8.13883332284604e-07,-3.157104583806358e-05
9.08,1.8974240330956436,1.8964955599626903,1.8974875821289858,1.8964328248126803,71.1140365600586,-52.34819412231445,-44.502281188964844,7.662616729736328,-7.299886703491211,-0.8073465824127197,0.5395375291753469,0.8337165409935196,0.11754141348972484,-0.8249519734691987,0.49554123776516945,0.27183289562420154,0.168384963938696,-0.24363006987636926,0.955139200834831,-0.0033913287334144115,-1.0243959422950866e-06,-3.093976556556299e-05
9.09,1.9004101890687637,1.8995903231292073,1.9004715564019237,1.899527931400105,71.20590209960938,-52.435916900634766,-44.511775970458984,7.648465633392334,-7.320805549621582,-0.774914026260376,0.5395374136104503,0.8337121052130032,0.11757340233168553,-0.8249520351370989,0.49553068291577373,0.271851948700365,0.1683850321070874,-0.24366671481827265,0.9551298409388986,-0.00301963253878057,-2.8156355824648927e-07,-3.0321434678626247e-05
9.1,1.8973223011862523,1.8965978395955267,1.8973828032738305,1.8965370559443904,71.29759979248047,-52.52389144897461,-44.52088165283203,7.634340763092041,-7.34174919128418,-0.7425259351730347,0.5395372413965056,0.8337082021850291,0.11760186544292406,-0.8249521359035097,0.4955212288134777,0.27186887512809954,0.16838509023807907,-0.24369929299156323,0.9551215189602453,-0.002685210667550564,-2.2362964955391362e-06,-2.9715491109527647e-05
9.11,1.8943919209697957,1.8937531971784516,1.894450233803767,1.8936926480479848,71.38912200927734,-52.612117767333984,-44.529598236083984,7.620259761810303,-7.362675189971924,-0.7100377678871155,0.5395370272414275,0.8337047733254794,0.11762715319939607,-0.824952254366754,0.49551275765951364,0.2718839550467712,0.16838519605563237,-0.24372824606716215,0.9551141124589936,-0.0023836996406316757,-3.167094519085367e-06,-2.9122524210833944e-05
9.12,1.894353550202701,1.8937920333445581,1.894410211703863,1.893732204748877,71.48048400878906,-52.70059585571289,-44.53792190551758,7.606217384338379,-7.383594512939453,-0.6774882674217224,0.5395367720771044,0.833701772397512,0.11764959106544243,-0.8249523979602331,0.4955051759760506,0.2718973366559596,0.16838531015584413,-0.24375392362419576,0.95510753951664,-0.0021191874984651804,-4.417369382281322e-06,-2.8541044230223633e-05
9.13,1.8914320576729158,1.8909381510117753,1.891486931076685,1.8908788602386237,71.57167053222656,-52.78932571411133,-44.54585647583008,7.5922112464904785,-7.404512405395508,-0.6448958516120911,0.5395366445977668,0.8336990313048843,0.11766959818695927,-0.8249524639224758,0.4954985105127513,0.2719092833058131,0.1683853954605895,-0.24377684730290172,0.9551016738099869,-0.0018915977561846375,2.4588148335169535e-06,-2.7970370865659788e-05
9.14,1.8942893226337296,1.8938534479588531,1.8943464927828777,1.8937987366245386,71.6626968383789,-52.87830352783203,-44.553401947021484,7.5782365798950195,-7.425439834594727,-0.6122993230819702,0.5395365093581013,0.8336965896937178,0.11768751591711167,-0.8249525466366636,0.4954925361196254,0.27191991918104313,0.1683854235596386,-0.24379733998304115,0.9550964381411097,-0.0016927056713029742,4.11692008128739e-06,-2.7410911570768803e-05
9.15,1.8971516115956784,1.896766329944281,1.8972084918788605,1.89671356658118,71.75354766845703,-52.96753692626953,-44.56055450439453,7.564276218414307,-7.446413993835449,-0.5798331499099731,0.5395363633225321,0.8336944267872954,0.11770350630503572,-0.8249526381202925,0.49548718285656945,0.27192939613662653,0.16838544328731764,-0.2438156155143954,0.9550917694757243,-0.001505914842709899,5.1071956477244385e-06,-2.6863286620937288e-05
9.16,2.2532941742985644,1.534847272103611,1.5352413635605393,2.252905190037284,71.84423828125,-53.0570182800293,-44.567317962646484,7.550340175628662,-7.467409610748291,-0.5474095940589905,0.539529055275592,0.8336971440327028,0.11771775798553819,-0.8249569931068679,0.49547531974646686,0.27193779995839346,0.16838752340212743,-0.2438304319683065,0.9550876202781853,-0.0013396963477134705,4.89593685415457e-06,-0.002797978464514017
9.17,2.6942862308037476,1.2521156848641886,1.0884300902466577,2.529903994085406,71.93475341796875,-53.14675521850586,-44.573692321777344,7.536445617675781,-7.488387107849121,-0.5148882269859314,0.5394534755347842,0.8337389570130811,0.11776798925082031,-0.8250159466004783,0.49540448205593957,0.27188800454194895,0.1683408316136004,-0.243831398137372,0.955095604478429,-0.001193395466543734,0.02267671562731266,-0.012208225205540657
9.18,2.9968922827528273,1.0769984503426073,0.797338000068474,2.7166112668360913,72.02510833740234,-53.23674011230469,-44.57967758178711,7.522572994232178,-7.509379863739014,-0.48240843415260315,0.5391839763923747,0.8338631078724252,0.11812263513419954,-0.8253043869641292,0.49520844222796834,0.2713692458697403,0.16778947660526836,-0.24380507803466464,0.9551993380782051,-0.0010552145540714264,0.0928327664732933,-0.027753187343478203
9.19,3.2732296171120456,0.8804616360149435,0.5151887386720124,2.9074080082009974,72.11529541015625,-53.32698059082031,-44.585269927978516,7.508693218231201,-7.530368328094482,-0.45003682374954224,0.5386056182895305,0.8341038228888225,0.11905797154833728,-0.8259916591985694,0.4948343509329227,0.2699569300299359,0.166258133278788,-0.24374121067034435,0.9554833621469333,-0.0008817135822027922,0.2004450559616089,-0.048137590289115906
9.2,3.3035530412134406,0.8369807944421181,0.4905962043179317,2.956709960026509,72.20531463623047,-53.4174690246582,-44.590476989746094,7.494775295257568,-7.551258087158203,-0.41770216822624207,0.5376293331845273,0.8344886300276253,0.12076185844122111,-0.8271931673348427,0.4942391105565054,0.2673558780181676,0.16342020687207387,-0.2436317465991069,0.956000736419673,-0.0006134415743872523,0.3245621919631958,-0.07165683060884476
9.21,3.2842241869868447,0.8112328988497393,0.5098553078224959,2.9825276063409203,72.295166015625,-53.50821304321289,-44.59529495239258,7.4807538986206055,-7.571975231170654,-0.38549503684043884,0.5362278305574489,0.8350276291842444,0.12324192563649725,-0.8289134927215176,0.49340559592884004,0.2635400149698732,0.15925493813337974,-0.2434743855214472,0.9567434809159073,-0.0001827307278290391,0.44082996249198914,-0.09589856117963791
9.22,3.2360595213738006,0.80410004283475,0.557907988615435,2.9897724471760143,72.38484954833984,-53.59920120239258,-44.599727630615234,7.46657657623291,-7.592405796051025,-0.3533780574798584,0.5344067992819144,0.8357217177032428,0.1264064216739056,-0.831096339744785,0.4923300501324177,0.25863100316750864,0.15390986629868963,-0.24327008097123773,0.9576697869099593,0.00045626243809238076,0.540598452091217,-0.12008726596832275
9.23,3.1854274432555574,0.802011512517016,0.6083739285105387,2.992027115716888,72.47435760498047,-53.690433502197266,-44.60377502441406,7.452188968658447,-7.612457275390625,-0.3213609457015991,0.5321845306753974,0.836567961318673,0.1301294409613993,-0.8336646699694903,0.4910139578408511,0.2528013276272965,0.1475901194337473,-0.2430212733498494,0.9587271860883835,0.0013267245376482606,0.6215208172798157,-0.1438804715871811
9.24,3.1400759408120615,0.8120363778207578,0.6595791108081497,2.9883085705590307,72.5636978149414,-53.78190231323242,-44.60744094848633,7.43753719329834,-7.632064342498779,-0.2895083427429199,0.5295822327083249,0.8375621448602255,0.13428444547602733,-0.8365415914442986,0.48946021118942984,0.24622523722445477,0.1405020447662804,-0.24273103460319478,0.9598650010584597,0.0024113752879202366,0.6853815913200378,-0.1671794354915619
9.25,3.1023580515273625,0.813634789176255,0.690934990897778,2.9809121683986044,72.6528549194336,-53.87360382080078,-44.61072540283203,7.422585964202881,-7.65115213394165,-0.2577937841415405,0.5266192158424805,0.8386992019361342,0.13876545022858813,-0.8396617356123698,0.4876723841705901,0.23904772633471208,0.13281705934808943,-0.24240316497328215,0.9610412760943527,0.0036990088410675526,0.735942006111145,-0.19000297784805298
9.26,3.0659851949293673,0.8308074383786963,0.7330530627719549,2.9701543039199807,72.74182891845703,-53.96553039550781,-44.61362838745117,7.407308101654053,-7.6696553230285645,-0.2261863499879837,0.5233101535805934,0.8399743645125374,0.1434905924484765,-0.8429739763070107,0.4856532302265749,0.23137807856329248,0.12466498477360594,-0.24204133310708012,0.9622237965458681,0.005167079623788595,0.7762782573699951,-0.21237824857234955
9.27,3.028062284915877,0.8457258591263976,0.7705942743819378,2.955617581575787,72.83061981201172,-54.057674407958984,-44.616153717041016,7.391665458679199,-7.6875457763671875,-0.19476641714572906,0.5196681499276283,0.841382520050035,0.14839295436457986,-0.8464360037319473,0.483405452592913,0.22330530667615558,0.11615121840552049,-0.24164979486375163,0.9633868750949537,0.006782867945730686,0.8078754544258118,-0.2342412769794464
9.28,2.999849904762974,0.8539505498423019,0.7923065495711363,2.941732995823588,72.91922760009766,-54.150028228759766,-44.61830520629883,7.375653266906738,-7.704753875732422,-0.16341710090637207,0.5157060582077062,0.8429182412194648,0.15341479768051763,-0.8500115957813813,0.4809319485242165,0.21490637013799782,0.10736642196264058,-0.24123287402048768,0.9645097987717677,0.008533322252333164,0.8325420618057251,-0.2556522488594055
9.29,2.9632287219781777,0.8606064289371409,0.8108406142362152,2.9179002348484655,73.00763702392578,-54.242584228515625,-44.62007522583008,7.359282970428467,-7.721202850341797,-0.13194894790649414,0.5114331151472375,0.8445765115328803,0.15851398959632254,-0.8536735685562149,0.47823460231042103,0.20623555343706146,0.09837482950069075,-0.2407948947132063,0.965577656949852,0.010385205037891865,0.8523029685020447,-0.2766728401184082
9.3,2.9434278865556998,0.8833282655569137,0.8420159601344477,2.907515887752938,73.0958480834961,-54.33533477783203,-44.62146759033203,7.342523097991943,-7.736888408660889,-0.10046760737895966,0.506857562948235,0.8463520643350043,0.16365694020741306,-0.8573995619928648,0.4753153426609841,0.19733554197233433,0.08922668870141726,-0.24034040073809493,0.9665790654656412,0.012324613519012928,0.8681202530860901,-0.2972791790962219
9.31,2.9190667396929655,0.9046113155821711,0.8716488607920909,2.8925130839327724,73.18385314941406,-54.42826843261719,-44.62248992919922,7.325314044952393,-7.751843452453613,-0.06926161050796509,0.5019867171807015,0.8482395164417346,0.1688166417176769,-0.861171026814226,0.4721760814848567,0.18823976904293463,0.07996123029239706,-0.23987386439605732,0.9675054164343619,0.01432869117707014,0.8807044625282288,-0.31746041774749756
9.32,2.893063645858335,0.9194917592411866,0.8913548944356262,2.872377700464851,73.27165222167969,-54.52137756347656,-44.623130798339844,7.307667255401611,-7.7660112380981445,-0.038183242082595825,0.4968282505576217,0.850233099672412,0.17396943889458155,-0.8649714003647823,0.4688191179730741,0.17897796281647824,0.07061278920167965,-0.23939989733579956,0.9683498970706651,0.016385210677981377,0.8906288743019104,-0.33721867203712463
9.33,2.87939403199926,0.9381642581225118,0.9163458132244644,2.8660958966537633,73.35923767089844,-54.61465072631836,-44.62340545654297,7.289571285247803,-7.7793684005737305,-0.007234692573547363,0.4913884674417939,0.8523272185461259,0.1790968637096399,-0.8687871241733651,0.4652462890985609,0.16957247226655622,0.061207082398843295,-0.23892300643814632,0.9691075740384958,0.018479807302355766,0.898364245891571,-0.35661080479621887
9.34,2.441504849690673,1.223240300090814,1.3536904004107142,2.5815644498077983,73.44660186767578,-54.70808029174805,-44.623313903808594,7.271000385284424,-7.79190731048584,0.023494847118854523,0.4856922234988512,0.8545125062773546,0.18415059231057646,-0.8725920255688242,0.46146607201777345,0.1601006598680459,0.05182876562719403,-0.23844798382892912,0.9697712813140427,0.02057863399386406,0.8835198283195496,-0.37301963567733765
9.35,1.3003851848235726,2.0517749010166524,2.488184370338023,1.7474955438217519,73.53373718261719,-54.80165481567383,-44.62284469604492,7.251985549926758,-7.803581714630127,0.05419361591339111,0.47991160581842873,0.8567474147765604,0.18886163685210805,-0.8762625110091873,0.4575457065676195,0.15104945614404489,0.04299839997780096,-0.23798275919742237,0.9703171357469323,0.022435883060097694,0.7968414425849915,-0.3779396116733551
9.36,1.3228213628825842,2.08453391582492,2.47712130752179,1.7270754137707054,73.62065124511719,-54.89535903930664,-44.622005462646484,7.232536792755127,-7.81443452835083,0.08480071276426315,0.4743880745597151,0.858948341347747,0.19277889306529516,-0.8795949425922476,0.453633889398266,0.14327955665600872,0.035618698483616984,-0.2375374523845789,0.9707251243441559,0.023562997579574585,0.6541891098022461,-0.3718566596508026
9.37,1.3496768732132909,2.0995165718855855,2.420484747416019,1.6828978074851033,73.70732116699219,-54.989200592041016,-44.62080001831055,7.212749004364014,-7.824549198150635,0.11548542976379395,0.46922090819710793,0.8610885857224765,0.19585246194303169,-0.8825765740046413,0.449780349398863,0.1369533800709818,0.029838403591870122,-0.23711618424962505,0.971022957935592,0.0238617192953825,0.5230786800384521,-0.3645907938480377
9.38,1.3956095126339492,2.130995147346824,2.3863304403492505,1.6633528996699747,73.79374694824219,-55.08314895629883,-44.61922836303711,7.192721843719482,-7.8340349197387695,0.1463780403137207,0.4643837373552009,0.8631665238081896,0.19822032352133345,-0.8852689665982545,0.4459899802692264,0.1318779522039742,0.02542835539460779,-0.23672027728173461,0.9712450303942791,0.023499762639403343,0.4150041341781616,-0.3573319613933563
9.39,1.4270460359189807,2.1478198969919386,2.349212025794774,1.6406580412943066,73.87992858886719,-55.17721176147461,-44.61729049682617,7.17245626449585,-7.843048095703125,0.17718178033828735,0.45983236178051123,0.8651832856261472,0.2000302010509954,-0.8877300809398725,0.4422629190409454,0.12782336967812077,0.022124702344761757,-0.23635014853925276,0.9714160307672655,0.0226743221282959,0.32847729325294495,-0.35020217299461365
9.4,1.4647308418154716,2.1710305115580555,2.3293738344311716,1.6348648121953009,73.96586608886719,-55.27138137817383,-44.614986419677734,7.1519951820373535,-7.851685523986816,0.20785975456237793,0.45552463332056115,0.8671406063785669,0.201406249177079,-0.890005208017927,0.4385984564303732,0.12458781528648961,0.019698683690409488,-0.23600542956954462,0.9715520568011576,0.021541280671954155,0.2597910165786743,-0.34321191906929016
9.41,1.483111960298687,2.175136531411975,2.2994313067266043,1.618608201562732,74.05155944824219,-55.36565399169922,-44.6123161315918,7.131377220153809,-7.86002254486084,0.23840731382369995,0.45142485586403003,0.8690401777661358,0.2024469533886415,-0.8921282829582424,0.43499612901497864,0.1220061247969221,0.017964583327139655,-0.2356852502177155,0.9716633864542263,0.020227298140525818,0.20540577173233032,-0.33636003732681274
9.42,1.468466970981836,2.1464461431519983,2.2438899315016267,1.576428954364538,74.13700866699219,-55.46002197265625,-44.6092643737793,7.110812664031982,-7.868009567260742,0.269692063331604,0.4475035614042834,0.8708837321871835,0.2032291503259433,-0.8941248151020046,0.43145552878179816,0.11994557808616889,0.01677431218527657,-0.23538829982677767,0.9717566417346319,0.018818827345967293,0.16238263249397278,-0.32964417338371277
9.43,1.3392897209378183,2.003470962815195,2.07976938395223,1.425373932294756,74.22221374511719,-55.554481506347656,-44.60582733154297,7.090907573699951,-7.875355243682861,0.3044905364513397,0.4437365673128837,0.8726730583154345,0.20381263974485167,-0.8960142422011661,0.42797608123927144,0.11830026060726415,0.016010515358621136,-0.23511317950608948,0.9718361262170123,0.017379755154252052,0.12835755944252014,-0.3230617940425873
9.44,0.5205414479267298,1.17118377235201,1.2308438157331645,0.5892389639880955,74.30719757080078,-55.649017333984375,-44.60189437866211,7.074875354766846,-7.880256175994873,0.3580278754234314,0.4401041590626197,0.874409973110306,0.2042437957466971,-0.8978115515496036,0.42455712628828757,0.11698574452438504,0.015580342739426975,-0.23485835186994136,0.97190473168776,0.015951007604599,0.10145463049411774,-0.3166103661060333
9.45,0.0,0.6373679941892624,0.6839480474591255,0.054874577224254595,74.39202880859375,-55.74359130859375,-44.59712600708008,7.065262317657471,-7.881319522857666,0.4423559606075287,0.4365907426713016,0.8760960909473451,0.20455845824727603,-0.8995282337673002,0.42119836780453257,0.11593485935765492,0.015410388353407425,-0.2346221949977857,0.9719644775120222,0.014570917002856731,0.08017964661121368,-0.3102874755859375
9.46,0.0,0.6243633895926177,0.6606647744774818,0.043878261726349566,74.47677612304688,-55.838165283203125,-44.59122085571289,7.058919906616211,-7.880400657653809,0.5424637198448181,0.4331829920129575,0.877733337928725,0.20478447919508164,-0.9011736883156519,0.41789870867988854,0.11509410398124639,0.015442762650066999,-0.23440319275167834,0.9720168024831429,0.01325706671923399,0.06335920095443726,-0.30409058928489685
9.47,0.0,0.6116280159167945,0.6398607790470123,0.035126437824219425,74.56144714355469,-55.93272399902344,-44.5840950012207,7.05296516418457,-7.879148483276367,0.6446568965911865,0.42987046222934977,0.8793233990146008,0.2049432742202934,-0.9027552470255071,0.41465748272964054,0.11442087215291423,0.015631688029158278,-0.23419976934601577,0.9720628160605836,0.012021241709589958,0.05006171017885208,-0.29801732301712036
9.48,0.0,0.5991601688787341,0.6210655011236668,0.028156377933919452,74.64604187011719,-56.02726364135742,-44.57574462890625,7.0470757484436035,-7.877740859985352,0.7474201321601868,0.42664483433656775,0.8808678112536097,0.2050514189933771,-0.9042787563818602,0.4114741529716808,0.11388130747718928,0.015941019114190033,-0.23401051372430393,0.9721033707256077,0.010868825018405914,0.03954951837658882,-0.29206520318984985
9.49,0.0,0.5869563008844852,0.6039051655679941,0.022600653693079953,74.73057556152344,-56.121788024902344,-44.566158294677734,7.041208744049072,-7.876195907592773,0.8505744934082031,0.42349933587309707,0.8823680737493456,0.20512165888300404,-0.905748996037067,0.40834814397729824,0.11344844418563489,0.01634223647151957,-0.23383407736719114,0.9721391647130279,0.009804762899875641,0.031239861622452736,-0.2862318456172943
9.5,0.0,0.5750129295885563,0.588083622045815,0.018169169165194066,74.81503295898438,-56.21629333496094,-44.55533218383789,7.035351276397705,-7.874515056610107,0.9540692567825317,0.4204279672003809,0.8838258671564827,0.20516374177921107,-0.9071701328174058,0.4052783896702856,0.11310073823945854,0.016812927163518815,-0.2336691323460408,0.9721707988151272,0.00882781483232975,0.024671602994203568,-0.2805149555206299
9.51,0.0,0.5633251428976656,0.5733657125383615,0.014631033353507572,74.89942169189453,-56.3107795715332,-44.54325866699219,7.029490947723389,-7.872697353363037,1.057870626449585,0.4174264981226302,0.8852424260829139,0.20518519860826856,-0.9085453233160561,0.4022645659364009,0.11282116145706961,0.01733534382701908,-0.23351459495037097,0.9721987552962426,0.007934424094855785,0.01948060840368271,-0.27491217851638794
9.52,0.0,0.5518873072974384,0.5595646612346172,0.011803254466503876,74.9837417602539,-56.40523910522461,-44.529937744140625,7.023617744445801,-7.8707404136657715,1.161950707435608,0.4144906655934437,0.8866193265840986,0.2051917587610761,-0.9098775937741187,0.39930552450503765,0.11259601435031635,0.017895599563128292,-0.23336938065503893,0.9722234720932013,0.007121049799025059,0.015378868207335472,-0.269421249628067
9.53,0.0,0.5406939722038806,0.5465319333598018,0.009540907051414305,75.0679931640625,-56.49967575073242,-44.51536560058594,7.017721652984619,-7.868642330169678,1.2662853002548218,0.41161726428093104,0.8879578907496457,0.20518774817547503,-0.9111693674129988,0.39640053232512806,0.1124144201628536,0.018482738814299335,-0.23323250679910626,0.9722453322789095,0.006383274216204882,0.012138246558606625,-0.2640399634838104
9.54,0.0,0.5297395782638341,0.5341490502469242,0.007728774575516573,75.15216827392578,-56.59408950805664,-44.499542236328125,7.011795997619629,-7.866400241851807,1.3708536624908447,0.40880355153203785,0.889259396400898,0.20517646592020006,-0.9124227626420188,0.39354880295962247,0.11226772422096415,0.01908817611765655,-0.23310312224798452,0.9722646635205573,0.005715159699320793,0.009578200057148933,-0.25876614451408386
9.55,0.0,0.5190182305499911,0.5223213890567422,0.00627504155039782,75.23627471923828,-56.688472747802734,-44.48246383666992,7.00583028793335,-7.864009380340576,1.4756367206573486,0.4060472568102568,0.8905250447871373,0.2051603515393076,-0.9136396068748638,0.3907496221552209,0.11214901486458237,0.019705176639898847,-0.23298042276641825,0.9722817640073126,0.005112067796289921,0.007555676158517599,-0.2535976469516754
9.56,0.0,0.5085244315303862,0.5109731319826096,0.005106975706294148,75.3203125,-56.7828254699707,-44.46412658691406,6.999817848205566,-7.861466407775879,1.5806176662445068,0.4033460395167322,0.8917561492966356,0.2051412747298878,-0.9148216894692228,0.3880018799974715,0.11205274470134427,0.020328523872715484,-0.23286371832053268,0.9722968887161432,0.004569161217659712,0.005958401132375002,-0.24853236973285675
9.57,0.0,0.49825272138230503,0.500043940031901,0.0041671824827790305,75.4042739868164,-56.87714767456055,-44.44453048706055,6.993751049041748,-7.858767032623291,1.6857810020446777,0.40069843703050356,0.8929537025842463,0.20512056845279275,-0.9159703536532501,0.3853050894767879,0.11197454733833198,0.02095408765972563,-0.23275238573292803,0.9723102658853185,0.0040820203721523285,0.00469698803499341,-0.24356824159622192
9.58,0.0,0.48819780848920347,0.48948497720994055,0.003409819314256324,75.48816680908203,-56.971435546875,-44.423667907714844,6.98762321472168,-7.855907440185547,1.7911124229431152,0.3981029250204995,0.8941187727063812,0.20509919888716627,-0.9170869214488909,0.38265850192265427,0.11191089944105428,0.021578683869003093,-0.23264584930822382,0.9723221015703267,0.0036447253078222275,0.003701687790453434,-0.23870325088500977
9.59,0.0,0.4783541303500533,0.47925734566524625,0.002798472475260494,75.57198333740234,-57.06568908691406,-44.40154266357422,6.98142671585083,-7.85288143157959,1.896598219871521,0.3955578845082053,0.8952524898107646,0.2050778864017767,-0.9181727103403687,0.3800611154059398,0.11185894037855998,0.022199864630547822,-0.23254360460786622,0.9723325758023156,0.0032520699314773083,0.00291632954031229,-0.2339354008436203
9.6,0.0,0.4687163398694247,0.46932896645739675,0.0023037029523402253,75.65572357177734,-57.15990447998047,-44.378150939941406,6.975155353546143,-7.849685192108154,2.002225637435913,0.3930620774351561,0.8963558331370942,0.20505712297665996,-0.9192288318164221,0.377512175487987,0.1118164214940872,0.022815741052514438,-0.23244521453330247,0.9723418453408202,0.002900482853874564,0.002296019345521927,-0.22926278412342072
9.61,0.0,0.4592796937888488,0.4596735779196024,0.0019021352147683412,75.73938751220703,-57.25408172607422,-44.35348892211914,6.9688029289245605,-7.846313953399658,2.1079821586608887,0.3906143629128668,0.8974297477781898,0.2050372339087463,-0.9202563196998277,0.375010919730111,0.11178155543606061,0.023424891434200706,-0.23235029134036167,0.9723500483752469,0.0025859952438622713,0.0018066562479361892,-0.224683478474617
9.62,0.0,0.4500393157126382,0.4502702850732021,0.0015756868873723073,75.8229751586914,-57.34821701049805,-44.32755661010742,6.962362289428711,-7.8427629470825195,2.213855743408203,0.3882137472078454,0.8984751153243311,0.20501842263994952,-0.9212561134782222,0.372556653573623,0.11175291162660816,0.024026232701864284,-0.2322584918166682,0.9723573073316221,0.0023047944996505976,0.0014209822984412313,-0.22019563615322113
9.63,0.0,0.44099051887635143,0.4411017634556629,0.0013097377191297888,75.90647888183594,-57.44230651855469,-44.300357818603516,6.955827713012695,-7.839026927947998,2.3198342323303223,0.38585925104882746,0.8994928075198936,0.2050007990228762,-0.9222291183896918,0.3701486436865068,0.11172929235975423,0.02461892715391853,-0.23216948722219974,0.9723637373065549,0.0020547087769955397,0.0011167312040925026,-0.21579742431640625
9.64,0.0,0.4321290729148313,0.43215321423485875,0.001092589884065076,75.98991394042969,-57.53635025024414,-44.271881103515625,6.949193000793457,-7.835101127624512,2.425906181335449,0.38354948960510615,0.9004838546223147,0.20498443011165732,-0.9231763776476668,0.3677856853830793,0.11170973717913571,0.025202475612437963,-0.23208299634362914,0.9723694349531805,0.0018318872898817062,0.0008767768158577383,-0.2114870697259903
9.65,0.38708759072236065,0.8105380208697105,0.8105001185822701,0.3880022698256588,76.0732650756836,-57.630348205566406,-44.242156982421875,6.940986156463623,-7.831783771514893,2.5250959396362305,0.3812842636559616,0.9014487812714882,0.20496927826501232,-0.9240984205538434,0.3654677352447362,0.11169352543892358,0.025776334460571412,-0.23199876990887752,0.9723744913059703,0.0016317786648869514,0.000688239699229598,-0.20726278424263
9.66,0.9787130246061271,1.3936628555442578,1.3935827129410019,0.9794814069086126,76.156494140625,-57.72431564331055,-44.21134948730469,6.928410530090332,-7.830624103546143,2.6040613651275635,0.37906223252966664,0.9023885547566609,0.20495541006230988,-0.9249962225568474,0.3631935506227445,0.11168004764328779,0.026340313688110614,-0.23191666828891053,0.9723789625678784,0.0014539987314492464,0.0005393456667661667,-0.20312285423278809
9.67,1.4763052895154318,1.882929037651185,1.882820670814391,1.4769530020189918,76.23953247070312,-57.81828689575195,-44.17974853515625,6.910564422607422,-7.8321709632873535,2.6583659648895264,0.37688251096951586,0.9033039807358584,0.20494265371577725,-0.9258705483966138,0.3609623488072553,0.11166875281520502,0.026894247285744327,-0.2318363671435126,0.9723829483966858,0.0012983839260414243,0.0004210842598695308,-0.19906559586524963
9.68,1.7006603431593974,2.0991291147106677,2.0990020770198314,1.7012084651101032,76.32232666015625,-57.91229248046875,-44.147613525390625,6.888882160186768,-7.835704326629639,2.694653034210205,0.3747443690164314,0.9041957305882286,0.2049310583501104,-0.9267220787256617,0.35877344744947537,0.11165931312527005,0.027438051914544626,-0.23175783523160165,0.9723864762098949,0.0011548061156645417,0.0003296174400020391,-0.19508938491344452
9.69,1.8896620859315187,2.28014110534848,2.280005664478409,1.8901271442415921,76.40485382080078,-58.006343841552734,-44.1151123046875,6.865001678466797,-7.840369701385498,2.720590829849243,0.37264713548517703,0.9050644694075447,0.2049205178373591,-0.9275514528562254,0.35662623106004965,0.11165139329273663,0.02797167708589278,-0.2316808959235597,0.9723896069709195,0.0010278886184096336,0.0002557399857323617,-0.19119256734848022
9.7,1.9553058721346934,2.3379582578724403,2.33781887682452,1.955700993168346,76.4870834350586,-58.100460052490234,-44.082340240478516,6.839752197265625,-7.84574031829834,2.7400434017181396,0.3705902288329621,0.9059107948277401,0.20491099069621635,-0.9283592570079735,0.3545201483217445,0.11164476862590358,0.028495126269873244,-0.23160547542858392,0.9723923752942346,0.000913934491109103,0.00020006961131002754,-0.18737360835075378
9.71,1.9737455627625744,2.3487304024317703,2.348592814269737,1.9740832205359178,76.56900787353516,-58.194644927978516,-44.049354553222656,6.8140034675598145,-7.851356029510498,2.7571065425872803,0.36857239263626296,0.9067355680777595,0.20490241816309396,-0.9291463270747028,0.3524539717092434,0.11163915401851385,0.029008520644286898,-0.23153143935345552,0.9723948263544737,0.0008109965128824115,0.00015708776481915265,-0.18363089859485626
9.72,1.9746243999172641,2.342097056200326,2.3419647409893862,1.974913802893023,76.65061950683594,-58.28889083862305,-44.016170501708984,6.788145542144775,-7.857008934020996,2.773620128631592,0.36659334638110075,0.9075392422415092,0.20489470998738213,-0.9299130967965832,0.3504274414759202,0.11163440628600496,0.02951187549605276,-0.2314587048532583,0.9723969956516514,0.0007217085803858936,0.00012229989806655794,-0.17996293306350708
9.73,1.978312669846526,2.3384261802044404,2.3382996859225735,1.9785614640264595,76.73191833496094,-58.38321304321289,-43.9827880859375,6.762293338775635,-7.862636566162109,2.790127754211426,0.3646520719879751,0.9083225559777761,0.20488777586004542,-0.9306602739644736,0.34843955357697554,0.11163033623280363,0.0300053471775851,-0.23138714701788773,0.9723989239687973,0.0006408349145203829,9.840147686190903e-05,-0.17636820673942566
9.74,1.984811884352471,2.337714914909098,2.337597498569753,1.9850277021686775,76.81291198730469,-58.477596282958984,-43.9492073059082,6.736433982849121,-7.868246078491211,2.8065662384033203,0.3627480632738437,0.9090860204248185,0.20488155129059843,-0.9313883517497269,0.34648980854179445,0.1116268372820699,0.030489027796940377,-0.23131670939393295,0.972400637154851,0.0005697301821783185,7.759329309919849e-05,-0.17284530401229858
9.75,1.9854612327407435,2.3312999706127067,2.3311906374118903,1.985648159234659,76.89360046386719,-58.57204818725586,-43.91543197631836,6.710573196411133,-7.873834609985352,2.822965383529663,0.3608802678766879,0.9098303464430655,0.2048759940757862,-0.932098018572584,0.34457714651609184,0.11162380513085295,0.03096313986521501,-0.23124733682816617,0.9724021560957009,0.0005083905416540802,6.42074883216992e-05,-0.16939274966716766
9.76,1.9860371076903367,2.324954788565502,2.324854710768833,1.9862013929753277,76.97396850585938,-58.666568756103516,-43.8814582824707,6.684741020202637,-7.879385471343994,2.839461326599121,0.35904839375398323,0.9105559357533504,0.2048710296919139,-0.9327896578862822,0.34270127472158296,0.11162119173613357,0.031427775662257046,-0.2311789872988949,0.9724035020239182,0.0004495451576076448,4.886340320808813e-05,-0.16600914299488068
9.77,1.992320200283828,2.3244553680145676,2.3243629179751935,1.9924615137264103,77.05403137207031,-58.76115036010742,-43.847286224365234,6.658917427062988,-7.884909629821777,2.8559648990631104,0.3572517409744126,0.9112633359795878,0.20486660555128222,-0.9334637959974096,0.34086147550537416,0.11161897723239578,0.03188314810143501,-0.23111163323306055,0.9724046883121704,0.00039776775520294905,3.5772231058217585e-05,-0.1626931130886078
9.78,1.9985342340454513,2.3240238798390194,2.323938346338196,1.998655539777333,77.1337890625,-58.855804443359375,-43.81291580200195,6.633072376251221,-7.89042329788208,2.87233304977417,0.3554897660729752,0.9119530260529093,0.20486264786515684,-0.9341208892735157,0.3390572002331106,0.11161710976790662,0.032329405194620436,-0.2310452190438621,0.9724057364684434,0.0003527049266267568,2.6737459847936407e-05,-0.15944331884384155
9.79,1.996016145150735,2.3149944861193408,2.314916151568342,1.9961212171615816,77.21322631835938,-58.950523376464844,-43.778350830078125,6.607235431671143,-7.895910739898682,2.8887064456939697,0.35376188664498454,0.9126254879325741,0.20485908896900823,-0.9347613981390726,0.3372878626821133,0.11161552865268434,0.03276669202814658,-0.23097968842121772,0.9724066677220852,0.00031849482911638916,1.8658771296031773e-05,-0.15625841915607452
9.8,2.0049835118233164,2.3175831587910354,2.3175096795211134,2.0050756498645343,77.2923583984375,-59.04530334472656,-43.743587493896484,6.581408500671387,-7.901370048522949,2.9050912857055664,0.3520672640468795,0.9132812961968955,0.2048558410284257,-0.9353858670500956,0.33555262107312245,0.11161414880694409,0.0331952000970919,-0.23091494648003258,0.9724075103487415,0.00028253498021513224,1.327693371422356e-05,-0.15313713252544403
9.81,2.0081108186936993,2.3144585428394433,2.3143917222114445,2.0081909162554124,77.37118530273438,-59.14015579223633,-43.7086296081543,6.555557727813721,-7.906821250915527,2.9213273525238037,0.35040546493980085,0.913920826059308,0.2048529566186298,-0.9359946780406366,0.3338510191386105,0.11161299073009548,0.03361506834631163,-0.23085107908602767,0.9724082509239056,0.0002510941412765533,1.0071648830489721e-05,-0.1500781625509262
9.82,2.0171026772985,2.3173242868770845,2.3172640382247676,2.0171729975996473,77.44969177246094,-59.23507308959961,-43.67347717285156,6.5296854972839355,-7.912262439727783,2.937422513961792,0.3487757123239065,0.9145445951461899,0.20485039902778626,-0.9365883314169234,0.33218227504359477,0.11161197785419238,0.03402645950748967,-0.2307880404955013,0.9724089059740414,0.0002232032857136801,7.129327968868893e-06,-0.14708031713962555
9.83,2.0084008841012393,2.302619551234776,2.302565083044475,2.0084624816195094,77.52789306640625,-59.33005142211914,-43.63813018798828,6.5038299560546875,-7.917673587799072,2.953559398651123,0.3471773390166596,0.9151530800644214,0.20484807863857046,-0.9371672745028146,0.3305457121171891,0.11161107383188539,0.03442956395712321,-0.2307257511625932,0.9724094985530425,0.00019796205742750317,4.529080342763336e-06,-0.14414232969284058
9.84,2.014230802969608,2.3025669324902203,2.3025177268954606,2.0142845376447105,77.60578918457031,-59.42509078979492,-43.60258865356445,6.478024959564209,-7.92303466796875,2.969900608062744,0.3456097491964335,0.9157466850352066,0.204846064417671,-0.9377319183461529,0.32894070379459206,0.11161031628824702,0.0348245685575921,-0.2306643063721579,0.9724100098161417,0.00017667420615907758,3.4971751574630616e-06,-0.14126300811767578
9.85,2.022889149941734,2.305461101470687,2.305416914764664,2.0229368338229143,77.68336486816406,-59.52020263671875,-43.56685256958008,6.452192783355713,-7.928389072418213,2.9860754013061523,0.3440723732214268,0.9163258294560487,0.20484427318687676,-0.9382826570779771,0.3273666797786722,0.1116096429408307,0.03521160905818696,-0.23060362365403742,0.9724104644362691,0.0001577787916176021,2.7739856705011334e-06,-0.13844120502471924
9.86,2.0228255902359527,2.299749022771212,2.2997093872782264,2.0228679997146086,77.76063537597656,-59.615379333496094,-43.53092575073242,6.42634391784668,-7.933730602264404,3.0021328926086426,0.34256480399548683,0.9168908527902064,0.20484266922001795,-0.9388198172597972,0.32582322295607213,0.11160904131296284,0.035590810384349025,-0.23054368664564567,0.9724108713728059,0.00014032452600076795,1.4154961718304548e-06,-0.13567575812339783
9.87,2.0227056458141788,2.294093646437735,2.2940578698090603,2.0227428379390253,77.83760070800781,-59.71061706542969,-43.49480056762695,6.400522232055664,-7.939035892486572,3.0182783603668213,0.34108637957524723,0.9174421794728944,0.20484122874137403,-0.9393438085232018,0.324309655100639,0.11160849876972283,0.03596235611548623,-0.23048447872368777,0.9724112370854694,0.00012460861762519926,-3.1767126529302914e-07,-0.13296553492546082
9.88,2.025418345372064,2.2913818134635684,2.291349256387353,2.025450584777014,77.91425323486328,-59.80591583251953,-43.4584846496582,6.374720573425293,-7.944307804107666,3.0344817638397217,0.33963678971320044,0.9179800895742941,0.2048399526910757,-0.9398549067505703,0.322825647447042,0.11160804454552056,0.036326372378590835,-0.23042603259087066,0.9724115580217272,0.00011167101183673367,1.0169759434575099e-06,-0.13030944764614105
9.89,2.0280757808783343,2.2887237106336937,2.288695184658588,2.0281053238293834,77.99059295654297,-59.901275634765625,-43.421974182128906,6.34892463684082,-7.949554920196533,3.050673007965088,0.3382152885051325,0.9185050258395758,0.20483880523189488,-0.9403535373146376,0.3213704495255383,0.11160761188916364,0.036683013524501346,-0.23036829573357875,0.9724118493928217,9.846210741670802e-05,3.972766080551082e-06,-0.12770642340183258
9.9,2.033567783332683,2.2890062302842766,2.2889826165193883,2.0335953698636517,78.0666275024414,-59.99669647216797,-43.38526916503906,6.323121547698975,-7.954783916473389,3.0667922496795654,0.336821418209137,0.9190173004570479,0.20483782291419222,-0.9408400129498482,0.3199435756511235,0.11160725080434314,0.03703244885388174,-0.230311332461549,0.972412097760857,8.745923696551472e-05,1.641640551497403e-06,-0.12515537440776825
9.91,2.030344845481288,2.280678333698436,2.2806564151171003,2.0303684057031752,78.14234924316406,-60.09217834472656,-43.34836959838867,6.297329425811768,-7.95998477935791,3.082923173904419,0.33545458549678964,0.9195172940670076,0.20483692777637902,-0.9413146881934071,0.31854442478337563,0.11160693182225367,0.037374842615399195,-0.23025506585332023,0.9724123229311511,7.770188676659018e-05,-8.03602745236276e-07,-0.12265527248382568
9.92,2.0357348271715807,2.2810655746297916,2.2810449703378595,2.0357546278607677,78.21775817871094,-60.1877326965332,-43.311279296875,6.27155876159668,-7.965151786804199,3.0991175174713135,0.33411444095021736,0.9200052745885533,0.20483611761055276,-0.9417778257034103,0.31717263377561977,0.11160666376696961,0.0377103084299316,-0.23019951153961438,0.9724125243563261,7.014151196926832e-05,-1.4864175454931683e-06,-0.1202051118016243
9.93,2.038186141406206,2.2786146018025666,2.2785956218006818,2.0382036349905452,78.29286193847656,-60.28335189819336,-43.27399444580078,6.2457804679870605,-7.970300674438477,3.115233898162842,0.33280029695838564,0.9204816313569726,0.20483536969678137,-0.9422297992304511,0.31582749935445975,0.11160643392588446,0.0380390297793515,-0.2301446436176943,0.9724127082815867,6.252645835047588e-05,-2.5627191462263e-06,-0.11780387908220291
9.94,2.043476633157998,2.2791006482015748,2.279083109962831,2.043491608677596,78.36766052246094,-60.379032135009766,-43.23651123046875,6.219994068145752,-7.975432395935059,3.13127064704895,0.3315117975056633,0.9209466170674111,0.20483470562054612,-0.9426708622036849,0.3145086550712478,0.11160623386458524,0.03836109574459112,-0.23009049175784424,0.9724128711282609,5.67999086342752e-05,-1.943844836205244e-06,-0.11545060575008392
9.95,2.0487184962230027,2.279634475699415,2.2796187358007525,2.048732292276829,78.44214630126953,-60.47477340698242,-43.19884490966797,6.194185733795166,-7.98055362701416,3.1471621990203857,0.33024818166038516,0.9214006341605664,0.20483410330927654,-0.9431014019507359,0.313215333808452,0.11160600479282637,0.03867666154886744,-0.23003701014351172,0.9724130242935192,4.849859396927059e-05,-2.460809582771617e-06,-0.11314433813095093
9.96,2.0452499722542288,2.2715512581505624,2.2715374181113392,2.045261351483869,78.51631927490234,-60.57057571411133,-43.160980224609375,6.168386936187744,-7.9856486320495605,3.1630568504333496,0.32900940732379924,0.9218438147514421,0.20483356926283305,-0.9435215496139076,0.3119474685732204,0.1116058343677911,0.03898583469176389,-0.2299842561030409,0.9724131563477107,4.268978591426276e-05,-2.844125674528186e-06,-0.11088413745164871
9.97,2.053287023907601,2.275066398155236,2.275053876748061,2.0532967011891015,78.5901870727539,-60.666439056396484,-43.12293243408203,6.142600059509277,-7.990715503692627,3.178962230682373,0.32779477734138984,0.9222765247579087,0.20483309261001556,-0.9439316581517053,0.31070434849389084,0.11160570131475675,0.039288785762359335,-0.2299322067642142,0.9724132720226818,3.875053153024055e-05,-2.3215216060634702e-06,-0.10866907984018326
9.98,2.0555024629711194,2.2728506977896834,2.272839461890683,2.055511377348514,78.66374206542969,-60.76236343383789,-43.084686279296875,6.116790294647217,-7.995772361755371,3.1947171688079834,0.3266039273679363,0.9226990016010662,0.2048326806743379,-0.944331962203259,0.30948560146831927,0.11160558966796917,0.03958560078086783,-0.22988087116632416,0.972413371608304,3.474216646282002e-05,-3.118604126939317e-06,-0.10649825632572174
9.99,2.0852492795709425,2.2257762797311207,2.2982442329203225,2.0127782077776137,78.73698425292969,-60.85834884643555,-43.04625701904297,6.091015815734863,-8.000788688659668,3.210592746734619,0.3254361943321489,0.9231185835451386,0.20480079133691134,-0.9447227916268862,0.3082943640629562,0.1115949464255468,0.03987643915034306,-0.2297970099906323,0.9724213098241185,0.01116342842578888,-5.3004705478088e-06,-0.10437078773975372
10.0,2.0262607462279854,2.1376299040072886,2.234999671472219,1.9288856782925072,78.80992126464844,-60.95438766479492,-43.00762939453125,6.065575122833252,-8.00560188293457,3.22798490524292,0.3242913976039612,0.9235828926762142,0.2045231766717561,-0.945104308583897,0.30715631549181976,0.11150266252266722,0.04016136621460553,-0.22945508974378082,0.9724903220363943,0.041559524834156036,-3.0240997148212045e-05,-0.10228580981492996
